Name,SetId,Number
"_____'s Pikachu","","24"
"Aaron's Collection","","88"
"Abomasnow","","26"
"Abomasnow","","19"
"Abomasnow","","12"
"Abomasnow","","42"
"Abomasnow","","38"
"Abomasnow","","4"
"Abomasnow","","60"
"Abomasnow","","11"
"Abomasnow","","101"
"Abomasnow","","TG01"
"Abomasnow","","43"
"Abomasnow","","13"
"Abomasnow","","10"
"Abomasnow","","40"
"Abra","","43"
"Abra","","65"
"Abra","","49"
"Abra","","67"
"Abra","","69"
"Abra","","93"
"Abra","","46"
"Abra","","54"
"Abra","","63"
"Abra","","148"
"Abra","","80"
"Absol","","67"
"Absol","","21"
"Absol","","15"
"Absol","","18"
"Absol","","1"
"Absol","","96"
"Absol","","91"
"Absol","","63"
"Absol","","133"
"Absol","","81"
"Absol","","88"
"Absol","","113"
"Absol","","30"
"Absol","","97"
"Absol","","76"
"Absol","","GG16"
"Absol","","38"
"Absol","","164"
"Absol","","40"
"Absol","","XY178"
"Absol ex","","92"
"Absol ex","","135"
"Absol ex","","214"
"Absol G","","1"
"Absol G LV.X","","141"
"Absol-EX","","XY62"
"Academy at Night","","54"
"Accelgor","","8"
"Accelgor","","12"
"Accelgor","","11"
"Accelgor","","9"
"Accelgor","","94"
"Accelgor","","13"
"Accelgor","","10"
"Accelgor","","14"
"Accompanying Flute","","142"
"Ace Trainer","","69"
"Acerola","","112"
"Acerola","","112a"
"Acerola","","142"
"Acerola's Mischief","","113"
"Acerola's Mischief","","165"
"Acerola's Mischief","","183"
"Acerola's Mischief","","180"
"Acerola's Premonition","","129"
"Acerola's Premonition","","TG24"
"Acro Bike","","123"
"Acro Bike","","123a"
"Acro Bike","","178"
"Acro Bike","","122"
"Adaman","","135"
"Adaman","","181"
"Adaman","","199"
"Adaman","","GG57"
"Adventure Bag","","167"
"Adventure Bag","","228"
"Adventurer's Discovery","","TG23"
"Adventurer's Discovery","","224"
"Aegislash","","95"
"Aegislash","","49"
"Aegislash","","109"
"Aegislash","","134"
"Aegislash","","210"
"Aegislash","","60"
"Aegislash","","135"
"Aegislash","","107"
"Aegislash","","108"
"Aegislash","","85"
"Aegislash","","86"
"Aegislash","","100"
"Aegislash","","62"
"Aegislash ex","","135"
"Aegislash ex","","230"
"Aegislash V","","126"
"Aegislash V","","177"
"Aegislash VMAX","","127"
"Aegislash VMAX","","190"
"Aegislash-EX","","65"
"Aegislash-EX","","65a"
"Aerodactyl","","1"
"Aerodactyl","","16"
"Aerodactyl","","53"
"Aerodactyl","","15"
"Aerodactyl","","13"
"Aerodactyl","","130"
"Aerodactyl","","142"
"Aerodactyl","","76"
"Aerodactyl ex","","94"
"Aerodactyl GL","","55"
"Aerodactyl Spirit Link","","XY99"
"Aerodactyl V","","92"
"Aerodactyl V","","179"
"Aerodactyl V","","180"
"Aerodactyl VSTAR","","93"
"Aerodactyl VSTAR","","199"
"Aerodactyl δ","","35"
"Aerodactyl-EX","","XY97"
"Aerodactyl-GX","","106"
"Aerodactyl-GX","","224"
"Aerodactyl-GX","","244"
"Aether Foundation Employee","","168"
"Aether Foundation Employee","","SV81"
"Aether Paradise Conservation Area","","116"
"Aether Paradise Conservation Area","","SV87"
"Agatha","","129"
"Agatha","","186"
"Agatha","","210"
"Aggron","","59"
"Aggron","","80"
"Aggron","","1"
"Aggron","","2"
"Aggron","","14"
"Aggron","","125"
"Aggron","","67"
"Aggron","","122"
"Aggron","","89"
"Aggron","","123"
"Aggron","","111"
"Aggron ex","","89"
"Aggron ex","","95"
"Aggron Spirit Link","","123"
"Aggron V","","96"
"Aggron VMAX","","97"
"Aggron-EX","","93"
"Aggron-EX","","153"
"Aipom","","99"
"Aipom","","70"
"Aipom","","50"
"Aipom","","51"
"Aipom","","67"
"Aipom","","34"
"Aipom","","43"
"Aipom","","55"
"Aipom","","78"
"Aipom","","26"
"Aipom","","41"
"Aipom","","56"
"Aipom","","169"
"Aipom","","SM244"
"Aipom","","145"
"Aipom","","211"
"Aipom","","137"
"Aipom","","144"
"Aipom","","90"
"Air Balloon","","166"
"Air Balloon","","181"
"Air Balloon","","156"
"Air Balloon","","213"
"Air Balloon","","79"
"Alakazam","","1"
"Alakazam","","2"
"Alakazam","","33"
"Alakazam","","H1"
"Alakazam","","56"
"Alakazam","","82"
"Alakazam ★","","99"
"Alakazam E4","","38"
"Alakazam E4 LV.X","","103"
"Alakazam ex","","65"
"Alakazam ex","","188"
"Alakazam ex","","201"
"Alakazam ex","","215"
"Alakazam ex","","50"
"Alakazam Spirit Link","","90"
"Alakazam V","","172"
"Alakazam V","","SWSH083"
"Alakazam-EX","","25"
"Alakazam-EX","","117"
"Alakazam-EX","","125"
"Alcremie","","44"
"Alcremie","","65"
"Alcremie","","87"
"Alcremie","","81"
"Alcremie","","SV058"
"Alcremie","","71"
"Alcremie","","TG08"
"Alcremie","","SWSH058"
"Alcremie ex","","75"
"Alcremie V","","22"
"Alcremie V","","64"
"Alcremie VMAX","","23"
"Alcremie VMAX","","73"
"All-Night Party","","96"
"Allister","","TG24"
"Allister","","146"
"Allister","","179"
"Allister","","192"
"Alolan Diglett","","9"
"Alolan Diglett","","86"
"Alolan Diglett","","121"
"Alolan Diglett","","78"
"Alolan Diglett","","122"
"Alolan Dugtrio","","11"
"Alolan Dugtrio","","87"
"Alolan Dugtrio","","122"
"Alolan Dugtrio","","79"
"Alolan Dugtrio","","123"
"Alolan Dugtrio","","208"
"Alolan Exeggutor","","2"
"Alolan Exeggutor","","95"
"Alolan Exeggutor","","2a"
"Alolan Exeggutor","","114"
"Alolan Exeggutor","","115"
"Alolan Exeggutor ex","","133"
"Alolan Exeggutor ex","","225"
"Alolan Exeggutor ex","","242"
"Alolan Exeggutor ex","","248"
"Alolan Exeggutor V","","5"
"Alolan Exeggutor V","","71"
"Alolan Exeggutor V","","SWSH225"
"Alolan Exeggutor-GX","","74"
"Alolan Exeggutor-GX","","107"
"Alolan Exeggutor-GX","","118"
"Alolan Geodude","","40"
"Alolan Geodude","","32"
"Alolan Geodude","","34"
"Alolan Geodude","","35"
"Alolan Geodude","","44"
"Alolan Golem","","42"
"Alolan Golem","","37"
"Alolan Golem","","46"
"Alolan Golem-GX","","34"
"Alolan Golem-GX","","102"
"Alolan Golem-GX","","113"
"Alolan Graveler","","41"
"Alolan Graveler","","33"
"Alolan Graveler","","36"
"Alolan Graveler","","45"
"Alolan Grimer","","57"
"Alolan Grimer","","127"
"Alolan Grimer","","130"
"Alolan Grimer","","83"
"Alolan Marowak","","75"
"Alolan Marowak","","12"
"Alolan Marowak","","64"
"Alolan Marowak","","57"
"Alolan Marowak-GX","","SM187"
"Alolan Meowth","","8"
"Alolan Meowth","","10"
"Alolan Meowth","","78"
"Alolan Meowth","","128"
"Alolan Meowth","","118"
"Alolan Meowth","","SM43"
"Alolan Meowth","","SM51"
"Alolan Muk","","58"
"Alolan Muk","","131"
"Alolan Muk","","84"
"Alolan Muk-GX","","84"
"Alolan Muk-GX","","138"
"Alolan Muk-GX","","157"
"Alolan Ninetales","","145"
"Alolan Ninetales","","28"
"Alolan Ninetales","","111"
"Alolan Ninetales","","SM128"
"Alolan Ninetales-GX","","22"
"Alolan Ninetales-GX","","132"
"Alolan Ninetales-GX","","150"
"Alolan Ninetales-GX","","205"
"Alolan Ninetales-GX","","225"
"Alolan Ninetales-GX","","SV53"
"Alolan Persian","","79"
"Alolan Persian","","119"
"Alolan Persian-GX","","129"
"Alolan Persian-GX","","219"
"Alolan Persian-GX","","257"
"Alolan Raichu","","57"
"Alolan Raichu","","31"
"Alolan Raichu","","SM65"
"Alolan Raichu","","SM72"
"Alolan Raticate","","42"
"Alolan Raticate","","77"
"Alolan Raticate","","82"
"Alolan Raticate-GX","","85"
"Alolan Rattata","","41"
"Alolan Rattata","","76"
"Alolan Rattata","","81"
"Alolan Rattata","","84"
"Alolan Sandshrew","","4"
"Alolan Sandshrew","","137"
"Alolan Sandshrew","","19"
"Alolan Sandshrew","","19a"
"Alolan Sandshrew","","28"
"Alolan Sandslash","","138"
"Alolan Sandslash","","20"
"Alolan Sandslash","","29"
"Alolan Sandslash","","SM18"
"Alolan Sandslash","","SM127"
"Alolan Sandslash-GX","","SM236"
"Alolan Vulpix","","39"
"Alolan Vulpix","","21"
"Alolan Vulpix","","21a"
"Alolan Vulpix","","27"
"Alolan Vulpix","","30"
"Alolan Vulpix","","53"
"Alolan Vulpix","","SV8"
"Alolan Vulpix V","","33"
"Alolan Vulpix V","","173"
"Alolan Vulpix VSTAR","","34"
"Alolan Vulpix VSTAR","","197"
"Alomomola","","38"
"Alomomola","","39"
"Alomomola","","37"
"Alomomola","","5"
"Alomomola","","36"
"Alomomola","","48"
"Alomomola","","22"
"Alomomola","","24"
"Alomomola","","108"
"Alph Lithograph","","ONE"
"Alph Lithograph","","TWO"
"Alph Lithograph","","THREE"
"Alph Lithograph","","FOUR"
"Altar of the Moone","","117"
"Altar of the Sunne","","118"
"Altaria","","92"
"Altaria","","84"
"Altaria","","152"
"Altaria","","BW48"
"Altaria","","12"
"Altaria","","2"
"Altaria","","1"
"Altaria","","RC24"
"Altaria","","18"
"Altaria","","80"
"Altaria","","40"
"Altaria","","40a"
"Altaria","","SV37"
"Altaria","","160"
"Altaria","","134"
"Altaria","","143"
"Altaria","","GG19"
"Altaria","","TG11"
"Altaria","","49"
"Altaria","","106"
"Altaria","","53"
"Altaria","","74"
"Altaria","","XY46"
"Altaria C","","49"
"Altaria ex","","90"
"Altaria ex","","140"
"Altaria ex","","232"
"Altaria ex","","253"
"Altaria ex δ","","90"
"Altaria Spirit Link","","91"
"Altaria-EX","","83"
"Altaria-EX","","123"
"Altaria-GX","","41"
"Altaria-GX","","68"
"Altaria-GX","","72"
"Altaria-GX","","SV77"
"Amarys","","93"
"Amarys","","132"
"Amarys","","170"
"Amaura","","27"
"Amaura","","25"
"Ambipom","","100"
"Ambipom","","3"
"Ambipom","","35"
"Ambipom","","13"
"Ambipom","","79"
"Ambipom","","107"
"Ambipom","","57"
"Ambipom","","170"
"Ambipom","","146"
"Ambipom","","138"
"Ambipom","","145"
"Ambipom","","91"
"Ambipom G","","56"
"Amoonguss","","10"
"Amoonguss","","9"
"Amoonguss","","13"
"Amoonguss","","14"
"Amoonguss","","SM202"
"Amoonguss","","12"
"Amoonguss","","11"
"Amoonguss","","96"
"Amoonguss ex","","11"
"Ampharos","","40"
"Ampharos","","BW67"
"Ampharos","","23"
"Ampharos","","1"
"Ampharos","","2"
"Ampharos","","34"
"Ampharos","","H1"
"Ampharos","","14"
"Ampharos","","105"
"Ampharos","","78"
"Ampharos","","109"
"Ampharos","","57"
"Ampharos","","49"
"Ampharos","","56"
"Ampharos ex","","89"
"Ampharos ex","","16"
"Ampharos Spirit Link","","70"
"Ampharos V","","49"
"Ampharos V","","171"
"Ampharos δ","","1"
"Ampharos-EX","","27"
"Ampharos-EX","","87"
"Ampharos-GX","","43"
"Ampharos-GX","","163"
"Ampharos-GX","","185"
"Amulet Coin","","97"
"Amulet of Hope","","162"
"Ancient Booster Energy Capsule","","159"
"Ancient Booster Energy Capsule","","140"
"Ancient Crystal","","118"
"Ancient Ruins","","119"
"Ancient Technical Machine [Ice]","","84"
"Ancient Technical Machine [Rock]","","85"
"Ancient Technical Machine [Steel]","","86"
"Ancient Tomb","","87"
"Annihilape","","109"
"Annihilape","","92"
"Annihilape","","47"
"Annihilape","","171"
"Annihilape","","100"
"Annihilape ex","","242"
"Annihilape ex","","32"
"Anorith","","46"
"Anorith","","29"
"Anorith","","26"
"Anorith","","27"
"Anorith","","28"
"Anorith","","111"
"Anorith","","95"
"Anorith","","56"
"Anorith δ","","57"
"Anthea & Concordia","","182"
"Anthea & Concordia","","254"
"Antique Cover Fossil","","129"
"Antique Cover Fossil","","60"
"Antique Dome Fossil","","152"
"Antique Helix Fossil","","153"
"Antique Old Amber","","154"
"Antique Plume Fossil","","79"
"Antique Root Fossil","","130"
"Appletun","","140"
"Appletun","","211"
"Appletun","","23"
"Appletun","","SV014"
"Appletun","","121"
"Appletun V","","26"
"Applin","","16"
"Applin","","17"
"Applin","","126"
"Applin","","185"
"Applin","","12"
"Applin","","138"
"Applin","","9"
"Applin","","20"
"Applin","","21"
"Applin","","SV012"
"Apricorn Forest","","118"
"Apricorn Maker","","121"
"Apricorn Maker","","124"
"Apricorn Maker","","161"
"Aqua Diffuser","","23"
"Aqua Energy","","86"
"Aqua Patch","","119"
"Aqua Patch","","161"
"Araquanid","","46"
"Araquanid","","49"
"Araquanid","","65"
"Araquanid","","15"
"Araquanid","","17"
"Araquanid","","33"
"Araquanid","","48"
"Araquanid","","20"
"Arbok","","31"
"Arbok","","33"
"Arbok","","3"
"Arbok","","35"
"Arbok","","29"
"Arbok","","63"
"Arbok","","27"
"Arbok","","37"
"Arbok","","101"
"Arbok","","176"
"Arbok","","34"
"Arbok","","48"
"Arbok ex","","24"
"Arbok ex","","185"
"Arbok δ","","13"
"Arboliva","","23"
"Arboliva","","21"
"Arboliva","","104"
"Arboliva ex","","23"
"Arboliva ex","","207"
"Arc Phone","","152"
"Arcade Game","","83"
"Arcanine","","23"
"Arcanine","","33"
"Arcanine","","36"
"Arcanine","","6"
"Arcanine","","12"
"Arcanine","","13"
"Arcanine","","22"
"Arcanine","","2"
"Arcanine","","H2"
"Arcanine","","3"
"Arcanine","","15"
"Arcanine","","18"
"Arcanine","","1"
"Arcanine","","50"
"Arcanine","","28"
"Arcanine","","59"
"Arcanine","","11"
"Arcanine","","20"
"Arcanine","","SWSH304"
"Arcanine BREAK","","XY180"
"Arcanine ex","","83"
"Arcanine ex","","32"
"Arcanine ex","","224"
"Arcanine G","","15"
"Arceus","","DP50"
"Arceus","","AR1"
"Arceus","","AR2"
"Arceus","","AR3"
"Arceus","","AR4"
"Arceus","","AR5"
"Arceus","","AR6"
"Arceus","","AR7"
"Arceus","","AR8"
"Arceus","","AR9"
"Arceus","","XY83"
"Arceus","","XY116"
"Arceus","","XY197"
"Arceus & Dialga & Palkia-GX","","156"
"Arceus & Dialga & Palkia-GX","","220"
"Arceus & Dialga & Palkia-GX","","221"
"Arceus & Dialga & Palkia-GX","","258"
"Arceus ◇","","96"
"Arceus LV.X","","DP53"
"Arceus LV.X","","DP56"
"Arceus LV.X","","94"
"Arceus LV.X","","95"
"Arceus LV.X","","96"
"Arceus V","","122"
"Arceus V","","165"
"Arceus V","","166"
"Arceus V","","SWSH204"
"Arceus V","","SWSH306"
"Arceus VSTAR","","GG70"
"Arceus VSTAR","","123"
"Arceus VSTAR","","176"
"Arceus VSTAR","","184"
"Arceus VSTAR","","SWSH307"
"Archaludon","","75"
"Archaludon","","107"
"Archaludon","","155"
"Archaludon","","70"
"Archaludon ex","","130"
"Archaludon ex","","224"
"Archaludon ex","","241"
"Archen","","53"
"Archen","","66"
"Archen","","50"
"Archen","","131"
"Archen","","120"
"Archen","","146"
"Archeops","","54"
"Archeops","","67"
"Archeops","","110"
"Archeops","","51"
"Archeops","","132"
"Archeops","","121"
"Archeops","","147"
"Archeops","","SWSH272"
"Archie","","71"
"Archie's Ace in the Hole","","124"
"Archie's Ace in the Hole","","157"
"Arctibax","","59"
"Arctibax","","209"
"Arctibax","","129"
"Arctibax","","64"
"Arctovish","","54"
"Arctovish","","SV037"
"Arctovish V","","48"
"Arctovish V","","176"
"Arctozolt","","66"
"Arctozolt","","SV046"
"Arctozolt","","SWSH036"
"Area Zero Underdepths","","131"
"Area Zero Underdepths","","174"
"Area Zero Underdepths","","94"
"Arezu","","153"
"Arezu","","189"
"Arezu","","204"
"Ariados","","20"
"Ariados","","3"
"Ariados","","H3"
"Ariados","","2"
"Ariados","","15"
"Ariados","","27"
"Ariados","","7"
"Ariados","","6"
"Ariados","","10"
"Ariados","","5"
"Ariados","","113"
"Ariados","","4"
"Ariados","","103"
"Ariados","","TG09"
"Armaldo","","18"
"Armaldo","","3"
"Armaldo","","1"
"Armaldo","","112"
"Armaldo","","96"
"Armaldo","","57"
"Armaldo ex","","84"
"Armaldo ex","","16"
"Armaldo δ","","1"
"Armarouge","","41"
"Armarouge","","203"
"Armarouge","","44"
"Armarouge","","15"
"Armarouge","","115"
"Armarouge","","34"
"Armarouge ex","","27"
"Armarouge ex","","218"
"Armarouge ex","","105"
"Armarouge ex","","125"
"Armor Fossil","","116"
"Armor Fossil","","119"
"Armor Fossil Shieldon","","98"
"Armored Mewtwo","","SM228"
"Aroma Lady","","141"
"Aroma Lady","","199"
"Aroma Lady","","221"
"Aromatic Grass Energy","","162"
"Aromatisse","","142"
"Aromatisse","","39"
"Aromatisse","","93"
"Aromatisse","","106"
"Aromatisse","","85"
"Aron","","57"
"Aron","","78"
"Aron","","71"
"Aron","","25"
"Aron","","49"
"Aron","","50"
"Aron","","48"
"Aron","","58"
"Aron","","44"
"Aron","","42"
"Aron","","56"
"Aron","","123"
"Aron","","65"
"Aron","","120"
"Aron","","87"
"Aron","","121"
"Aron","","109"
"Arrokuda","","62"
"Arrokuda","","52"
"Arrokuda","","41"
"Arrokuda","","SV031"
"Arrokuda","","82"
"Arrokuda","","SWSH093"
"Artazon","","171"
"Artazon","","229"
"Artazon","","76"
"Articuno","","2"
"Articuno","","17"
"Articuno","","22"
"Articuno","","48"
"Articuno","","32"
"Articuno","","27"
"Articuno","","1"
"Articuno","","4"
"Articuno","","H3"
"Articuno","","25"
"Articuno","","24"
"Articuno","","16"
"Articuno","","148"
"Articuno","","SM144"
"Articuno","","144"
"Articuno","","161"
"Articuno","","36"
"Articuno ex","","114"
"Articuno ex","","32"
"Articuno-EX","","25"
"Articuno-EX","","132"
"Articuno-GX","","31"
"Articuno-GX","","154"
"Articuno-GX","","171"
"Articuno-GX","","SV54"
"Arven","","166"
"Arven","","235"
"Arven","","249"
"Arven","","186"
"Arven's Greedent","","159"
"Arven's Greedent","","205"
"Arven's Mabosstiff ex","","139"
"Arven's Mabosstiff ex","","218"
"Arven's Mabosstiff ex","","235"
"Arven's Maschiff","","138"
"Arven's Sandwich","","161"
"Arven's Skwovet","","158"
"Arven's Toedscool","","109"
"Arven's Toedscruel","","110"
"Ash-Greninja-EX","","XY133"
"Ash's Pikachu","","SM108"
"Ash's Pikachu","","SM109"
"Ash's Pikachu","","SM110"
"Ash's Pikachu","","SM111"
"Ash's Pikachu","","SM112"
"Ash's Pikachu","","SM113"
"Ash's Pikachu","","SM114"
"Aspertia City Gym","","127"
"Assault Vest","","133"
"Atticus","","77"
"Atticus","","133"
"Atticus","","134"
"Audino","","87"
"Audino","","RC17"
"Audino","","83"
"Audino","","85"
"Audino","","108"
"Audino","","126"
"Audino","","12"
"Audino","","177"
"Audino","","173"
"Audino","","124"
"Audino","","74"
"Audino","","151"
"Audino Spirit Link","","92"
"Audino-EX","","84"
"Aurora Energy","","186"
"Aurorus","","28"
"Aurorus","","26"
"Aurorus-EX","","XY102"
"Avalugg","","30"
"Avalugg","","45"
"Avalugg","","37"
"Avalugg","","31"
"Avery","","130"
"Avery","","187"
"Avery","","211"
"Awakening Drum","","141"
"Axew","","67"
"Axew","","86"
"Axew","","BW10"
"Axew","","BW16"
"Axew","","BW26"
"Axew","","12"
"Axew","","13"
"Axew","","154"
"Axew","","44"
"Axew","","110"
"Axew","","108"
"Axew","","109"
"Axew","","68"
"Axew","","145"
"AZ","","91"
"AZ","","117"
"Azelf","","38"
"Azelf","","4"
"Azelf","","19"
"Azelf","","85"
"Azelf","","43"
"Azelf","","80"
"Azelf","","67"
"Azelf","","XY142"
"Azelf LV.X","","140"
"Azumarill","","37"
"Azumarill","","18"
"Azumarill","","4"
"Azumarill","","H4"
"Azumarill","","114"
"Azumarill","","30"
"Azumarill","","1"
"Azumarill","","2"
"Azumarill","","35"
"Azumarill","","136"
"Azumarill","","45"
"Azumarill","","65"
"Azumarill","","34"
"Azumarill","","74"
"Azumarill","","59"
"Azumarill","","77"
"Azumarill","","103"
"Azumarill","","104"
"Azumarill ex","","84"
"Azumarill δ","","19"
"Azurill","","69"
"Azurill","","20"
"Azurill","","31"
"Azurill","","146"
"Babiri Berry","","163"
"Bagon","","62"
"Bagon","","76"
"Bagon","","53"
"Bagon","","6"
"Bagon","","43"
"Bagon","","23"
"Bagon","","49"
"Bagon","","50"
"Bagon","","52"
"Bagon","","SH10"
"Bagon","","103"
"Bagon","","104"
"Bagon","","42"
"Bagon","","112"
"Bagon","","107"
"Bagon","","1"
"Bagon","","54"
"Bagon","","55"
"Bagon δ","","57"
"Bagon δ","","58"
"Bagon δ","","43"
"Ball Guy","","57"
"Ball Guy","","65"
"Balloon Berry","","82"
"Balloon Berry","","84"
"Balloon Berry","","60"
"Baltoy","","63"
"Baltoy","","60"
"Baltoy","","59"
"Baltoy","","44"
"Baltoy","","32"
"Baltoy","","52"
"Baltoy","","53"
"Baltoy","","43"
"Baltoy","","89"
"Baltoy","","78"
"Baltoy","","94"
"Baltoy","","101"
"Baltoy","","102"
"Baltoy","","93"
"Baltoy","","70"
"Baltoy","","57"
"Baltoy","","144"
"Baltoy","","58"
"Baltoy","","31"
"Banette","","23"
"Banette","","1"
"Banette","","4"
"Banette","","14"
"Banette","","91"
"Banette","","234"
"Banette","","19"
"Banette","","65"
"Banette","","60"
"Banette","","73"
"Banette","","TG07"
"Banette","","68"
"Banette","","63"
"Banette","","31"
"Banette","","32"
"Banette ex","","85"
"Banette ex","","88"
"Banette ex","","229"
"Banette-GX","","66"
"Banette-GX","","157"
"Banette-GX","","174"
"Banette-GX","","SV61"
"Barbaracle","","67"
"Barbaracle","","107"
"Barbaracle","","104"
"Barbaracle","","23"
"Barbaracle","","49"
"Barboach","","72"
"Barboach","","60"
"Barboach","","51"
"Barboach","","54"
"Barboach","","70"
"Barboach","","108"
"Barboach","","50"
"Barboach","","35"
"Barboach","","99"
"Barboach","","39"
"Barraskewda","","63"
"Barraskewda","","53"
"Barraskewda","","42"
"Barraskewda","","SV032"
"Barraskewda","","83"
"Barry","","130"
"Barry","","167"
"Basculin","","35"
"Basculin","","24"
"Basculin","","25"
"Basculin","","30"
"Basculin","","108"
"Basculin","","43"
"Basculin","","70"
"Basic Darkness Energy","","98"
"Basic Darkness Energy","","7"
"Basic Darkness Energy","","15"
"Basic Fighting Energy","","258"
"Basic Fighting Energy","","6"
"Basic Fighting Energy","","14"
"Basic Fire Energy","","230"
"Basic Fire Energy","","2"
"Basic Fire Energy","","10"
"Basic Grass Energy","","278"
"Basic Grass Energy","","1"
"Basic Grass Energy","","9"
"Basic Lightning Energy","","257"
"Basic Lightning Energy","","4"
"Basic Lightning Energy","","12"
"Basic Metal Energy","","99"
"Basic Metal Energy","","8"
"Basic Metal Energy","","16"
"Basic Psychic Energy","","207"
"Basic Psychic Energy","","5"
"Basic Psychic Energy","","13"
"Basic Water Energy","","279"
"Basic Water Energy","","3"
"Basic Water Energy","","11"
"Bastiodon","","21"
"Bastiodon","","20"
"Bastiodon","","1"
"Bastiodon","","14"
"Bastiodon","","85"
"Bastiodon","","110"
"Bastiodon","","70"
"Bastiodon GL","","2"
"Battle Cage","","85"
"Battle Cage","","116"
"Battle City","","BW39"
"Battle Compressor Team Flare Gear","","92"
"Battle Frontier","","71"
"Battle Frontier","","75"
"Battle Reporter","","88"
"Battle Reporter","","109"
"Battle Tower","","134"
"Battle VIP Pass","","225"
"Baxcalibur","","60"
"Baxcalibur","","210"
"Baxcalibur","","130"
"Baxcalibur","","19"
"Bayleef","","40"
"Bayleef","","41"
"Bayleef","","71"
"Bayleef","","35"
"Bayleef","","9"
"Bayleef","","28"
"Bayleef","","29"
"Bayleef","","7"
"Bayleef","","2"
"Bayleef δ","","26"
"Bea","","TG25"
"Bea","","123"
"Bea","","147"
"Bea","","180"
"Bea","","193"
"Beach Court","","167"
"Beach Court","","263"
"Beartic","","30"
"Beartic","","31"
"Beartic","","37"
"Beartic","","41"
"Beartic","","62"
"Beartic","","54"
"Beartic","","49"
"Beartic","","43"
"Beartic","","22"
"Beartic","","26"
"Beartic","","110"
"Beast Ball","","125"
"Beast Bringer","","164"
"Beast Bringer","","229"
"Beast Energy ◇","","117"
"Beast Ring","","102"
"Beast Ring","","102a"
"Beast Ring","","141"
"Beastite","","185"
"Beautifly","","8"
"Beautifly","","19"
"Beautifly","","2"
"Beautifly","","13"
"Beautifly","","219"
"Beautifly","","21"
"Beautifly","","6"
"Beautifly","","26"
"Beautifly","","5"
"Beauty","","148"
"Beauty","","181"
"Beauty","","194"
"Bebe's Search","","109"
"Bebe's Search","","119"
"Bebe's Search","","89"
"Bede","","157"
"Bede","","199"
"Bede","","207"
"Bede","","124"
"Bede","","50"
"Beedrill","","17"
"Beedrill","","21"
"Beedrill","","20"
"Beedrill","","3"
"Beedrill","","13"
"Beedrill","","5"
"Beedrill","","H4"
"Beedrill","","1"
"Beedrill","","12"
"Beedrill","","18"
"Beedrill","","15"
"Beedrill","","4"
"Beedrill","","7"
"Beedrill G","","53"
"Beedrill Spirit Link","","XY159"
"Beedrill V","","1"
"Beedrill V","","160"
"Beedrill V","","161"
"Beedrill δ","","1"
"Beedrill-EX","","XY157"
"Beginning Door","","DP54"
"Beginning Door","","82"
"Beheeyem","","56"
"Beheeyem","","62"
"Beheeyem","","70"
"Beheeyem","","91"
"Beheeyem","","74"
"Beheeyem","","80"
"Beheeyem","","41"
"Beheeyem","","121"
"Beheeyem BREAK","","XY135"
"Beldum","","50"
"Beldum","","83"
"Beldum","","84"
"Beldum","","45"
"Beldum","","28"
"Beldum","","29"
"Beldum","","54"
"Beldum","","55"
"Beldum","","44"
"Beldum","","43"
"Beldum","","22"
"Beldum","","90"
"Beldum","","92"
"Beldum","","93"
"Beldum","","SV30"
"Beldum","","113"
"Beldum","","61"
"Beldum","","117"
"Beldum","","116"
"Beldum","","1"
"Beldum","","47"
"Beldum δ","","59"
"Bellelba & Brycen-Man","","186"
"Bellibolt","","77"
"Bellibolt","","78"
"Bellibolt","","201"
"Bellibolt","","74"
"Bellibolt","","94"
"Bellibolt ex","","79"
"Bellibolt ex","","237"
"Bellossom","","4"
"Bellossom","","20"
"Bellossom","","5"
"Bellossom","","H5"
"Bellossom","","3"
"Bellossom","","16"
"Bellossom","","1"
"Bellossom δ","","19"
"Bellsprout","","49"
"Bellsprout","","66"
"Bellsprout","","85"
"Bellsprout","","45"
"Bellsprout","","68"
"Bellsprout","","53"
"Bellsprout","","57"
"Bellsprout","","13"
"Bellsprout","","1"
"Bellsprout","","69"
"Bench Shield","","83"
"Bent Spoon","","93"
"Bergmite","","29"
"Bergmite","","47"
"Bergmite","","44"
"Bergmite","","36"
"Bergmite","","30"
"Berry","","99"
"Bertha's Warmth","","90"
"Bewear","","12"
"Bewear","","112"
"Bewear","","182"
"Bewear","","113"
"Bewear","","111"
"Bewear","","56"
"Bewear","","SM49"
"Bewear","","53"
"Bewear","","79"
"Bewear","","150"
"Bewear","","151"
"Bewear-GX","","SM34"
"Bianca","","109"
"Bianca","","90"
"Bianca","","147"
"Bianca's Devotion","","142"
"Bianca's Devotion","","197"
"Bianca's Devotion","","209"
"Bibarel","","107"
"Bibarel","","20"
"Bibarel","","32"
"Bibarel","","60"
"Bibarel","","51"
"Bibarel","","16"
"Bibarel","","172"
"Bibarel","","GG25"
"Bibarel","","121"
"Bibarel","","SWSH188"
"Bibarel","","118"
"Bicycle","","117"
"Bidoof","","106"
"Bidoof","","70"
"Bidoof","","73"
"Bidoof","","54"
"Bidoof","","59"
"Bidoof","","91"
"Bidoof","","11"
"Bidoof","","171"
"Bidoof","","111"
"Bidoof","","GG29"
"Bidoof","","120"
"Bidoof","","29"
"Bidoof","","116"
"Bidoof","","117"
"Big Air Balloon","","155"
"Big Charm","","158"
"Big Charm","","206"
"Big Malasada","","114"
"Big Parasol","","157"
"Big Parasol","","199"
"Bill","","91"
"Bill","","118"
"Bill","","108"
"Bill","","89"
"Bill's Analysis","","51"
"Bill's Analysis","","133"
"Bill's Maintenance","","137"
"Bill's Maintenance","","71"
"Bill's Maintenance","","87"
"Bill's Maintenance","","6"
"Bill's Maintenance","","126"
"Bill's Maintenance","","162"
"Bill's Teleporter","","91"
"Bill's Transfer","","156"
"Bill's Transfer","","194"
"Billowing Smoke","","158"
"Billy & O'Nare","","142"
"Binacle","","66"
"Binacle","","106"
"Binacle","","103"
"Binacle","","22"
"Binacle","","48"
"Binacle","","38"
"Binding Mochi","","55"
"Binding Mochi","","95"
"Bird Keeper","","159"
"Bird Keeper","","66"
"Bisharp","","76"
"Bisharp","","82"
"Bisharp","","72"
"Bisharp","","79"
"Bisharp","","73"
"Bisharp","","74"
"Bisharp","","147"
"Bisharp","","135"
"Bisharp","","105"
"Bisharp","","133"
"Bisharp","","149"
"Bisharp","","186"
"Bisharp","","112"
"Bisharp","","134"
"Bisharp","","116"
"Bisharp","","93"
"Bisharp","","104"
"Bisharp","","20"
"Bisharp","","64"
"Bisharp","","65"
"Bisharp","","143"
"Blacephalon","","32"
"Blacephalon","","104"
"Blacephalon","","SM221"
"Blacephalon-GX","","52"
"Blacephalon-GX","","199"
"Blacephalon-GX","","219"
"Black Belt","","85"
"Black Belt's Training","","255"
"Black Belt's Training","","96"
"Black Belt's Training","","97"
"Black Belt's Training","","98"
"Black Belt's Training","","99"
"Black Belt's Training","","143"
"Black Belt's Training","","144"
"Black Belt's Training","","145"
"Black Kyurem","","100"
"Black Kyurem","","BW58"
"Black Kyurem","","61"
"Black Kyurem","","XY80"
"Black Kyurem","","XY160"
"Black Kyurem ex","","48"
"Black Kyurem ex","","218"
"Black Kyurem-EX","","100"
"Black Kyurem-EX","","101"
"Black Kyurem-EX","","145"
"Black Kyurem-EX","","95"
"Black Kyurem-EX","","BW62"
"Black Market ◇","","134"
"Blacksmith","","88"
"Blacksmith","","88a"
"Blaine","","17"
"Blaine","","100"
"Blaine's Arcanine","","1"
"Blaine's Charizard","","2"
"Blaine's Charmander","","61"
"Blaine's Charmander","","60"
"Blaine's Charmeleon","","31"
"Blaine's Dodrio","","32"
"Blaine's Doduo","","61"
"Blaine's Gamble","","121"
"Blaine's Growlithe","","35"
"Blaine's Growlithe","","62"
"Blaine's Kangaskhan","","36"
"Blaine's Last Resort","","105"
"Blaine's Last Stand","","52"
"Blaine's Last Stand","","58"
"Blaine's Last Stand","","69"
"Blaine's Magmar","","37"
"Blaine's Mankey","","63"
"Blaine's Moltres","","1"
"Blaine's Ninetales","","21"
"Blaine's Ponyta","","63"
"Blaine's Ponyta","","64"
"Blaine's Quiz #1","","97"
"Blaine's Quiz #2","","111"
"Blaine's Quiz #3","","112"
"Blaine's Quiz Show","","186"
"Blaine's Rapidash","","33"
"Blaine's Rhyhorn","","65"
"Blaine's Tauros","","64"
"Blaine's Vulpix","","65"
"Blaine's Vulpix","","66"
"Blanche","","64"
"Blanche","","82"
"Blanche","","SWSH227"
"Blastoise","","2"
"Blastoise","","16"
"Blastoise","","31"
"Blastoise","","137"
"Blastoise","","4"
"Blastoise","","36"
"Blastoise","","37"
"Blastoise","","14"
"Blastoise","","13"
"Blastoise","","17"
"Blastoise","","1"
"Blastoise","","25"
"Blastoise & Piplup-GX","","38"
"Blastoise & Piplup-GX","","214"
"Blastoise & Piplup-GX","","215"
"Blastoise & Piplup-GX","","253"
"Blastoise ex","","104"
"Blastoise ex","","9"
"Blastoise ex","","184"
"Blastoise ex","","200"
"Blastoise ex","","30"
"Blastoise Spirit Link","","73"
"Blastoise V","","SWSH101"
"Blastoise VMAX","","SWSH103"
"Blastoise δ","","2"
"Blastoise-EX","","17"
"Blastoise-EX","","29"
"Blastoise-EX","","142"
"Blastoise-EX","","21"
"Blastoise-EX","","XY30"
"Blastoise-EX","","XY122"
"Blastoise-GX","","35"
"Blastoise-GX","","218"
"Blastoise-GX","","SM189"
"Blaziken","","17"
"Blaziken","","1"
"Blaziken","","3"
"Blaziken","","15"
"Blaziken","","20"
"Blaziken","","5"
"Blaziken","","6"
"Blaziken","","42"
"Blaziken","","192"
"Blaziken","","24"
"Blaziken","","14"
"Blaziken","","28"
"Blaziken ex","","90"
"Blaziken ex","","89"
"Blaziken ex","","24"
"Blaziken FB","","2"
"Blaziken FB LV.X","","142"
"Blaziken V","","TG14"
"Blaziken V","","20"
"Blaziken V","","161"
"Blaziken VMAX","","TG15"
"Blaziken VMAX","","21"
"Blaziken VMAX","","200"
"Blaziken VMAX","","201"
"Blaziken-EX","","XY54"
"Blaziken-GX","","28"
"Blaziken-GX","","153"
"Blaziken-GX","","170"
"Blend Energy GrassFirePsychicDarkness","","117"
"Blend Energy WaterLightningFightingMetal","","118"
"Blipbug","","10"
"Blipbug","","16"
"Blipbug","","17"
"Blipbug","","18"
"Blipbug","","SV007"
"Blissey","","82"
"Blissey","","5"
"Blissey","","6"
"Blissey","","H6"
"Blissey","","36"
"Blissey","","106"
"Blissey","","2"
"Blissey","","52"
"Blissey","","22"
"Blissey","","102"
"Blissey","","153"
"Blissey","","145"
"Blissey","","203"
"Blissey","","81"
"Blissey","","XY56"
"Blissey ex","","101"
"Blissey ex","","134"
"Blissey ex","","201"
"Blissey V","","TG22"
"Blissey V","","119"
"Blissey V","","182"
"Blissey V","","183"
"Blitzle","","40"
"Blitzle","","41"
"Blitzle","","35"
"Blitzle","","47"
"Blitzle","","56"
"Blitzle","","6"
"Blitzle","","31"
"Blitzle","","114"
"Blitzle","","81"
"Blitzle","","44"
"Blitzle","","62"
"Blitzle","","195"
"Blitzle","","53"
"Blitzle","","50"
"Blitzle","","SWSH173"
"Blitzle","","48"
"Blizzard Town","","187"
"Bloodmoon Ursaluna","","25"
"Bloodmoon Ursaluna","","54"
"Bloodmoon Ursaluna ex","","141"
"Bloodmoon Ursaluna ex","","202"
"Bloodmoon Ursaluna ex","","216"
"Bloodmoon Ursaluna ex","","222"
"Bloodmoon Ursaluna ex","","168"
"Blowtorch","","86"
"Blowtorch","","117"
"Blue's Tactics","","188"
"Blue's Tactics","","231"
"Blunder Policy","","131"
"Bodybuilding Dumbbells","","113"
"Bodybuilding Dumbbells","","161"
"Boldore","","51"
"Boldore","","52"
"Boldore","","66"
"Boldore","","47"
"Boldore","","128"
"Boldore","","70"
"Boldore","","87"
"Boldore","","49"
"Boltund","","31"
"Boltund","","59"
"Boltund","","75"
"Boltund","","76"
"Boltund","","SV040"
"Boltund","","53"
"Boltund V","","67"
"Boltund V","","181"
"Boltund V","","103"
"Boltund V","","249"
"Boltund V","","TG13"
"Boltund V","","SWSH085"
"Boltund V","","SWSH219"
"Boltund VMAX","","104"
"Boltund VMAX","","267"
"Bombirdier","","138"
"Bombirdier","","219"
"Bombirdier","","147"
"Bombirdier","","97"
"Bombirdier","","101"
"Bombirdier ex","","156"
"Bombirdier ex","","234"
"Bonnie","","103"
"Bonnie","","128"
"Bonsly","","71"
"Bonsly","","110"
"Boomerang Energy","","166"
"Boost Energy","","145"
"Boost Energy","","98"
"Boost Energy","","87"
"Boost Energy","","93"
"Boost Energy","","8"
"Boost Shake","","142"
"Boost Shake","","229"
"Boss's Orders","","114"
"Boss's Orders","","183"
"Boss's Orders","","256"
"Boss's Orders","","TG24"
"Boss's Orders","","154"
"Boss's Orders","","189"
"Boss's Orders","","200"
"Boss's Orders","","58"
"Boss's Orders","","132"
"Boss's Orders","","SWSH251"
"Boss's Orders (Ghetsis)","","172"
"Boss's Orders (Ghetsis)","","248"
"Boss's Orders (Ghetsis)","","265"
"Bouffalant","","90"
"Bouffalant","","91"
"Bouffalant","","107"
"Bouffalant","","110"
"Bouffalant","","114"
"Bouffalant","","108"
"Bouffalant","","174"
"Bouffalant","","119"
"Bouffalant","","151"
"Bouffalant","","136"
"Bouffalant","","148"
"Bouffalant","","118"
"Bouffalant ex","","77"
"Bouffalant ex","","162"
"Bouffalant ex","","170"
"Bounce Energy","","142"
"Bounsweet","","18"
"Bounsweet","","17"
"Bounsweet","","16"
"Bounsweet","","8"
"Bounsweet","","14"
"Bounsweet","","13"
"Box of Disaster","","154"
"Box of Disaster","","214"
"Boxed Order","","143"
"Braixen","","16"
"Braixen","","26"
"Braixen","","TG01"
"Braixen","","9"
"Braixen","","25"
"Braixen","","12"
"Braixen","","XY161"
"Brambleghast","","47"
"Brambleghast","","24"
"Brambleghast","","21"
"Bramblin","","46"
"Bramblin","","22"
"Bramblin","","23"
"Bramblin","","198"
"Bramblin","","20"
"Brandon","","151"
"Brandon","","188"
"Brandon","","203"
"Brassius","","187"
"Brassius","","135"
"Brave Bangle","","80"
"Bravery Charm","","173"
"Bravery Charm","","175"
"Braviary","","88"
"Braviary","","112"
"Braviary","","116"
"Braviary","","178"
"Braviary","","153"
"Braviary","","214"
"Braviary","","137"
"Braviary","","93"
"Braviary","","130"
"Braviary","","78"
"Braviary","","155"
"Brawly","","131"
"Brawly","","188"
"Brawly","","212"
"Breloom","","45"
"Breloom","","16"
"Breloom","","33"
"Breloom","","3"
"Breloom","","22"
"Breloom","","52"
"Breloom","","108"
"Breloom","","5"
"Breloom","","4"
"Breloom","","6"
"Breloom","","7"
"Breloom","","50"
"Breloom V","","6"
"Briar","","132"
"Briar","","163"
"Briar","","171"
"Briar","","100"
"Brigette","","134"
"Brigette","","161"
"Brilliant Blender","","164"
"Brionne","","40"
"Brionne","","66"
"Brock","","15"
"Brock","","98"
"Brock's Diglett","","67"
"Brock's Dugtrio","","22"
"Brock's Geodude","","38"
"Brock's Geodude","","66"
"Brock's Geodude","","68"
"Brock's Golbat","","39"
"Brock's Golem","","20"
"Brock's Graveler","","40"
"Brock's Graveler","","34"
"Brock's Grit","","53"
"Brock's Grit","","135"
"Brock's Grit","","172"
"Brock's Grit","","74"
"Brock's Grit","","107"
"Brock's Lickitung","","41"
"Brock's Mankey","","67"
"Brock's Mankey","","68"
"Brock's Ninetales","","3"
"Brock's Onix","","21"
"Brock's Onix","","69"
"Brock's Pewter City Gym","","54"
"Brock's Primeape","","35"
"Brock's Protection","","101"
"Brock's Rhydon","","2"
"Brock's Rhyhorn","","22"
"Brock's Rhyhorn","","70"
"Brock's Sandshrew","","71"
"Brock's Sandshrew","","72"
"Brock's Sandslash","","23"
"Brock's Sandslash","","36"
"Brock's Scouting","","146"
"Brock's Scouting","","179"
"Brock's Training","","55"
"Brock's Training Method","","106"
"Brock's Vulpix","","73"
"Brock's Vulpix","","37"
"Brock's Zubat","","24"
"Brock's Zubat","","74"
"Broken Ground Gym","","92"
"Broken Time-Space","","104"
"Bronzong","","76"
"Bronzong","","6"
"Bronzong","","16"
"Bronzong","","13"
"Bronzong","","15"
"Bronzong","","72"
"Bronzong","","14"
"Bronzong","","33"
"Bronzong","","87"
"Bronzong","","101"
"Bronzong","","145"
"Bronzong","","69"
"Bronzong","","127"
"Bronzong","","67"
"Bronzong","","112"
"Bronzong","","TG11"
"Bronzong","","126"
"Bronzong","","130"
"Bronzong","","102"
"Bronzong","","223"
"Bronzong","","SWSH091"
"Bronzong","","61"
"Bronzong","","96"
"Bronzong","","XY21"
"Bronzong BREAK","","62"
"Bronzong E4","","16"
"Bronzong G","","41"
"Bronzor","","75"
"Bronzor","","74"
"Bronzor","","52"
"Bronzor","","55"
"Bronzor","","58"
"Bronzor","","71"
"Bronzor","","34"
"Bronzor","","54"
"Bronzor","","86"
"Bronzor","","100"
"Bronzor","","144"
"Bronzor","","68"
"Bronzor","","170"
"Bronzor","","126"
"Bronzor","","66"
"Bronzor","","111"
"Bronzor","","125"
"Bronzor","","129"
"Bronzor","","101"
"Bronzor","","60"
"Bronzor","","95"
"Brooklet Hill","","120"
"Brooklet Hill","","SV88"
"Bruno","","121"
"Bruno","","158"
"Bruno","","172"
"Brute Bonnet","","123"
"Brute Bonnet","","207"
"Brute Bonnet","","118"
"Bruxish","","48"
"Bruxish","","38"
"Bruxish","","70"
"Bruxish","","SM11"
"Bruxish","","51"
"Bruxish","","49"
"Bruxish","","200"
"Bruxish","","43"
"Bubble Coat","","129"
"Buck's Training","","130"
"Buddy-Buddy Poffin","","167"
"Buddy-Buddy Poffin","","184"
"Buddy-Buddy Poffin","","144"
"Buddy-Buddy Poffin","","223"
"Buddy-Buddy Poffin","","101"
"Buddy-Buddy Rescue","","135"
"Budew","","43"
"Budew","","33"
"Budew","","16"
"Budew","","221"
"Budew","","4"
"Buff Padding","","136"
"Buffer Piece","","72"
"Buffer Piece","","83"
"Buffer Piece","","84"
"Bug Catcher","","189"
"Bug Catcher","","226"
"Bug Catching Set","","143"
"Bug Catching Set","","102"
"Buizel","","32"
"Buizel","","72"
"Buizel","","75"
"Buizel","","61"
"Buizel","","DP13"
"Buizel","","45"
"Buizel","","92"
"Buizel","","6"
"Buizel","","22"
"Buizel","","35"
"Buizel","","46"
"Buizel","","57"
"Buizel","","48"
"Buizel","","38"
"Buizel","","28"
"Bulbasaur","","44"
"Bulbasaur","","67"
"Bulbasaur","","68"
"Bulbasaur","","1"
"Bulbasaur","","77"
"Bulbasaur","","94"
"Bulbasaur","","95"
"Bulbasaur","","45"
"Bulbasaur","","46"
"Bulbasaur","","39"
"Bulbasaur","","54"
"Bulbasaur","","55"
"Bulbasaur","","133"
"Bulbasaur","","93"
"Bulbasaur","","12"
"Bulbasaur","","SM198"
"Bulbasaur","","166"
"Bulbasaur","","143"
"Bulbasaur","","SWSH231"
"Bulbasaur","","SWSH303"
"Buneary","","116"
"Buneary","","73"
"Buneary","","53"
"Buneary","","86"
"Buneary","","DP06"
"Buneary","","107"
"Buneary","","83"
"Buneary","","94"
"Buneary","","55"
"Buneary","","12"
"Buneary","","106"
"Buneary","","144"
"Buneary","","212"
"Buneary","","84"
"Bunnelby","","10"
"Bunnelby","","87"
"Bunnelby","","97"
"Bunnelby","","175"
"Bunnelby","","146"
"Bunnelby","","150"
"Bunnelby","","SV097"
"Bunnelby","","214"
"Bunnelby","","SWSH082"
"Bunnelby","","30"
"Bunnelby","","111"
"Bunnelby","","120"
"Bunnelby","","121"
"Buried Fossil","","47"
"Burmy","","9"
"Burmy","","2"
"Burmy Plant Cloak","","78"
"Burmy Plant Cloak","","56"
"Burmy Plant Cloak","","11"
"Burmy Sandy Cloak","","79"
"Burmy Sandy Cloak","","54"
"Burmy Sandy Cloak","","57"
"Burmy Sandy Cloak","","12"
"Burmy Trash Cloak","","80"
"Burmy Trash Cloak","","58"
"Burned Tower","","71"
"Burning Energy","","151"
"Burning Scarf","","155"
"Bursting Balloon","","97"
"Butterfree","","33"
"Butterfree","","34"
"Butterfree","","21"
"Butterfree","","14"
"Butterfree","","5"
"Butterfree","","38"
"Butterfree","","2"
"Butterfree","","16"
"Butterfree","","19"
"Butterfree","","9"
"Butterfree","","3"
"Butterfree","","4"
"Butterfree","","12"
"Butterfree FB","","17"
"Butterfree V","","1"
"Butterfree V","","177"
"Butterfree VMAX","","2"
"Butterfree VMAX","","190"
"Buzzwole","","21"
"Buzzwole","","77"
"Buzzwole","","SV24"
"Buzzwole","","SM218"
"Buzzwole-GX","","57"
"Buzzwole-GX","","104"
"Buzzwole-GX","","115"
"Buzzwole-GX","","SV68"
"Buzzwole-GX","","SM69"
"Cacnea","","9"
"Cacnea","","62"
"Cacnea","","47"
"Cacnea","","46"
"Cacnea","","57"
"Cacnea","","58"
"Cacnea","","44"
"Cacnea","","67"
"Cacnea","","13"
"Cacnea","","5"
"Cacnea","","19"
"Cacnea","","4"
"Cacturne","","10"
"Cacturne","","34"
"Cacturne","","27"
"Cacturne","","2"
"Cacturne","","42"
"Cacturne","","6"
"Cacturne","","20"
"Cacturne","","5"
"Cacturne","","88"
"Cacturne ex","","91"
"Cacturne δ","","15"
"Café Master","","133"
"Café Master","","TG25"
"Caitlin","","78"
"Caitlin","","132"
"Caitlin","","189"
"Caitlin","","213"
"Calamitous Snowy Mountain","","174"
"Calamitous Wasteland","","175"
"Call Bell","","165"
"Call Energy","","92"
"Calyrex","","17"
"Camerupt","","22"
"Camerupt","","47"
"Camerupt","","4"
"Camerupt","","36"
"Camerupt","","3"
"Camerupt","","24"
"Camerupt","","23"
"Camerupt","","28"
"Camerupt","","14"
"Camerupt","","18"
"Camerupt","","32"
"Camerupt","","12"
"Camerupt","","13"
"Camerupt ex","","92"
"Camerupt G","","19"
"Camerupt Spirit Link","","XY199"
"Camerupt-EX","","29"
"Camerupt-EX","","146"
"Camping Gear","","122"
"Canari","","185"
"Canari","","257"
"Canari","","291"
"Canceling Cologne","","136"
"Candela","","65"
"Candela","","83"
"Candela","","SWSH228"
"Candice","","152"
"Candice","","189"
"Candice","","204"
"Capacious Bucket","","156"
"Cape of Toughness","","160"
"Cape of Toughness","","200"
"Capsakid","","27"
"Capsakid","","28"
"Capsakid","","23"
"Capsakid","","24"
"Capsakid","","106"
"Capsakid","","12"
"Captivating Poké Puff","","99"
"Capture Energy","","171"
"Capture Energy","","201"
"Capturing Aroma","","153"
"Cara Liss","","149"
"Cara Liss","","67"
"Carbink","","117"
"Carbink","","242"
"Carbink","","143"
"Carbink","","108"
"Carbink","","49"
"Carbink","","50"
"Carbink","","68"
"Carbink","","47"
"Carbink BREAK","","51"
"Card-Flip Game","","92"
"Caretaker","","144"
"Caretaker","","203"
"Carkol","","119"
"Carkol","","94"
"Carkol","","106"
"Carkol","","SV068"
"Carkol","","79"
"Carmine","","145"
"Carmine","","204"
"Carmine","","217"
"Carmine","","103"
"Carnivine","","5"
"Carnivine","","21"
"Carnivine","","46"
"Carnivine","","16"
"Carnivine","","43"
"Carnivine","","68"
"Carnivine","","53"
"Carnivine","","7"
"Carnivine","","6"
"Carnivine","","12"
"Carnivine","","9"
"Carnivine G","","DP42"
"Carracosta","","28"
"Carracosta","","26"
"Carracosta","","45"
"Carracosta","","38"
"Carracosta","","23"
"Carracosta","","107"
"Carracosta-GX","","SM239"
"Carvanha","","32"
"Carvanha","","81"
"Carvanha","","51"
"Carvanha","","47"
"Carvanha","","56"
"Carvanha","","59"
"Carvanha","","60"
"Carvanha","","58"
"Carvanha","","110"
"Carvanha","","132"
"Carvanha","","27"
"Carvanha","","46"
"Carvanha","","42"
"Carvanha","","93"
"Carvanha","","11"
"Carvanha","","35"
"Carvanha","","162"
"Carvanha δ","","61"
"Cascoon","","9"
"Cascoon","","44"
"Cascoon","","26"
"Cascoon","","30"
"Cascoon","","14"
"Cascoon","","27"
"Cascoon","","6"
"Cassiopeia","","56"
"Cassiopeia","","86"
"Cassiopeia","","94"
"Cassius","","115"
"Castaway","","72"
"Castform","","48"
"Castform","","34"
"Castform","","30"
"Castform","","105"
"Castform","","TG11"
"Castform","","121"
"Castform","","116"
"Castform Rain Form","","49"
"Castform Rainy Form","","33"
"Castform Snow-Cloud Form","","50"
"Castform Snowy Form","","34"
"Castform Sunny Form","","51"
"Castform Sunny Form","","20"
"Castform Sunny Form","","195"
"Castform Sunny Form","","22"
"Caterpie","","45"
"Caterpie","","68"
"Caterpie","","69"
"Caterpie","","63"
"Caterpie","","96"
"Caterpie","","56"
"Caterpie","","3"
"Caterpie","","57"
"Caterpie","","1"
"Caterpie","","53"
"Caterpie","","2"
"Caterpie","","10"
"Caterpie","","172"
"Cedric Juniper","","110"
"Celadon City Gym","","107"
"Celebi","","50"
"Celebi","","7"
"Celebi","","145"
"Celebi","","3"
"Celebi","","92"
"Celebi","","12"
"Celebi","","16"
"Celebi","","29"
"Celebi","","4"
"Celebi","","SM224"
"Celebi","","9"
"Celebi","","XY93"
"Celebi","","XY111"
"Celebi","","XY187"
"Celebi & Venusaur-GX","","1"
"Celebi & Venusaur-GX","","159"
"Celebi & Venusaur-GX","","182"
"Celebi & Venusaur-GX","","SM167"
"Celebi ◇","","19"
"Celebi ★","","100"
"Celebi ex","","117"
"Celebi ex","","17"
"Celebi V","","1"
"Celebi V","","7"
"Celebi V","","160"
"Celebi V","","245"
"Celebi VMAX","","8"
"Celebi VMAX","","199"
"Celebi-EX","","9"
"Celebi-EX","","141"
"Celesteela","","100"
"Celesteela","","SV32"
"Celesteela","","SM131"
"Celesteela-GX","","163"
"Celesteela-GX","","208"
"Celesteela-GX","","228"
"Celesteela-GX","","144"
"Celesteela-GX","","162"
"Celesteela-GX","","SM67"
"Celio's Network","","73"
"Celio's Network","","88"
"Celio's Network","","8"
"Centiskorch","","30"
"Centiskorch","","37"
"Centiskorch","","28"
"Centiskorch","","39"
"Centiskorch","","10"
"Centiskorch","","SV019"
"Centiskorch","","48"
"Centiskorch","","49"
"Centiskorch","","SWSH048"
"Centiskorch V","","TG14"
"Centiskorch V","","33"
"Centiskorch V","","179"
"Centiskorch V","","SV108"
"Centiskorch VMAX","","TG15"
"Centiskorch VMAX","","34"
"Centiskorch VMAX","","191"
"Centiskorch VMAX","","SV109"
"Cerulean City Gym","","108"
"Ceruledge","","20"
"Ceruledge","","98"
"Ceruledge","","40"
"Ceruledge","","162"
"Ceruledge","","35"
"Ceruledge","","197"
"Ceruledge ex","","36"
"Ceruledge ex","","147"
"Cessation Crystal","","74"
"Cetitan","","60"
"Cetitan","","55"
"Cetitan","","54"
"Cetitan","","201"
"Cetitan","","63"
"Cetitan ex","","65"
"Cetitan ex","","210"
"Cetoddle","","58"
"Cetoddle","","59"
"Cetoddle","","64"
"Cetoddle","","53"
"Cetoddle","","54"
"Challenge!","","74"
"Challenge!","","106"
"Champion's Room","","135"
"Champions Festival","","BW95"
"Champions Festival","","SM78"
"Champions Festival","","SM148"
"Champions Festival","","SM231"
"Champions Festival","","SWSH296"
"Champions Festival","","XY27"
"Champions Festival","","XY91"
"Champions Festival","","XY176"
"Championship Arena","","28"
"Chandelure","","60"
"Chandelure","","20"
"Chandelure","","101"
"Chandelure","","16"
"Chandelure","","18"
"Chandelure","","103"
"Chandelure","","30"
"Chandelure","","13"
"Chandelure","","38"
"Chandelure","","26"
"Chandelure","","TG04"
"Chandelure","","33"
"Chandelure","","50"
"Chandelure","","43"
"Chandelure V","","39"
"Chandelure V","","247"
"Chandelure VMAX","","40"
"Chandelure VMAX","","265"
"Chandelure-EX","","77"
"Channeler","","190"
"Channeler","","232"
"Chansey","","3"
"Chansey","","80"
"Chansey","","81"
"Chansey","","76"
"Chansey","","72"
"Chansey","","69"
"Chansey","","20"
"Chansey","","19"
"Chansey","","58"
"Chansey","","10"
"Chansey","","31"
"Chansey","","51"
"Chansey","","46"
"Chansey","","101"
"Chansey","","152"
"Chansey","","144"
"Chansey","","113"
"Chansey","","133"
"Chansey","","187"
"Chansey","","202"
"Chansey","","70"
"Chansey ex","","96"
"Chaos Gym","","102"
"Chaos Tower","","94"
"Chaotic Swell","","187"
"Charcadet","","19"
"Charcadet","","39"
"Charcadet","","40"
"Charcadet","","38"
"Charcadet","","43"
"Charcadet","","25"
"Charcadet","","26"
"Charcadet","","14"
"Charcadet","","114"
"Charcadet","","29"
"Charcadet","","32"
"Charcadet","","33"
"Charity","","99"
"Charizard","","4"
"Charizard","","3"
"Charizard","","19"
"Charizard","","20"
"Charizard","","136"
"Charizard","","5"
"Charizard","","103"
"Charizard","","6"
"Charizard","","39"
"Charizard","","40"
"Charizard","","146"
"Charizard","","100"
"Charizard","","RC5"
"Charizard","","10"
"Charizard","","1"
"Charizard","","14"
"Charizard","","SM158"
"Charizard","","SM226"
"Charizard","","TG03"
"Charizard","","25"
"Charizard","","SWSH066"
"Charizard","","11"
"Charizard & Braixen-GX","","22"
"Charizard & Braixen-GX","","212"
"Charizard & Braixen-GX","","251"
"Charizard & Braixen-GX","","SM230"
"Charizard ★ δ","","100"
"Charizard ex","","105"
"Charizard ex","","125"
"Charizard ex","","215"
"Charizard ex","","223"
"Charizard ex","","228"
"Charizard ex","","6"
"Charizard ex","","183"
"Charizard ex","","199"
"Charizard ex","","54"
"Charizard ex","","234"
"Charizard ex","","56"
"Charizard ex","","74"
"Charizard ex","","161"
"Charizard G","","20"
"Charizard G LV.X","","DP45"
"Charizard G LV.X","","143"
"Charizard Spirit Link","","75"
"Charizard V","","18"
"Charizard V","","19"
"Charizard V","","79"
"Charizard V","","17"
"Charizard V","","153"
"Charizard V","","154"
"Charizard V","","SWSH050"
"Charizard V","","SWSH260"
"Charizard VMAX","","20"
"Charizard VMAX","","74"
"Charizard VMAX","","SV107"
"Charizard VMAX","","SWSH261"
"Charizard VSTAR","","19"
"Charizard VSTAR","","18"
"Charizard VSTAR","","174"
"Charizard VSTAR","","SWSH262"
"Charizard δ","","4"
"Charizard-EX","","11"
"Charizard-EX","","12"
"Charizard-EX","","100"
"Charizard-EX","","XY17"
"Charizard-EX","","XY29"
"Charizard-EX","","XY121"
"Charizard-GX","","9"
"Charizard-GX","","20"
"Charizard-GX","","150"
"Charizard-GX","","SV49"
"Charizard-GX","","SM60"
"Charizard-GX","","SM195"
"Charizard-GX","","SM211"
"Charjabug","","65"
"Charjabug","","51"
"Charjabug","","58"
"Charjabug","","55"
"Charjabug","","169"
"Charjabug","","52"
"Charjabug","","100"
"Charmander","","46"
"Charmander","","69"
"Charmander","","50"
"Charmander","","70"
"Charmander","","17"
"Charmander","","18"
"Charmander","","4"
"Charmander","","82"
"Charmander","","101"
"Charmander","","97"
"Charmander","","98"
"Charmander","","48"
"Charmander","","57"
"Charmander","","58"
"Charmander","","113"
"Charmander","","RC3"
"Charmander","","9"
"Charmander","","11"
"Charmander","","20"
"Charmander","","8"
"Charmander","","59"
"Charmander","","7"
"Charmander","","18a"
"Charmander","","1"
"Charmander","","12"
"Charmander","","SV6"
"Charmander","","26"
"Charmander","","168"
"Charmander","","109"
"Charmander","","44"
"Charmander","","47"
"Charmander","","23"
"Charmander","","SWSH092"
"Charmander","","SWSH232"
"Charmander","","2"
"Charmander δ","","49"
"Charmander δ","","10"
"Charmeleon","","24"
"Charmeleon","","35"
"Charmeleon","","37"
"Charmeleon","","18"
"Charmeleon","","19"
"Charmeleon","","46"
"Charmeleon","","102"
"Charmeleon","","73"
"Charmeleon","","29"
"Charmeleon","","28"
"Charmeleon","","99"
"Charmeleon","","31"
"Charmeleon","","110"
"Charmeleon","","RC4"
"Charmeleon","","12"
"Charmeleon","","21"
"Charmeleon","","9"
"Charmeleon","","8"
"Charmeleon","","2"
"Charmeleon","","13"
"Charmeleon","","SV7"
"Charmeleon","","27"
"Charmeleon","","5"
"Charmeleon","","169"
"Charmeleon","","3"
"Charmeleon","","10"
"Charmeleon δ","","30"
"Charmeleon δ","","5"
"Charon's Choice","","RT6"
"Chatot","","77"
"Chatot","","85"
"Chatot","","74"
"Chatot","","55"
"Chatot","","DP14"
"Chatot","","95"
"Chatot","","162"
"Chatot","","132"
"Chatot","","181"
"Chatot","","129"
"Chatot","","112"
"Chatot","","142"
"Chatot","","139"
"Chatot","","128"
"Chatot G","","54"
"Cheerleader's Cheer","","76"
"Cheerleader's Cheer","","71"
"Cheren","","91"
"Cheren","","148"
"Cheren","","258"
"Cheren","","81"
"Cheren's Care","","GG58"
"Cheren's Care","","134"
"Cheren's Care","","168"
"Cheren's Care","","177"
"Cherish Ball","","191"
"Cherish Ball","","191a"
"Cherish Ball","","250"
"Cherrim","","7"
"Cherrim","","45"
"Cherrim","","14"
"Cherrim","","28"
"Cherrim","","55"
"Cherrim","","15"
"Cherrim","","6"
"Cherrim","","2"
"Cherrim","","11"
"Cherrim","","8"
"Cherrim","","SWSH088"
"Cherubi","","4"
"Cherubi","","6"
"Cherubi","","75"
"Cherubi","","56"
"Cherubi","","47"
"Cherubi","","96"
"Cherubi","","60"
"Cherubi","","13"
"Cherubi","","10"
"Cherubi","","11"
"Cherubi","","7"
"Cherubi","","12"
"Cheryl","","123"
"Cheryl","","159"
"Cheryl","","173"
"Chesnaught","","5"
"Chesnaught","","14"
"Chesnaught","","11"
"Chesnaught","","XY68"
"Chesnaught BREAK","","12"
"Chesnaught V","","15"
"Chesnaught V","","171"
"Chesnaught-EX","","XY18"
"Chespin","","2"
"Chespin","","6"
"Chespin","","3"
"Chespin","","12"
"Chespin","","7"
"Chespin","","8"
"Chespin","","9"
"Chespin","","XY01"
"Chespin","","XY88"
"Chewtle","","43"
"Chewtle","","60"
"Chewtle","","38"
"Chewtle","","26"
"Chewtle","","SV028"
"Chewtle","","80"
"Chi-Yu","","31"
"Chi-Yu","","29"
"Chi-Yu","","39"
"Chi-Yu","","57"
"Chi-Yu ex","","40"
"Chi-Yu ex","","234"
"Chi-Yu ex","","259"
"Chi-Yu ex","","241"
"Chien-Pao","","57"
"Chien-Pao","","56"
"Chien-Pao","","152"
"Chien-Pao ex","","61"
"Chien-Pao ex","","236"
"Chien-Pao ex","","261"
"Chien-Pao ex","","274"
"Chien-Pao ex","","242"
"Chien-Pao ex","","30"
"Chikorita","","53"
"Chikorita","","77"
"Chikorita","","99"
"Chikorita","","100"
"Chikorita","","51"
"Chikorita","","55"
"Chikorita","","RC1"
"Chikorita","","59"
"Chikorita","","2"
"Chikorita","","8"
"Chikorita","","54"
"Chikorita","","5"
"Chikorita","","6"
"Chikorita","","1"
"Chikorita δ","","44"
"Chili & Cilan & Cress","","227"
"Chili & Cilan & Cress","","258"
"Chili & Cilan & Cress","","273"
"Chill Teaser Toy","","166"
"Chimchar","","15"
"Chimchar","","76"
"Chimchar","","56"
"Chimchar","","57"
"Chimchar","","DP02"
"Chimchar","","12"
"Chimchar","","70"
"Chimchar","","97"
"Chimchar","","14"
"Chimchar","","13"
"Chimchar","","20"
"Chimchar","","21"
"Chimchar","","31"
"Chimchar","","24"
"Chimchar","","18"
"Chimecho","","22"
"Chimecho","","17"
"Chimecho","","12"
"Chimecho","","24"
"Chimecho","","21"
"Chimecho","","43"
"Chimecho","","30"
"Chimecho","","85"
"Chimecho","","179"
"Chimecho","","74"
"Chimecho","","72"
"Chimecho","","59"
"Chimecho","","63"
"Chimecho δ","","37"
"Chimecho δ","","1"
"Chinchou","","55"
"Chinchou","","35"
"Chinchou","","87"
"Chinchou","","88"
"Chinchou","","70"
"Chinchou","","71"
"Chinchou","","52"
"Chinchou","","50"
"Chinchou","","49"
"Chinchou","","56"
"Chinchou","","57"
"Chinchou","","48"
"Chinchou","","8"
"Chinchou","","42"
"Chinchou","","73"
"Chinchou","","20"
"Chinchou","","67"
"Chinchou","","68"
"Chinchou","","51"
"Chingling","","42"
"Chingling","","58"
"Chingling","","98"
"Chip-Chip Ice Axe","","165"
"Choice Band","","121"
"Choice Band","","121a"
"Choice Band","","162"
"Choice Belt","","176"
"Choice Belt","","211"
"Choice Belt","","135"
"Choice Helmet","","169"
"Choice Helmet","","229"
"Choy","","137"
"Choy","","182"
"Choy","","200"
"Cilan","","86"
"Cinccino","","89"
"Cinccino","","105"
"Cinccino","","RC19"
"Cinccino","","85"
"Cinccino","","86"
"Cinccino","","137"
"Cinccino","","183"
"Cinccino","","126"
"Cinccino","","147"
"Cinccino","","SV094"
"Cinccino","","125"
"Cinccino","","SWSH009"
"Cinccino","","88"
"Cinccino","","76"
"Cinccino","","153"
"Cinderace","","28"
"Cinderace","","34"
"Cinderace","","35"
"Cinderace","","36"
"Cinderace","","SV017"
"Cinderace","","SWSH112"
"Cinderace","","SWSH278"
"Cinderace ex","","38"
"Cinderace ex","","28"
"Cinderace ex","","157"
"Cinderace ex","","163"
"Cinderace V","","35"
"Cinderace V","","178"
"Cinderace V","","18"
"Cinderace V","","43"
"Cinderace V","","44"
"Cinderace V","","SWSH015"
"Cinderace VMAX","","36"
"Cinderace VMAX","","194"
"Cinderace VMAX","","19"
"Cinderace VMAX","","45"
"Cinnabar City Gym","","113"
"Ciphermaniac's Codebreaking","","145"
"Ciphermaniac's Codebreaking","","198"
"Ciphermaniac's Codebreaking","","104"
"Circhester Bath","","150"
"Clamperl","","64"
"Clamperl","","51"
"Clamperl","","58"
"Clamperl","","41"
"Clamperl","","54"
"Clamperl","","195"
"Clamperl","","65"
"Clamperl","","49"
"Clauncher","","37"
"Clauncher","","25"
"Clauncher","","49"
"Clauncher","","205"
"Clauncher","","74"
"Clauncher","","15"
"Clauncher","","33"
"Clauncher","","23"
"Clavell","","177"
"Clavell","","249"
"Claw Fossil","","138"
"Claw Fossil","","78"
"Claw Fossil","","91"
"Claw Fossil","","84"
"Claw Fossil","","90"
"Claw Fossil Anorith","","100"
"Clawitzer","","38"
"Clawitzer","","141"
"Clawitzer","","26"
"Clawitzer","","50"
"Clawitzer","","75"
"Clawitzer","","34"
"Clawitzer","","24"
"Clawitzer","","XY146"
"Clawitzer BREAK","","35"
"Clay","","188"
"Claydol","","64"
"Claydol","","15"
"Claydol","","38"
"Claydol","","2"
"Claydol","","31"
"Claydol","","5"
"Claydol","","24"
"Claydol","","22"
"Claydol","","79"
"Claydol","","95"
"Claydol","","103"
"Claydol","","94"
"Claydol","","58"
"Claydol","","145"
"Claydol","","59"
"Claydol","","33"
"Claydol ex","","93"
"Cleansing Gloves","","136"
"Clefable","","1"
"Clefable","","17"
"Clefable","","5"
"Clefable","","98"
"Clefable","","22"
"Clefable","","7"
"Clefable","","41"
"Clefable","","36"
"Clefable","","51"
"Clefable","","3"
"Clefable","","75"
"Clefable","","133"
"Clefable","","40"
"Clefable","","89"
"Clefable","","79"
"Clefable","","63"
"Clefable","","64"
"Clefable","","54"
"Clefable","","71"
"Clefable","","82"
"Clefable ex","","106"
"Clefable ex","","82"
"Clefairy","","5"
"Clefairy","","6"
"Clefairy","","97"
"Clefairy","","54"
"Clefairy","","77"
"Clefairy","","83"
"Clefairy","","101"
"Clefairy","","53"
"Clefairy","","59"
"Clefairy","","50"
"Clefairy","","60"
"Clefairy","","74"
"Clefairy","","30"
"Clefairy","","132"
"Clefairy","","38"
"Clefairy","","39"
"Clefairy","","144"
"Clefairy","","88"
"Clefairy","","81"
"Clefairy","","35"
"Clefairy","","78"
"Clefairy","","62"
"Clefairy","","63"
"Clefairy","","69"
"Clefairy","","70"
"Clefairy Doll","","70"
"Cleffa","","31"
"Cleffa","","20"
"Cleffa","","24"
"Cleffa","","78"
"Cleffa","","48"
"Cleffa","","21"
"Cleffa","","17"
"Cleffa","","HGSS12"
"Cleffa","","131"
"Cleffa","","80"
"Cleffa","","202"
"Cleffa","","150"
"Cleffa","","37"
"Cleffa","","95"
"Clemont","","59"
"Clemont's Quick Wit","","167"
"Clemont's Quick Wit","","229"
"Clemont's Quick Wit","","243"
"Clive","","78"
"Clive","","227"
"Clive","","236"
"Clobbopus","","51"
"Clobbopus","","112"
"Clobbopus","","207"
"Clobbopus","","111"
"Clobbopus","","100"
"Clobbopus","","SV072"
"Clobbopus","","91"
"Clobbopus","","152"
"Cloyster","","32"
"Cloyster","","47"
"Cloyster","","8"
"Cloyster","","42"
"Cloyster","","20"
"Cloyster","","34"
"Cloyster","","91"
"Cloyster","","41"
"Cloyster","","51"
"Cloyster","","24"
"Cloyster δ","","14"
"Coach Trainer","","192"
"Coach Trainer","","233"
"Coalossal","","120"
"Coalossal","","95"
"Coalossal","","107"
"Coalossal","","198"
"Coalossal","","SV069"
"Coalossal","","80"
"Coalossal","","SWSH024"
"Coalossal","","SWSH054"
"Coalossal V","","98"
"Coalossal V","","173"
"Coalossal VMAX","","99"
"Coalossal VMAX","","189"
"Coating Metal Energy","","163"
"Cobalion","","91"
"Cobalion","","77"
"Cobalion","","84"
"Cobalion","","100"
"Cobalion","","BW72"
"Cobalion","","129"
"Cobalion","","126"
"Cobalion","","114"
"Cobalion","","74"
"Cobalion","","66"
"Cobalion","","144"
"Cobalion-EX","","93"
"Cobalion-EX","","133"
"Cobalion-GX","","106"
"Cobalion-GX","","168"
"Cobalion-GX","","189"
"Cofagrigus","","46"
"Cofagrigus","","47"
"Cofagrigus","","52"
"Cofagrigus","","56"
"Cofagrigus","","57"
"Cofagrigus","","40"
"Cofagrigus","","123"
"Cofagrigus","","100"
"Cofagrigus","","83"
"Cofagrigus ex","","76"
"Cofagrigus ex","","224"
"Colbur Berry","","168"
"Collapsed Stadium","","215"
"Collapsed Stadium","","137"
"Colress","","118"
"Colress","","135"
"Colress Machine","","119"
"Colress's Experiment","","155"
"Colress's Experiment","","190"
"Colress's Experiment","","205"
"Colress's Experiment","","GG59"
"Colress's Tenacity","","57"
"Colress's Tenacity","","87"
"Combee","","4"
"Combee","","79"
"Combee","","59"
"Combee","","57"
"Combee","","44"
"Combee","","71"
"Combee","","99"
"Combee","","31"
"Combee","","8"
"Combee","","11"
"Combee","","9"
"Combusken","","16"
"Combusken","","35"
"Combusken","","27"
"Combusken","","28"
"Combusken","","39"
"Combusken","","31"
"Combusken","","29"
"Combusken","","25"
"Combusken","","9"
"Combusken","","45"
"Combusken","","7"
"Combusken","","6"
"Combusken","","5"
"Combusken","","41"
"Combusken","","23"
"Combusken","","2"
"Combusken","","13"
"Comfey","","93"
"Comfey","","63"
"Comfey","","79"
"Comfey","","GG14"
"Comfey","","SWSH242"
"Community Center","","146"
"Computer Error","","16"
"Computer Search","","71"
"Computer Search","","101"
"Computer Search","","137"
"Conductive Quarry","","82"
"Conkeldurr","","64"
"Conkeldurr","","65"
"Conkeldurr","","81"
"Conkeldurr","","105"
"Conkeldurr","","75"
"Conkeldurr","","67"
"Conkeldurr","","49"
"Conkeldurr","","127"
"Conkeldurr V","","40"
"Conkeldurr V","","73"
"Conkeldurr V","","74"
"Cook","","147"
"Cook","","TG25"
"Cook","","228"
"Cool Porygon","","15"
"Copperajah","","42"
"Copperajah","","110"
"Copperajah","","137"
"Copperajah","","132"
"Copperajah","","SV091"
"Copperajah","","192"
"Copperajah ex","","150"
"Copperajah ex","","245"
"Copperajah V","","136"
"Copperajah V","","187"
"Copperajah V","","SWSH030"
"Copperajah VMAX","","137"
"Copperajah VMAX","","199"
"Copycat","","77"
"Copycat","","138"
"Copycat","","73"
"Copycat","","83"
"Copycat","","90"
"Copycat","","127"
"Copycat","","163"
"Copycat","","143"
"Copycat","","200"
"Copycat","","222"
"Cornerstone Mask Ogerpon","","111"
"Cornerstone Mask Ogerpon ex","","112"
"Cornerstone Mask Ogerpon ex","","199"
"Cornerstone Mask Ogerpon ex","","215"
"Cornerstone Mask Ogerpon ex","","58"
"Cornerstone Mask Ogerpon ex","","160"
"Corphish","","89"
"Corphish","","62"
"Corphish","","63"
"Corphish","","52"
"Corphish","","53"
"Corphish","","54"
"Corphish","","57"
"Corphish","","33"
"Corphish","","100"
"Corphish","","24"
"Corphish","","47"
"Corphish","","38"
"Corphish","","32"
"Corphish","","42"
"Corsola","","84"
"Corsola","","102"
"Corsola","","37"
"Corsola","","32"
"Corsola","","13"
"Corsola","","36"
"Corsola","","27"
"Corsola","","29"
"Corviknight","","148"
"Corviknight","","135"
"Corviknight","","156"
"Corviknight","","SV089"
"Corviknight","","190"
"Corviknight V","","TG18"
"Corviknight V","","109"
"Corviknight V","","156"
"Corviknight V","","SWSH200"
"Corviknight VMAX","","TG19"
"Corviknight VMAX","","110"
"Corviknight VMAX","","171"
"Corvisquire","","165"
"Corvisquire","","151"
"Corvisquire","","155"
"Corvisquire","","SV102"
"Corvisquire","","220"
"Cosmoem","","14"
"Cosmoem","","65"
"Cosmoem","","101"
"Cosmoem","","61"
"Cosmoem","","70"
"Cosmog","","13"
"Cosmog","","6"
"Cosmog","","64"
"Cosmog","","100"
"Cosmog","","99"
"Cosmog","","60"
"Cosmog","","69"
"Cosmog","","SM42"
"Cottonee","","9"
"Cottonee","","10"
"Cottonee","","14"
"Cottonee","","4"
"Cottonee","","90"
"Cottonee","","139"
"Cottonee","","143"
"Cottonee","","147"
"Cottonee","","34"
"Cottonee","","7"
"Cottonee","","5"
"Cottonee","","75"
"Cottonee","","70"
"Cottonee","","55"
"Counter Catcher","","91"
"Counter Catcher","","120"
"Counter Catcher","","160"
"Counter Catcher","","264"
"Counter Energy","","100"
"Counter Energy","","122"
"Counter Gain","","186"
"Counter Gain","","259"
"Counter Gain","","170"
"Counter Gain","","230"
"Counter Gain","","169"
"Counter Gain","","249"
"Counterattack Claws","","97"
"Cover Fossil","","79"
"Cover Fossil","","90"
"Crabominable","","43"
"Crabominable","","105"
"Crabominable","","122"
"Crabominable","","74"
"Crabominable","","SM47"
"Crabominable","","115"
"Crabominable","","42"
"Crabominable","","149"
"Crabominable","","134"
"Crabominable","","85"
"Crabominable V","","76"
"Crabominable V","","248"
"Crabrawler","","7"
"Crabrawler","","72"
"Crabrawler","","104"
"Crabrawler","","121"
"Crabrawler","","73"
"Crabrawler","","114"
"Crabrawler","","87"
"Crabrawler","","84"
"Cradily","","4"
"Cradily","","21"
"Cradily","","3"
"Cradily","","7"
"Cradily","","11"
"Cradily","","6"
"Cradily ex","","90"
"Cradily δ","","2"
"Cram-o-matic","","229"
"Cramorant","","58"
"Cramorant","","176"
"Cramorant","","137"
"Cramorant","","62"
"Cramorant","","50"
"Cramorant","","51"
"Cramorant","","40"
"Cramorant","","28"
"Cramorant","","SV030"
"Cramorant V","","155"
"Cramorant V","","198"
"Cramorant V","","54"
"Cramorant V","","SWSH086"
"Cramorant VMAX","","55"
"Cranidos","","43"
"Cranidos","","DP07"
"Cranidos","","46"
"Cranidos","","64"
"Cranidos","","76"
"Cranidos","","SWSH274"
"Crasher Wake","","104"
"Crasher Wake","","129"
"Crawdaunt","","22"
"Crawdaunt","","3"
"Crawdaunt","","13"
"Crawdaunt","","6"
"Crawdaunt","","85"
"Crawdaunt","","25"
"Crawdaunt","","48"
"Crawdaunt","","39"
"Crawdaunt","","33"
"Crawdaunt","","92"
"Crawdaunt ex","","99"
"Crawdaunt G","","23"
"Cresselia","","2"
"Cresselia","","DP51"
"Cresselia","","39"
"Cresselia","","87"
"Cresselia","","59"
"Cresselia","","21"
"Cresselia","","71"
"Cresselia","","74"
"Cresselia","","64"
"Cresselia","","228"
"Cresselia","","SWSH114"
"Cresselia","","70"
"Cresselia LV.X","","103"
"Cresselia-EX","","67"
"Cresselia-EX","","143"
"Crispin","","133"
"Crispin","","164"
"Crispin","","105"
"Crispin","","171"
"Croagunk","","62"
"Croagunk","","64"
"Croagunk","","65"
"Croagunk","","78"
"Croagunk","","60"
"Croagunk","","101"
"Croagunk","","61"
"Croagunk","","13"
"Croagunk","","7"
"Croagunk","","54"
"Croagunk","","56"
"Croagunk","","63"
"Croagunk","","130"
"Croagunk","","114"
"Croagunk","","23"
"Croagunk","","123"
"Croagunk","","109"
"Croagunk","","165"
"Croagunk","","SWSH245"
"Croagunk","","58"
"Crobat","","55"
"Crobat","","BW51"
"Crobat","","23"
"Crobat","","6"
"Crobat","","147"
"Crobat","","H5"
"Crobat","","3"
"Crobat","","14"
"Crobat","","84"
"Crobat","","4"
"Crobat","","56"
"Crobat","","66"
"Crobat","","112"
"Crobat","","29"
"Crobat","","105"
"Crobat","","91"
"Crobat","","33"
"Crobat BREAK","","XY181"
"Crobat ex","","96"
"Crobat G","","47"
"Crobat V","","TG20"
"Crobat V","","104"
"Crobat V","","182"
"Crobat V","","44"
"Crobat V","","SWSH098"
"Crobat V","","SWSH110"
"Crobat VMAX","","45"
"Crobat VMAX","","SWSH099"
"Crobat δ","","2"
"Crocalor","","37"
"Crocalor","","36"
"Crocalor","","202"
"Crocalor","","24"
"Crocalor","","30"
"Crocalor","","80"
"Croconaw","","41"
"Croconaw","","44"
"Croconaw","","74"
"Croconaw","","38"
"Croconaw","","42"
"Croconaw","","31"
"Croconaw","","32"
"Croconaw","","19"
"Croconaw","","23"
"Croconaw","","40"
"Croconaw","","56"
"Croconaw","","16"
"Croconaw δ","","27"
"Cross Switcher","","230"
"Crossceiver","","231"
"Crushing Gloves","","133"
"Crushing Hammer","","111"
"Crushing Hammer","","92"
"Crushing Hammer","","60"
"Crushing Hammer","","115"
"Crushing Hammer","","166"
"Crushing Hammer","","168"
"Crushing Hammer","","159"
"Crushing Hammer","","125"
"Crushing Hammer","","34"
"Crustle","","14"
"Crustle","","7"
"Crustle","","8"
"Crustle","","85"
"Crustle","","11"
"Crustle","","12"
"Crustle","","186"
"Crustle","","183"
"Crustle","","52"
"Crustle","","130"
"Cryogonal","","32"
"Cryogonal","","33"
"Cryogonal","","46"
"Cryogonal","","30"
"Cryogonal","","55"
"Cryogonal","","47"
"Cryogonal","","43"
"Cryogonal","","27"
"Cryogonal","","111"
"Crystal Beach","","75"
"Crystal Cave","","144"
"Crystal Cave","","230"
"Crystal Edge","","138"
"Crystal Energy","","146"
"Crystal Shard","","122"
"Crystal Shard","","76"
"Crystal Shard","","85"
"Crystal Wall","","139"
"Cubchoo","","28"
"Cubchoo","","29"
"Cubchoo","","36"
"Cubchoo","","40"
"Cubchoo","","61"
"Cubchoo","","53"
"Cubchoo","","48"
"Cubchoo","","42"
"Cubchoo","","21"
"Cubchoo","","25"
"Cubchoo","","109"
"Cubone","","50"
"Cubone","","70"
"Cubone","","60"
"Cubone","","90"
"Cubone","","103"
"Cubone","","72"
"Cubone","","40"
"Cubone","","51"
"Cubone","","7"
"Cubone","","105"
"Cubone","","37"
"Cubone","","52"
"Cubone","","57"
"Cubone","","104"
"Cubone","","76"
"Cubone","","69"
"Cubone","","77"
"Cufant","","149"
"Cufant","","41"
"Cufant","","76"
"Cufant","","109"
"Cufant","","136"
"Cufant","","131"
"Cufant","","49"
"Cufant","","SV090"
"Cufant","","191"
"Curse Powder","","80"
"Cursed Duster","","161"
"Cursed Shovel","","157"
"Cursed Stone","","72"
"Custom Catcher","","171"
"Custom Catcher","","231"
"Cutiefly","","10"
"Cutiefly","","11"
"Cutiefly","","92"
"Cutiefly","","95"
"Cutiefly","","145"
"Cutiefly","","75"
"Cutiefly","","172"
"Cutiefly","","78"
"Cycling Road","","157"
"Cyclizar","","163"
"Cyclizar","","164"
"Cyclizar","","157"
"Cyclizar","","215"
"Cyclizar","","70"
"Cyclizar","","195"
"Cyclizar","","127"
"Cyclizar","","96"
"Cyclizar ex","","159"
"Cyclizar ex","","228"
"Cyclizar ex","","18"
"Cyclone Energy","","94"
"Cyclone Energy","","143"
"Cyclone Energy","","99"
"Cyclone Energy","","90"
"Cyllene","","138"
"Cyllene","","183"
"Cyllene","","201"
"Cyndaquil","","55"
"Cyndaquil","","79"
"Cyndaquil","","104"
"Cyndaquil","","105"
"Cyndaquil","","54"
"Cyndaquil","","59"
"Cyndaquil","","61"
"Cyndaquil","","10"
"Cyndaquil","","56"
"Cyndaquil","","57"
"Cyndaquil","","39"
"Cyndaquil","","40"
"Cyndaquil","","23"
"Cyndaquil","","SWSH221"
"Cyndaquil","","18"
"Cyndaquil δ","","45"
"Cynthia","","119"
"Cynthia","","119a"
"Cynthia","","148"
"Cynthia","","SV82"
"Cynthia & Caitlin","","189"
"Cynthia & Caitlin","","228"
"Cynthia's Ambition","","GG60"
"Cynthia's Ambition","","138"
"Cynthia's Ambition","","169"
"Cynthia's Ambition","","178"
"Cynthia's Feebas","","52"
"Cynthia's Feelings","","131"
"Cynthia's Gabite","","110"
"Cynthia's Gabite","","103"
"Cynthia's Garchomp ex","","111"
"Cynthia's Garchomp ex","","104"
"Cynthia's Garchomp ex","","215"
"Cynthia's Garchomp ex","","232"
"Cynthia's Garchomp ex","","241"
"Cynthia's Gible","","109"
"Cynthia's Gible","","102"
"Cynthia's Guidance","","136"
"Cynthia's Milotic","","53"
"Cynthia's Power Weight","","162"
"Cynthia's Roselia","","7"
"Cynthia's Roserade","","8"
"Cynthia's Roserade","","184"
"Cynthia's Spiritomb","","133"
"Cynthia's Spiritomb","","244"
"Cynthia's Spiritomb","","129"
"Cyrano","","170"
"Cyrano","","230"
"Cyrus ◇","","120"
"Cyrus's Conspiracy","","105"
"Cyrus's Initiative","","137"
"Dachsbun","","99"
"Dachsbun","","39"
"Dachsbun","","161"
"Dachsbun ex","","67"
"Dachsbun ex","","160"
"Dachsbun ex","","169"
"Daisy's Help","","158"
"Daisy's Help","","195"
"Damage Mover","","58"
"Damage Pump","","156"
"Dan","","158"
"Dana","","137"
"Dana","","173"
"Dancer","","232"
"Dancer","","259"
"Dancer","","274"
"Dangerous Drill","","138"
"Dangerous Drill","","192"
"Dangerous Energy","","82"
"Dangerous Laser","","58"
"Dark Alakazam","","1"
"Dark Alakazam","","18"
"Dark Ampharos","","2"
"Dark Ampharos","","1"
"Dark Arbok","","2"
"Dark Arbok","","19"
"Dark Arbok","","29"
"Dark Ariados","","30"
"Dark Ariados","","17"
"Dark Blastoise","","3"
"Dark Blastoise","","20"
"Dark Blastoise","","4"
"Dark Celebi","","4"
"Dark Charizard","","4"
"Dark Charizard","","21"
"Dark Charmeleon","","32"
"Dark City","","193"
"Dark Claw","","92"
"Dark Crobat","","3"
"Dark Crobat","","2"
"Dark Croconaw","","32"
"Dark Donphan","","3"
"Dark Dragonair","","33"
"Dark Dragonair","","38"
"Dark Dragonair","","31"
"Dark Dragonair","","32"
"Dark Dragonite","","5"
"Dark Dragonite","","22"
"Dark Dragonite","","15"
"Dark Dugtrio","","6"
"Dark Dugtrio","","23"
"Dark Electrode","","34"
"Dark Electrode","","4"
"Dark Espeon","","4"
"Dark Exeggutor","","33"
"Dark Feraligatr","","5"
"Dark Flaaffy","","33"
"Dark Flaaffy","","34"
"Dark Flareon","","35"
"Dark Forretress","","35"
"Dark Gengar","","6"
"Dark Gloom","","36"
"Dark Golbat","","7"
"Dark Golbat","","24"
"Dark Golbat","","34"
"Dark Golduck","","37"
"Dark Golduck","","35"
"Dark Gyarados","","8"
"Dark Gyarados","","25"
"Dark Gyarados","","36"
"Dark Haunter","","36"
"Dark Houndoom","","5"
"Dark Houndoom","","37"
"Dark Houndoom","","7"
"Dark Hypno","","9"
"Dark Hypno","","26"
"Dark Hypno","","6"
"Dark Ivysaur","","6"
"Dark Jolteon","","38"
"Dark Kadabra","","39"
"Dark Machamp","","10"
"Dark Machamp","","27"
"Dark Machoke","","40"
"Dark Magcargo","","38"
"Dark Magcargo","","18"
"Dark Magneton","","11"
"Dark Magneton","","28"
"Dark Magneton","","39"
"Dark Marowak","","7"
"Dark Metal Energy","","97"
"Dark Metal Energy","","94"
"Dark Muk","","41"
"Dark Muk","","16"
"Dark Octillery","","8"
"Dark Octillery","","62"
"Dark Omanyte","","37"
"Dark Omastar","","19"
"Dark Patch","","93"
"Dark Patch","","139"
"Dark Patch","","216"
"Dark Persian","","42"
"Dark Persian","","6"
"Dark Persian","","17"
"Dark Porygon2","","8"
"Dark Primeape","","43"
"Dark Pupitar","","40"
"Dark Pupitar","","41"
"Dark Pupitar","","38"
"Dark Quilava","","39"
"Dark Raichu","","83"
"Dark Raichu","","7"
"Dark Rapidash","","44"
"Dark Raticate","","51"
"Dark Raticate","","17"
"Dark Sandslash","","18"
"Dark Scizor","","9"
"Dark Slowbro","","12"
"Dark Slowbro","","29"
"Dark Slowbro","","8"
"Dark Slowking","","9"
"Dark Slowking","","20"
"Dark Steelix","","10"
"Dark Sylveon V","","SWSH134"
"Dark Typhlosion","","10"
"Dark Tyranitar","","19"
"Dark Tyranitar","","20"
"Dark Tyranitar","","11"
"Dark Ursaring","","21"
"Dark Vaporeon","","45"
"Dark Vaporeon","","9"
"Dark Venusaur","","7"
"Dark Vileplume","","13"
"Dark Vileplume","","30"
"Dark Wartortle","","46"
"Dark Wartortle","","39"
"Dark Weezing","","14"
"Dark Weezing","","31"
"Dark Weezing","","42"
"Dark Wigglytuff","","40"
"Darkness Cube 01","","119"
"Darkness Energy","","111"
"Darkness Energy","","86"
"Darkness Energy","","94"
"Darkness Energy","","129"
"Darkness Energy","","119"
"Darkness Energy","","93"
"Darkness Energy","","158"
"Darkness Energy","","142"
"Darkness Energy","","96"
"Darkness Energy","","103"
"Darkness Energy","","87"
"Darkness Energy","","81"
"Darkness Energy","","121"
"Darkness Energy","","79"
"Darkness Energy","","104"
"Darkness Energy","","99"
"Darkness Energy","","170"
"Darkness Energy","","168"
"Darkness Energy","","236"
"Darkness Energy","","138"
"Darkness Energy","","97"
"Darkrai","","BW73"
"Darkrai","","3"
"Darkrai","","4"
"Darkrai","","DP24"
"Darkrai","","DP52"
"Darkrai","","87"
"Darkrai","","136"
"Darkrai","","120"
"Darkrai","","105"
"Darkrai","","167"
"Darkrai","","XY22"
"Darkrai","","XY114"
"Darkrai","","XY194"
"Darkrai & Cresselia LEGEND","","99"
"Darkrai & Cresselia LEGEND","","100"
"Darkrai ◇","","77"
"Darkrai ex","","110"
"Darkrai G","","3"
"Darkrai LV.X","","104"
"Darkrai LV.X","","DP19"
"Darkrai V","","98"
"Darkrai VSTAR","","99"
"Darkrai VSTAR","","GG50"
"Darkrai-EX","","88"
"Darkrai-EX","","63"
"Darkrai-EX","","107"
"Darkrai-EX","","BW46"
"Darkrai-EX","","74"
"Darkrai-EX","","118"
"Darkrai-GX","","88"
"Darkrai-GX","","88a"
"Darkrai-GX","","139"
"Darkrai-GX","","158"
"Darkrai-GX","","SV70"
"Darmanitan","","25"
"Darmanitan","","21"
"Darmanitan","","60"
"Darmanitan","","28"
"Darmanitan","","16"
"Darmanitan","","24"
"Darmanitan","","9"
"Darmanitan","","35"
"Darmanitan","","14"
"Darmanitan","","98"
"Dartrix","","10"
"Dartrix","","19"
"Dartrix","","SV3"
"Dartrix","","14"
"Dartrix","","4"
"Dartrix","","20"
"Dartrix","","12"
"Dartrix","","7"
"Dartrix","","SV002"
"Darumaka","","23"
"Darumaka","","24"
"Darumaka","","20"
"Darumaka","","17"
"Darumaka","","27"
"Darumaka","","BW18"
"Darumaka","","15"
"Darumaka","","8"
"Darumaka","","34"
"Darumaka","","13"
"Darumaka","","97"
"Dashing Pouch","","92"
"Dawn","","87"
"Dawn","","118"
"Dawn","","129"
"Dawn Stadium","","79"
"Dawn Wings Necrozma","","SM106"
"Dawn Wings Necrozma","","SM123"
"Dawn Wings Necrozma-GX","","63"
"Dawn Wings Necrozma-GX","","143"
"Dawn Wings Necrozma-GX","","161"
"Dawn Wings Necrozma-GX","","SM101"
"Decidueye","","11"
"Decidueye","","20"
"Decidueye","","SM55"
"Decidueye","","5"
"Decidueye","","13"
"Decidueye","","8"
"Decidueye","","SV003"
"Decidueye","","SWSH035"
"Decidueye ex","","15"
"Decidueye-GX","","12"
"Decidueye-GX","","146"
"Decidueye-GX","","SV47"
"Decidueye-GX","","SM37"
"Dedenne","","RC10"
"Dedenne","","10"
"Dedenne","","145"
"Dedenne","","88"
"Dedenne","","84"
"Dedenne","","142"
"Dedenne","","94"
"Dedenne","","95"
"Dedenne","","36"
"Dedenne","","87"
"Dedenne","","85"
"Dedenne","","78"
"Dedenne","","77"
"Dedenne","","SV051"
"Dedenne","","67"
"Dedenne","","TG07"
"Dedenne","","SWSH080"
"Dedenne","","34"
"Dedenne","","70"
"Dedenne","","57"
"Dedenne ex","","93"
"Dedenne ex","","239"
"Dedenne-GX","","57"
"Dedenne-GX","","195"
"Dedenne-GX","","195a"
"Dedenne-GX","","219"
"Deduction Kit","","171"
"Deerling","","13"
"Deerling","","15"
"Deerling","","6"
"Deerling","","91"
"Deerling","","16"
"Deerling","","165"
"Deerling","","11"
"Deerling","","8"
"Defender","","80"
"Defender","","109"
"Defender","","72"
"Defiance Band","","169"
"Defiance Vest","","162"
"Deino","","97"
"Deino","","77"
"Deino","","93"
"Deino","","94"
"Deino","","75"
"Deino","","76"
"Deino","","65"
"Deino","","146"
"Deino","","60"
"Deino","","138"
"Deino","","117"
"Deino","","108"
"Deino","","113"
"Deino","","84"
"Deino","","72"
"Delcatty","","114"
"Delcatty","","23"
"Delcatty","","5"
"Delcatty","","29"
"Delcatty","","4"
"Delcatty","","8"
"Delcatty","","34"
"Delcatty","","166"
"Delcatty","","121"
"Delcatty","","SM132"
"Delcatty","","131"
"Delcatty","","142"
"Delcatty","","211"
"Delcatty","","3"
"Delcatty","","105"
"Delcatty ex","","91"
"Delibird","","38"
"Delibird","","36"
"Delibird","","49"
"Delibird","","21"
"Delibird","","39"
"Delibird","","105"
"Delibird","","152"
"Delibird","","5"
"Delibird","","6"
"Delibird","","26"
"Delibird","","57"
"Delibird","","46"
"Delibird","","32"
"Delinquent","","98"
"Delinquent","","98a"
"Delinquent","","98b"
"Delivery Drone","","178"
"Delphox","","17"
"Delphox","","27"
"Delphox","","10"
"Delphox","","26"
"Delphox","","13"
"Delphox BREAK","","14"
"Delphox V","","27"
"Delphox V","","173"
"Delphox-EX","","XY19"
"Deluxe Bomb","","134"
"Dendra","","179"
"Dendra","","250"
"Dendra","","266"
"Deoxys","","2"
"Deoxys","","SL1"
"Deoxys","","16"
"Deoxys","","17"
"Deoxys","","18"
"Deoxys","","67"
"Deoxys","","68"
"Deoxys","","69"
"Deoxys","","SM164"
"Deoxys","","74"
"Deoxys","","GG12"
"Deoxys","","120"
"Deoxys","","SWSH170"
"Deoxys","","33"
"Deoxys Attack Forme","","24"
"Deoxys Defense Forme","","25"
"Deoxys ex","","97"
"Deoxys ex","","98"
"Deoxys ex","","99"
"Deoxys ex","","93"
"Deoxys ex","","17"
"Deoxys Normal Forme","","1"
"Deoxys Speed Forme","","26"
"Deoxys V","","SWSH266"
"Deoxys VMAX","","GG45"
"Deoxys VMAX","","SWSH267"
"Deoxys VSTAR","","GG46"
"Deoxys VSTAR","","SWSH268"
"Deoxys δ","","3"
"Deoxys δ","","4"
"Deoxys δ","","5"
"Deoxys δ","","6"
"Deoxys δ","","2"
"Deoxys-EX","","53"
"Deoxys-EX","","111"
"Deoxys-EX","","BW82"
"Department Store Girl","","85"
"Desert Ruins","","88"
"Desert Shaman","","123"
"Detective Pikachu","","10"
"Detective Pikachu","","SM170"
"Detective Pikachu","","SM190"
"Detective Pikachu","","SM194"
"Devolution Spray","","72"
"Devolution Spray","","113"
"Devolution Spray","","95"
"Devolution Spray","","76"
"Devolution Spray Z","","166"
"Devoured Field","","93"
"Dewgong","","25"
"Dewgong","","36"
"Dewgong","","40"
"Dewgong","","45"
"Dewgong","","7"
"Dewgong","","H6"
"Dewgong","","3"
"Dewgong","","22"
"Dewgong","","97"
"Dewgong","","24"
"Dewgong","","87"
"Dewgong","","34"
"Dewgong","","16"
"Dewgong","","29"
"Dewgong δ","","15"
"Dewott","","29"
"Dewott","","30"
"Dewott","","38"
"Dewott","","40"
"Dewott","","5"
"Dewott","","22"
"Dewott","","106"
"Dewott","","42"
"Dewott","","34"
"Dewott","","31"
"Dewpider","","45"
"Dewpider","","48"
"Dewpider","","64"
"Dewpider","","14"
"Dewpider","","16"
"Dewpider","","32"
"Dewpider","","47"
"Dewpider","","19"
"Dhelmise","","18"
"Dhelmise","","20"
"Dhelmise","","98"
"Dhelmise","","59"
"Dhelmise","","22"
"Dhelmise","","SM53"
"Dhelmise","","19"
"Dhelmise","","10"
"Dhelmise","","70"
"Dhelmise V","","9"
"Dhelmise V","","187"
"Dhelmise VMAX","","10"
"Dialga","","20"
"Dialga","","3"
"Dialga","","SL2"
"Dialga","","1"
"Dialga","","16"
"Dialga","","4"
"Dialga","","DP26"
"Dialga","","DP49"
"Dialga","","95"
"Dialga","","5"
"Dialga","","6"
"Dialga","","23"
"Dialga","","127"
"Dialga","","135"
"Dialga","","121"
"Dialga","","112"
"Dialga","","XY77"
"Dialga G","","7"
"Dialga G LV.X","","122"
"Dialga LV.X","","105"
"Dialga LV.X","","DP17"
"Dialga LV.X","","DP37"
"Dialga-EX","","65"
"Dialga-EX","","99"
"Dialga-EX","","62"
"Dialga-EX","","122"
"Dialga-GX","","100"
"Dialga-GX","","146"
"Dialga-GX","","164"
"Dialga-GX","","82"
"Dialga-GX","","125"
"Dialga-GX","","138"
"Diancie","","RC22"
"Diancie","","94"
"Diancie","","SV36"
"Diancie","","86"
"Diancie","","68"
"Diancie","","GG13"
"Diancie","","79"
"Diancie","","71"
"Diancie ◇","","74"
"Diancie-EX","","72"
"Diancie-EX","","XY43"
"Diantha","","105"
"Diantha","","130"
"Digger","","75"
"Diggersby","","88"
"Diggersby","","98"
"Diggersby","","113"
"Diggersby","","147"
"Diggersby","","96"
"Diggersby","","215"
"Diggersby","","112"
"Diggersby","","90"
"Digging Duo","","126"
"Digging Gloves","","145"
"Diglett","","47"
"Diglett","","71"
"Diglett","","52"
"Diglett","","85"
"Diglett","","106"
"Diglett","","50"
"Diglett","","61"
"Diglett","","38"
"Diglett","","72"
"Diglett","","11"
"Diglett","","103"
"Diglett","","92"
"Diglett","","84"
"Diglett","","76"
"Diglett","","58"
"Diglett","","36"
"Diglett","","55"
"Dimension Valley","","93"
"Dipplin","","17"
"Dipplin","","18"
"Dipplin","","127"
"Dipplin","","170"
"Dipplin","","13"
"Dipplin","","10"
"Ditto","","3"
"Ditto","","18"
"Ditto","","108"
"Ditto","","17"
"Ditto","","27"
"Ditto","","51"
"Ditto","","35"
"Ditto","","36"
"Ditto","","37"
"Ditto","","38"
"Ditto","","39"
"Ditto","","40"
"Ditto","","61"
"Ditto","","62"
"Ditto","","63"
"Ditto","","64"
"Ditto","","4"
"Ditto","","53"
"Ditto","","12"
"Ditto","","132"
"Ditto","","201"
"Ditto","","107"
"Ditto","","GG22"
"Ditto","","XY40"
"Ditto ◇","","154"
"Ditto V","","50"
"Ditto V","","SV118"
"Ditto VMAX","","51"
"Ditto VMAX","","SV119"
"Dive Ball","","125"
"Dive Ball","","161"
"Dizzying Valley","","88"
"Doctor","","134"
"Doctor","","190"
"Doctor","","214"
"Dodrio","","34"
"Dodrio","","37"
"Dodrio","","41"
"Dodrio","","100"
"Dodrio","","46"
"Dodrio","","33"
"Dodrio","","21"
"Dodrio","","26"
"Dodrio","","56"
"Dodrio","","11"
"Dodrio","","25"
"Dodrio","","151"
"Dodrio","","85"
"Dodrio","","200"
"Dodrio","","99"
"Dodrio","","117"
"Dodrio V","","201"
"Doduo","","48"
"Doduo","","72"
"Doduo","","71"
"Doduo","","99"
"Doduo","","80"
"Doduo","","73"
"Doduo","","60"
"Doduo","","62"
"Doduo","","45"
"Doduo","","55"
"Doduo","","102"
"Doduo","","150"
"Doduo","","84"
"Doduo","","199"
"Doduo","","98"
"Doduo","","69"
"Doduo","","115"
"Doduo","","116"
"Dolliv","","22"
"Dolliv","","200"
"Dolliv","","20"
"Dolliv","","103"
"Dome Fossil","","89"
"Dome Fossil","","92"
"Dome Fossil Kabuto","","96"
"Dondozo","","61"
"Dondozo","","207"
"Dondozo","","55"
"Dondozo","","126"
"Dondozo","","12"
"Dondozo ex","","66"
"Dondozo ex","","211"
"Donphan","","72"
"Donphan","","107"
"Donphan","","42"
"Donphan","","48"
"Donphan","","7"
"Donphan","","17"
"Donphan","","40"
"Donphan","","30"
"Donphan","","21"
"Donphan","","8"
"Donphan","","73"
"Donphan","","112"
"Donphan","","49"
"Donphan","","103"
"Donphan","","92"
"Donphan","","87"
"Donphan","","SWSH067"
"Dottler","","11"
"Dottler","","184"
"Dottler","","18"
"Dottler","","19"
"Dottler","","SV008"
"Dottler","","64"
"Doublade","","94"
"Doublade","","48"
"Doublade","","108"
"Doublade","","132"
"Doublade","","133"
"Doublade","","134"
"Doublade","","106"
"Doublade","","84"
"Doublade","","99"
"Doublade","","61"
"Double Aqua Energy","","33"
"Double Colorless Energy","","96"
"Double Colorless Energy","","124"
"Double Colorless Energy","","113"
"Double Colorless Energy","","92"
"Double Colorless Energy","","74"
"Double Colorless Energy","","103"
"Double Colorless Energy","","136"
"Double Colorless Energy","","166"
"Double Colorless Energy","","69"
"Double Colorless Energy","","130"
"Double Colorless Energy","","114"
"Double Colorless Energy","","90"
"Double Colorless Energy","","111"
"Double Dragon Energy","","97"
"Double Full Heal","","105"
"Double Full Heal","","77"
"Double Full Heal","","86"
"Double Full Heal","","76"
"Double Gust","","100"
"Double Magma Energy","","34"
"Double Rainbow Energy","","88"
"Double Rainbow Energy","","87"
"Double Rainbow Energy","","4"
"Double Turbo Energy","","216"
"Double Turbo Energy","","151"
"Dowsing Machine","","128"
"Dracovish","","53"
"Dracovish","","SV036"
"Dracovish V","","114"
"Dracozolt","","65"
"Dracozolt","","SV045"
"Dracozolt V","","58"
"Dracozolt V","","178"
"Dracozolt VMAX","","59"
"Dracozolt VMAX","","210"
"Dragalge","","92"
"Dragalge","","53"
"Dragalge","","82"
"Dragalge","","71"
"Dragalge","","86"
"Dragalge","","XY10"
"Dragapult","","89"
"Dragapult","","91"
"Dragapult","","SV062"
"Dragapult","","130"
"Dragapult","","SWSH132"
"Dragapult ex","","160"
"Dragapult ex","","130"
"Dragapult ex","","200"
"Dragapult ex","","73"
"Dragapult ex","","165"
"Dragapult V","","92"
"Dragapult V","","183"
"Dragapult V","","SWSH096"
"Dragapult VMAX","","93"
"Dragapult VMAX","","197"
"Dragapult VMAX","","SWSH097"
"Dragon Elixir","","172"
"Dragon Talon","","59"
"Dragon Talon","","75"
"Dragonair","","18"
"Dragonair","","22"
"Dragonair","","82"
"Dragonair","","52"
"Dragonair","","3"
"Dragonair","","4"
"Dragonair","","75"
"Dragonair","","14"
"Dragonair","","32"
"Dragonair","","151"
"Dragonair","","95"
"Dragonair","","149"
"Dragonair","","150"
"Dragonair","","36"
"Dragonair","","118"
"Dragonair","","158"
"Dragonair","","148"
"Dragonair","","181"
"Dragonair","","130"
"Dragonair","","50"
"Dragonair δ","","41"
"Dragonair δ","","42"
"Dragonair δ","","28"
"Dragonite","","4"
"Dragonite","","19"
"Dragonite","","5"
"Dragonite","","83"
"Dragonite","","2"
"Dragonite","","9"
"Dragonite","","43"
"Dragonite","","18"
"Dragonite","","96"
"Dragonite","","151"
"Dragonite","","119"
"Dragonite","","149"
"Dragonite","","131"
"Dragonite","","51"
"Dragonite","","52"
"Dragonite ex","","90"
"Dragonite ex","","159"
"Dragonite ex δ","","91"
"Dragonite FB","","56"
"Dragonite V","","49"
"Dragonite V","","76"
"Dragonite V","","191"
"Dragonite V","","192"
"Dragonite V","","SWSH154"
"Dragonite V","","SWSH235"
"Dragonite VSTAR","","50"
"Dragonite VSTAR","","81"
"Dragonite VSTAR","","SWSH236"
"Dragonite δ","","3"
"Dragonite-EX","","72"
"Dragonite-EX","","106"
"Dragonite-EX","","74"
"Dragonite-EX","","108"
"Dragonite-GX","","152"
"Dragonite-GX","","229"
"Dragonite-GX","","248"
"Dragonite-GX","","37"
"Dragonite-GX","","67"
"Dragonite-GX","","SM156"
"Dragonium Z: Dragon Claw","","190"
"Drake's Stadium","","72"
"Drakloak","","159"
"Drakloak","","248"
"Drakloak","","129"
"Drakloak","","72"
"Drakloak","","88"
"Drakloak","","90"
"Drakloak","","SV061"
"Drampa","","14"
"Drampa","","176"
"Drampa","","159"
"Drampa","","97"
"Drampa","","117"
"Drampa","","51"
"Drampa","","SM21"
"Drampa","","161"
"Drampa","","138"
"Drampa","","184"
"Drampa","","130"
"Drampa","","149"
"Drampa","","119"
"Drampa V","","128"
"Drampa-GX","","115"
"Drampa-GX","","142"
"Drampa-GX","","160"
"Drampa-GX","","SV80"
"Drapion","","23"
"Drapion","","15"
"Drapion","","4"
"Drapion","","134"
"Drapion","","55"
"Drapion","","122"
"Drapion","","65"
"Drapion","","54"
"Drapion E4","","17"
"Drapion LV.X","","123"
"Drapion V","","118"
"Drapion V","","182"
"Drapion V","","GG49"
"Drapion V","","106"
"Drapion V","","175"
"Drapion VSTAR","","119"
"Drapion VSTAR","","200"
"Drasna","","173"
"Drasna","","231"
"Dratini","","26"
"Dratini","","38"
"Dratini","","53"
"Dratini","","72"
"Dratini","","81"
"Dratini","","91"
"Dratini","","1"
"Dratini","","2"
"Dratini","","107"
"Dratini","","52"
"Dratini","","62"
"Dratini","","9"
"Dratini","","150"
"Dratini","","63"
"Dratini","","94"
"Dratini","","147"
"Dratini","","148"
"Dratini","","34"
"Dratini","","35"
"Dratini","","116"
"Dratini","","117"
"Dratini","","157"
"Dratini","","129"
"Dratini","","49"
"Dratini δ","","65"
"Dratini δ","","66"
"Dratini δ","","46"
"Draw Energy","","209"
"Draw Energy","","271"
"Drayton","","174"
"Drayton","","232"
"Drayton","","244"
"Drayton","","172"
"Dream Ball","","146"
"Drednaw","","44"
"Drednaw","","61"
"Drednaw","","39"
"Drednaw","","27"
"Drednaw","","SV029"
"Drednaw","","81"
"Drednaw","","SWSH047"
"Drednaw V","","14"
"Drednaw V","","69"
"Drednaw VMAX","","15"
"Drednaw VMAX","","75"
"Dreepy","","158"
"Dreepy","","247"
"Dreepy","","128"
"Dreepy","","71"
"Dreepy","","87"
"Dreepy","","89"
"Dreepy","","SV060"
"Drifblim","","35"
"Drifblim","","51"
"Drifblim","","BW64"
"Drifblim","","24"
"Drifblim","","53"
"Drifblim","","16"
"Drifblim","","DP34"
"Drifblim","","12"
"Drifblim","","57"
"Drifblim","","81"
"Drifblim","","52"
"Drifblim","","90"
"Drifblim","","156"
"Drifblim","","61"
"Drifblim","","135"
"Drifblim","","64"
"Drifblim","","47"
"Drifblim FB","","3"
"Drifloon","","34"
"Drifloon","","49"
"Drifloon","","50"
"Drifloon","","46"
"Drifloon","","61"
"Drifloon","","92"
"Drifloon","","58"
"Drifloon","","SH1"
"Drifloon","","103"
"Drifloon","","6"
"Drifloon","","80"
"Drifloon","","51"
"Drifloon","","89"
"Drifloon","","155"
"Drifloon","","60"
"Drifloon","","63"
"Drilbur","","54"
"Drilbur","","55"
"Drilbur","","8"
"Drilbur","","118"
"Drilbur","","114"
"Drilbur","","111"
"Drilbur","","85"
"Drilbur","","108"
"Drilbur","","91"
"Drilbur","","147"
"Drilbur","","89"
"Drilbur","","45"
"Drilbur","","124"
"Drizzile","","40"
"Drizzile","","56"
"Drizzile","","57"
"Drizzile","","SV026"
"Drizzile","","42"
"Drone Rotom","","151"
"Drowzee","","49"
"Drowzee","","73"
"Drowzee","","54"
"Drowzee","","65"
"Drowzee","","74"
"Drowzee","","67"
"Drowzee","","32"
"Drowzee","","62"
"Drowzee","","59"
"Drowzee","","71"
"Drowzee","","82"
"Drowzee","","210"
"Drowzee","","96"
"Drowzee","","16"
"Drowzee","","60"
"Drowzee","","61"
"Drowzee","","35"
"Drowzee","","50"
"Druddigon","","70"
"Druddigon","","106"
"Druddigon","","89"
"Druddigon","","94"
"Druddigon","","BW80"
"Druddigon","","17"
"Druddigon","","71"
"Druddigon","","151"
"Druddigon","","157"
"Druddigon","","45"
"Druddigon","","115"
"Druddigon","","TG09"
"Druddigon","","113"
"Druddigon","","83"
"Dual Ball","","78"
"Dual Ball","","139"
"Dual Ball","","89"
"Dual Ball","","72"
"Dubwool","","125"
"Dubwool","","154"
"Dubwool","","122"
"Dubwool","","SV104"
"Dubwool","","223"
"Dubwool V","","153"
"Dubwool V","","188"
"Dubwool V","","SV120"
"Dubwool V","","SWSH049"
"Ducklett","","36"
"Ducklett","","29"
"Ducklett","","26"
"Ducklett","","35"
"Ducklett","","42"
"Ducklett","","BW17"
"Ducklett","","25"
"Ducklett","","109"
"Ducklett","","59"
"Ducklett","","139"
"Ducklett","","46"
"Ducklett","","148"
"Ducklett","","SV095"
"Dudunsparce","","157"
"Dudunsparce","","229"
"Dudunsparce","","129"
"Dudunsparce","","80"
"Dudunsparce ex","","121"
"Dudunsparce ex","","178"
"Dugtrio","","19"
"Dugtrio","","23"
"Dugtrio","","24"
"Dugtrio","","10"
"Dugtrio","","44"
"Dugtrio","","52"
"Dugtrio","","5"
"Dugtrio","","22"
"Dugtrio","","39"
"Dugtrio","","86"
"Dugtrio","","104"
"Dugtrio","","51"
"Dugtrio","","93"
"Dugtrio","","85"
"Dugtrio","","77"
"Dugtrio","","59"
"Dugtrio","","56"
"Dunsparce","","111"
"Dunsparce","","47"
"Dunsparce","","53"
"Dunsparce","","31"
"Dunsparce","","60"
"Dunsparce","","41"
"Dunsparce","","29"
"Dunsparce","","54"
"Dunsparce","","73"
"Dunsparce","","110"
"Dunsparce","","156"
"Dunsparce","","128"
"Dunsparce","","79"
"Dunsparce","","120"
"Dunsparce","","GG23"
"Dunsparce","","137"
"Dunsparce","","207"
"Dunsparce","","101"
"Dunsparce","","68"
"Dunsparce","","90"
"Duosion","","56"
"Duosion","","43"
"Duosion","","75"
"Duosion","","51"
"Duosion","","71"
"Duosion","","77"
"Duosion","","34"
"Duosion","","38"
"Duosion","","119"
"Duraludon","","74"
"Duraludon","","106"
"Duraludon","","129"
"Duraludon","","69"
"Duraludon","","138"
"Duraludon","","SV092"
"Duraludon","","SWSH028"
"Duraludon","","SWSH060"
"Duraludon V","","103"
"Duraludon V","","47"
"Duraludon V","","122"
"Duraludon V","","197"
"Duraludon V","","198"
"Duraludon VMAX","","104"
"Duraludon VMAX","","TG21"
"Duraludon VMAX","","TG30"
"Duraludon VMAX","","123"
"Duraludon VMAX","","219"
"Duraludon VMAX","","220"
"Durant","","83"
"Durant","","91"
"Durant","","92"
"Durant","","70"
"Durant","","150"
"Durant","","128"
"Durant","","129"
"Durant","","14"
"Durant","","8"
"Durant","","13"
"Durant","","132"
"Durant","","10"
"Durant","","184"
"Durant","","61"
"Durant","","9"
"Durant ex","","4"
"Durant ex","","215"
"Durant ex","","236"
"Dusclops","","62"
"Dusclops","","47"
"Dusclops","","34"
"Dusclops","","35"
"Dusclops","","17"
"Dusclops","","14"
"Dusclops","","4"
"Dusclops","","7"
"Dusclops","","84"
"Dusclops","","52"
"Dusclops","","19"
"Dusclops","","69"
"Dusclops","","36"
"Dusclops","","63"
"Dusclops","","70"
"Dusclops","","61"
"Dusclops","","39"
"Dusclops ex","","94"
"Dusk Ball","","110"
"Dusk Ball","","80"
"Dusk Ball","","175"
"Dusk Mane Necrozma","","SM107"
"Dusk Mane Necrozma","","SM124"
"Dusk Mane Necrozma-GX","","90"
"Dusk Mane Necrozma-GX","","145"
"Dusk Mane Necrozma-GX","","163"
"Dusk Mane Necrozma-GX","","SM102"
"Dusk Stone","","167"
"Dusknoir","","104"
"Dusknoir","","63"
"Dusknoir","","2"
"Dusknoir","","1"
"Dusknoir","","17"
"Dusknoir","","DP33"
"Dusknoir","","85"
"Dusknoir","","53"
"Dusknoir","","20"
"Dusknoir","","70"
"Dusknoir","","37"
"Dusknoir","","71"
"Dusknoir","","62"
"Dusknoir","","TG06"
"Dusknoir","","40"
"Dusknoir FB","","26"
"Dusknoir LV.X","","96"
"Duskull","","61"
"Duskull","","80"
"Duskull","","86"
"Duskull","","59"
"Duskull","","60"
"Duskull","","SH2"
"Duskull","","51"
"Duskull","","50"
"Duskull","","62"
"Duskull","","58"
"Duskull","","46"
"Duskull","","83"
"Duskull","","18"
"Duskull","","68"
"Duskull","","35"
"Duskull","","GG28"
"Duskull","","69"
"Duskull","","38"
"Dust Island","","168"
"Dustox","","47"
"Dustox","","25"
"Dustox","","6"
"Dustox","","15"
"Dustox","","220"
"Dustox","","28"
"Dustox","","10"
"Dustox","","7"
"Dustox","","8"
"Dustox ex","","86"
"Dwebble","","13"
"Dwebble","","6"
"Dwebble","","7"
"Dwebble","","84"
"Dwebble","","3"
"Dwebble","","10"
"Dwebble","","11"
"Dwebble","","51"
"Dwebble","","129"
"Dyna Tree Hill","","135"
"Ear-Ringing Bell","","194"
"Earthen Seal Stone","","154"
"Earthen Vessel","","163"
"Earthen Vessel","","96"
"Earthen Vessel","","106"
"Echoing Horn","","136"
"Echoing Horn","","225"
"Eco Arm","","71"
"Ecogym","","84"
"Eelektrik","","32"
"Eelektrik","","40"
"Eelektrik","","46"
"Eelektrik","","60"
"Eelektrik","","65"
"Eelektrik","","45"
"Eelektrik","","68"
"Eelektrik","","48"
"Eelektrik","","58"
"Eelektrik","","96"
"Eelektrik","","63"
"Eelektrik","","64"
"Eelektrik","","31"
"Eelektrik","","114"
"Eelektross","","33"
"Eelektross","","41"
"Eelektross","","47"
"Eelektross","","66"
"Eelektross","","46"
"Eelektross","","69"
"Eelektross","","61"
"Eelektross","","59"
"Eelektross","","97"
"Eelektross","","65"
"Eelektross","","32"
"Eelektross","","115"
"Eevee","","51"
"Eevee","","55"
"Eevee","","74"
"Eevee","","11"
"Eevee","","RC14"
"Eevee","","83"
"Eevee","","84"
"Eevee","","89"
"Eevee","","90"
"Eevee","","BW94"
"Eevee","","BW97"
"Eevee","","56"
"Eevee","","62"
"Eevee","","63"
"Eevee","","75"
"Eevee","","54"
"Eevee","","69"
"Eevee","","47"
"Eevee","","48"
"Eevee","","12"
"Eevee","","38"
"Eevee","","59"
"Eevee","","13"
"Eevee","","101"
"Eevee","","101a"
"Eevee","","49"
"Eevee","","166"
"Eevee","","167"
"Eevee","","104"
"Eevee","","105"
"Eevee","","155"
"Eevee","","SV41"
"Eevee","","SM184"
"Eevee","","SM235"
"Eevee","","133"
"Eevee","","135"
"Eevee","","188"
"Eevee","","50"
"Eevee","","113"
"Eevee","","143"
"Eevee","","43"
"Eevee","","119"
"Eevee","","130"
"Eevee","","52"
"Eevee","","125"
"Eevee","","205"
"Eevee","","TG11"
"Eevee","","SWSH042"
"Eevee","","SWSH095"
"Eevee","","SWSH118"
"Eevee","","SWSH127"
"Eevee","","SWSH175"
"Eevee","","SWSH190"
"Eevee","","SWSH212"
"Eevee","","80"
"Eevee & Snorlax-GX","","120"
"Eevee & Snorlax-GX","","171"
"Eevee & Snorlax-GX","","191"
"Eevee & Snorlax-GX","","SM169"
"Eevee ex","","75"
"Eevee ex","","167"
"Eevee on the Ball","","2"
"Eevee V","","108"
"Eevee V","","SWSH065"
"Eevee VMAX","","SWSH087"
"Eevee δ","","68"
"Eevee-GX","","SM174"
"Eevee-GX","","SM175"
"Eevee-GX","","SM176"
"Eevee-GX","","SM233"
"Eevee-GX","","SM242"
"Egg Incubator","","66"
"Egg Incubator","","87"
"Eiscue","","44"
"Eiscue","","48"
"Eiscue","","205"
"Eiscue","","54"
"Eiscue","","SV035"
"Eiscue","","47"
"Eiscue","","SWSH128"
"Eiscue ex","","42"
"Eiscue ex","","210"
"Eiscue ex","","222"
"Eiscue V","","55"
"Ekans","","46"
"Ekans","","56"
"Ekans","","66"
"Ekans","","108"
"Ekans","","64"
"Ekans","","55"
"Ekans","","62"
"Ekans","","25"
"Ekans","","26"
"Ekans","","36"
"Ekans","","23"
"Ekans","","100"
"Ekans","","33"
"Ekans","","47"
"Ekans δ","","47"
"Eldegoss","","11"
"Eldegoss","","21"
"Eldegoss","","15"
"Eldegoss","","SV011"
"Eldegoss","","16"
"Eldegoss","","25"
"Eldegoss","","SWSH046"
"Eldegoss V","","19"
"Eldegoss V","","176"
"Eldegoss V","","5"
"Eldegoss V","","SWSH084"
"Electabuzz","","20"
"Electabuzz","","24"
"Electabuzz","","2"
"Electabuzz","","46"
"Electabuzz","","1"
"Electabuzz","","53"
"Electabuzz","","81"
"Electabuzz","","87"
"Electabuzz","","76"
"Electabuzz","","22"
"Electabuzz","","35"
"Electabuzz","","33"
"Electabuzz","","128"
"Electabuzz","","42"
"Electabuzz","","43"
"Electabuzz","","71"
"Electabuzz","","68"
"Electabuzz","","125"
"Electabuzz","","58"
"Electabuzz","","44"
"Electabuzz","","41"
"Electabuzz","","29"
"Electabuzz ex","","97"
"Electabuzz δ","","29"
"Electivire","","54"
"Electivire","","3"
"Electivire","","25"
"Electivire","","20"
"Electivire","","43"
"Electivire","","44"
"Electivire","","72"
"Electivire","","47"
"Electivire","","GG08"
"Electivire","","59"
"Electivire","","45"
"Electivire","","30"
"Electivire ex","","69"
"Electivire ex","","212"
"Electivire FB","","4"
"Electivire FB LV.X","","144"
"Electivire LV.X","","121"
"Electric Generator","","170"
"Electric Generator","","79"
"Electric Memory","","121"
"Electrike","","41"
"Electrike","","42"
"Electrike","","81"
"Electrike","","64"
"Electrike","","30"
"Electrike","","52"
"Electrike","","53"
"Electrike","","59"
"Electrike","","60"
"Electrike","","47"
"Electrike","","48"
"Electrike","","7"
"Electrike","","49"
"Electrike","","74"
"Electrike","","62"
"Electrike","","63"
"Electrike","","51"
"Electrike","","75"
"Electrike","","196"
"Electrike","","54"
"Electrike","","58"
"Electrike","","1"
"Electrike","","2"
"Electrike","","24"
"Electrocharger","","139"
"Electrocharger","","193"
"Electrode","","21"
"Electrode","","2"
"Electrode","","18"
"Electrode","","25"
"Electrode","","22"
"Electrode","","52"
"Electrode","","33"
"Electrode","","BW76"
"Electrode","","26"
"Electrode","","36"
"Electrode","","37"
"Electrode","","8"
"Electrode","","H7"
"Electrode","","32"
"Electrode","","5"
"Electrode","","27"
"Electrode","","34"
"Electrode","","93"
"Electrode","","31"
"Electrode","","39"
"Electrode","","67"
"Electrode","","101"
"Electrode","","134"
"Electrode","","57"
"Electrode","","46"
"Electrode","","222"
"Electrode","","88"
"Electrode","","45"
"Electrode","","40"
"Electrode ex","","107"
"Electrode G","","39"
"Electrode-GX","","48"
"Electrode-GX","","155"
"Electrode-GX","","172"
"Electrode-GX","","SV57"
"Electromagnetic Radar","","169"
"Electromagnetic Radar","","230"
"Electropower","","172"
"Electropower","","172a"
"Electropower","","232"
"Elekid","","48"
"Elekid","","9"
"Elekid","","23"
"Elekid","","36"
"Elekid","","21"
"Elekid","","22"
"Elekid","","59"
"Elekid δ","","48"
"Elemental Badge","","147"
"Elesa","","RC20"
"Elesa's Sparkle","","147"
"Elesa's Sparkle","","233"
"Elesa's Sparkle","","260"
"Elesa's Sparkle","","275"
"Elgyem","","54"
"Elgyem","","55"
"Elgyem","","61"
"Elgyem","","68"
"Elgyem","","69"
"Elgyem","","BW55"
"Elgyem","","90"
"Elgyem","","73"
"Elgyem","","79"
"Elgyem","","40"
"Elgyem","","120"
"Emboar","","19"
"Emboar","","20"
"Emboar","","27"
"Emboar","","100"
"Emboar","","26"
"Emboar","","BW21"
"Emboar","","13"
"Emboar","","98"
"Emboar","","33"
"Emboar","","25"
"Emboar-EX","","14"
"Emcee's Chatter","","73"
"Emcee's Hype","","163"
"Emcee's Hype","","220"
"Emergency Jelly","","155"
"Emolga","","49"
"Emolga","","RC23"
"Emolga","","32"
"Emolga","","37"
"Emolga","","45"
"Emolga","","6"
"Emolga","","35"
"Emolga","","46"
"Emolga","","69"
"Emolga","","54"
"Emolga","","47"
"Emolga","","57"
"Emolga","","29"
"Emolga","","112"
"Emolga-EX","","46"
"Emolga-EX","","143"
"Empoleon","","35"
"Empoleon","","29"
"Empoleon","","117"
"Empoleon","","BW56"
"Empoleon","","4"
"Empoleon","","17"
"Empoleon","","2"
"Empoleon","","26"
"Empoleon","","56"
"Empoleon","","34"
"Empoleon","","81"
"Empoleon","","37"
"Empoleon","","38"
"Empoleon BREAK","","XY134"
"Empoleon ex","","70"
"Empoleon ex","","114"
"Empoleon FB","","27"
"Empoleon LV.X","","120"
"Empoleon LV.X","","DP11"
"Empoleon V","","40"
"Empoleon V","","145"
"Empoleon V","","146"
"Empoleon V","","SWSH108"
"Enamorus","","93"
"Enamorus","","180"
"Enamorus","","67"
"Enamorus V","","82"
"Enamorus V","","178"
"Enamorus V","","TG18"
"Eneporter","","106"
"Eneporter","","142"
"Energy Amplifier","","98"
"Energy Ark","","75"
"Energy Charge","","86"
"Energy Charge","","85"
"Energy Coin","","81"
"Energy Exchanger","","73"
"Energy Flow","","122"
"Energy Link","","83"
"Energy Loto","","122"
"Energy Loto","","140"
"Energy Pickup","","132"
"Energy Pouch","","97"
"Energy Recycle System","","81"
"Energy Recycle System","","73"
"Energy Recycle System","","84"
"Energy Recycle System","","128"
"Energy Recycler","","123"
"Energy Recycler","","143"
"Energy Recycler","","164"
"Energy Recycler","","124"
"Energy Recycler","","72"
"Energy Removal","","92"
"Energy Removal","","119"
"Energy Removal 2","","140"
"Energy Removal 2","","80"
"Energy Removal 2","","82"
"Energy Removal 2","","74"
"Energy Removal 2","","89"
"Energy Reset","","98"
"Energy Restore","","106"
"Energy Restore","","81"
"Energy Restore","","141"
"Energy Restore","","86"
"Energy Retrieval","","81"
"Energy Retrieval","","110"
"Energy Retrieval","","107"
"Energy Retrieval","","92"
"Energy Retrieval","","80"
"Energy Retrieval","","82"
"Energy Retrieval","","116"
"Energy Retrieval","","59"
"Energy Retrieval","","171"
"Energy Retrieval","","160"
"Energy Retrieval","","127"
"Energy Retrieval","","77"
"Energy Retrieval","","126"
"Energy Retrieval","","99"
"Energy Returner","","74"
"Energy Root","","83"
"Energy Search","","59"
"Energy Search","","93"
"Energy Search","","128"
"Energy Search","","117"
"Energy Search","","90"
"Energy Search","","153"
"Energy Search","","94"
"Energy Search","","86"
"Energy Search","","172"
"Energy Search","","161"
"Energy Search","","9"
"Energy Search","","8"
"Energy Search Pro","","176"
"Energy Spinner","","170"
"Energy Stadium","","99"
"Energy Sticker","","159"
"Energy Switch","","94"
"Energy Switch","","112"
"Energy Switch","","107"
"Energy Switch","","84"
"Energy Switch","","120"
"Energy Switch","","82"
"Energy Switch","","75"
"Energy Switch","","90"
"Energy Switch","","61"
"Energy Switch","","91"
"Energy Switch","","115"
"Energy Switch","","117"
"Energy Switch","","129"
"Energy Switch","","173"
"Energy Switch","","162"
"Energy Switch","","212"
"Energy Switch","","89"
"Energy Switch","","109"
"Engineer's Adjustments","","75"
"Enhanced Hammer","","94"
"Enhanced Hammer","","124"
"Enhanced Hammer","","124a"
"Enhanced Hammer","","162"
"Enhanced Hammer","","148"
"Enhanced Hammer","","224"
"Enriching Energy","","191"
"Entei","","34"
"Entei","","SL3"
"Entei","","4"
"Entei","","10"
"Entei","","H8"
"Entei","","HGSS20"
"Entei","","25"
"Entei","","6"
"Entei","","17"
"Entei","","1"
"Entei","","28"
"Entei","","47"
"Entei","","SM219"
"Entei","","30"
"Entei","","112"
"Entei","","21"
"Entei","","20"
"Entei","","19"
"Entei","","14"
"Entei","","15"
"Entei & Raikou LEGEND","","90"
"Entei & Raikou LEGEND","","91"
"Entei ★","","113"
"Entei ex","","91"
"Entei V","","GG36"
"Entei V","","22"
"Entei-EX","","13"
"Entei-EX","","103"
"Entei-GX","","10"
"Entei-GX","","10a"
"Entei-GX","","71"
"Entei-GX","","74"
"Eri","","146"
"Eri","","199"
"Eri","","210"
"Eri","","136"
"Erika","","16"
"Erika","","100"
"Erika","","191"
"Erika's Bellsprout","","75"
"Erika's Bellsprout","","76"
"Erika's Bellsprout","","38"
"Erika's Bellsprout","","4"
"Erika's Bulbasaur","","39"
"Erika's Clefable","","3"
"Erika's Clefairy","","25"
"Erika's Clefairy","","40"
"Erika's Dragonair","","4"
"Erika's Dratini","","42"
"Erika's Exeggcute","","43"
"Erika's Exeggcute","","77"
"Erika's Exeggutor","","44"
"Erika's Gloom","","45"
"Erika's Gloom","","46"
"Erika's Gloom","","2"
"Erika's Hospitality","","56"
"Erika's Hospitality","","140"
"Erika's Hospitality","","174"
"Erika's Invitation","","160"
"Erika's Invitation","","196"
"Erika's Invitation","","203"
"Erika's Ivysaur","","41"
"Erika's Jigglypuff","","69"
"Erika's Kindness","","103"
"Erika's Maids","","109"
"Erika's Oddish","","47"
"Erika's Oddish","","78"
"Erika's Oddish","","70"
"Erika's Oddish","","1"
"Erika's Paras","","71"
"Erika's Perfume","","110"
"Erika's Tangela","","79"
"Erika's Tangela","","7"
"Erika's Tangela","","218"
"Erika's Venusaur","","4"
"Erika's Victreebel","","26"
"Erika's Victreebel","","6"
"Erika's Vileplume","","5"
"Erika's Vileplume ex","","3"
"Erika's Weepinbell","","48"
"Erika's Weepinbell","","49"
"Erika's Weepinbell","","5"
"Escape Board","","122"
"Escape Board","","122a"
"Escape Board","","167"
"Escape Rope","","120"
"Escape Rope","","114"
"Escape Rope","","163"
"Escape Rope","","125"
"Escape Rope","","127"
"Escavalier","","61"
"Escavalier","","80"
"Escavalier","","74"
"Escavalier","","142"
"Escavalier","","69"
"Escavalier","","102"
"Escavalier","","124"
"Escavalier","","101"
"Escavalier","","64"
"Escavalier","","60"
"Escavalier","","138"
"Espathra","","103"
"Espathra","","81"
"Espathra","","197"
"Espathra","","69"
"Espathra","","95"
"Espathra","","10"
"Espathra ex","","6"
"Espathra ex","","214"
"Espeon","","48"
"Espeon","","BW92"
"Espeon","","4"
"Espeon","","18"
"Espeon","","11"
"Espeon","","H9"
"Espeon","","16"
"Espeon","","2"
"Espeon","","81"
"Espeon","","1"
"Espeon","","20"
"Espeon","","89"
"Espeon","","86"
"Espeon","","33"
"Espeon","","SWSH174"
"Espeon & Deoxys-GX","","72"
"Espeon & Deoxys-GX","","SM240"
"Espeon ★","","16"
"Espeon E4","","18"
"Espeon ex","","102"
"Espeon ex","","34"
"Espeon ex","","155"
"Espeon V","","64"
"Espeon V","","179"
"Espeon V","","180"
"Espeon V","","SWSH201"
"Espeon VMAX","","65"
"Espeon VMAX","","270"
"Espeon δ","","4"
"Espeon-EX","","52"
"Espeon-EX","","117"
"Espeon-GX","","61"
"Espeon-GX","","140"
"Espeon-GX","","152"
"Espeon-GX","","SV60"
"Espeon-GX","","SM35"
"Espurr","","RC14"
"Espurr","","79"
"Espurr","","59"
"Espurr","","44"
"Espurr","","84"
"Espurr","","81"
"Espurr","","60"
"Espurr","","42"
"Espurr","","58"
"Eternatus","","69"
"Eternatus","","141"
"Eternatus V","","TG21"
"Eternatus V","","116"
"Eternatus V","","SV121"
"Eternatus V","","SWSH044"
"Eternatus V","","SWSH064"
"Eternatus VMAX","","TG22"
"Eternatus VMAX","","117"
"Eternatus VMAX","","192"
"Eternatus VMAX","","SV122"
"Eternatus VMAX","","SWSH045"
"Ethan's Adventure","","165"
"Ethan's Adventure","","221"
"Ethan's Adventure","","236"
"Ethan's Cyndaquil","","32"
"Ethan's Ho-Oh ex","","26"
"Ethan's Ho-Oh ex","","39"
"Ethan's Ho-Oh ex","","209"
"Ethan's Ho-Oh ex","","230"
"Ethan's Ho-Oh ex","","239"
"Ethan's Magcargo","","24"
"Ethan's Magcargo","","222"
"Ethan's Magcargo","","36"
"Ethan's Pichu","","71"
"Ethan's Pinsir","","1"
"Ethan's Quilava","","33"
"Ethan's Slugma","","23"
"Ethan's Slugma","","35"
"Ethan's Sudowoodo","","93"
"Ethan's Typhlosion","","34"
"Ethan's Typhlosion","","190"
"Ether","","121"
"Evelyn","","141"
"Evelyn","","175"
"Eviolite","","91"
"Eviolite","","122"
"Evolution Incense","","163"
"Evosoda","","62"
"Evosoda","","116"
"Excadrill","","56"
"Excadrill","","57"
"Excadrill","","119"
"Excadrill","","115"
"Excadrill","","246"
"Excadrill","","147"
"Excadrill","","86"
"Excadrill","","174"
"Excadrill","","109"
"Excadrill","","122"
"Excadrill","","183"
"Excadrill","","96"
"Excadrill","","97"
"Excadrill ex","","46"
"Excadrill ex","","160"
"Excadrill ex","","168"
"Excadrill-EX","","82"
"Exeggcute","","52"
"Exeggcute","","74"
"Exeggcute","","75"
"Exeggcute","","102"
"Exeggcute","","4"
"Exeggcute","","82"
"Exeggcute","","93"
"Exeggcute","","76"
"Exeggcute","","77"
"Exeggcute","","33"
"Exeggcute","","63"
"Exeggcute","","64"
"Exeggcute","","73"
"Exeggcute","","1"
"Exeggcute","","8"
"Exeggcute","","SM119"
"Exeggcute","","23"
"Exeggcute","","2"
"Exeggcute","","192"
"Exeggcute","","57"
"Exeggcute δ","","65"
"Exeggutor","","35"
"Exeggutor","","39"
"Exeggutor","","23"
"Exeggutor","","5"
"Exeggutor","","24"
"Exeggutor","","54"
"Exeggutor","","12"
"Exeggutor","","13"
"Exeggutor","","H10"
"Exeggutor","","18"
"Exeggutor","","135"
"Exeggutor","","74"
"Exeggutor","","103"
"Exeggutor","","3"
"Exeggutor","","2"
"Exeggutor","","58"
"Exeggutor δ","","41"
"Exp. Share","","87"
"Exp. Share","","18"
"Exp. Share","","118"
"Exp. Share","","174"
"Exp. Share","","126"
"Exp. Share","","180"
"Exp. Share","","128"
"EXP.ALL","","91"
"EXP.ALL","","93"
"Expedition Uniform","","137"
"Expert Belt","","87"
"Explorer's Guidance","","147"
"Explorer's Guidance","","200"
"Explorer's Guidance","","107"
"Exploud","","107"
"Exploud","","17"
"Exploud","","6"
"Exploud","","3"
"Exploud","","28"
"Exploud","","119"
"Exploud","","150"
"Exploud","","137"
"Exploud","","82"
"Exploud","","85"
"Exploud ex","","92"
"Faba","","173"
"Faba","","208"
"Faded Town","","73"
"Fairy Charm Ability","","171"
"Fairy Charm Dragon","","177"
"Fairy Charm Fighting","","176"
"Fairy Charm Grass","","174"
"Fairy Charm Lightning","","172"
"Fairy Charm Psychic","","175"
"Fairy Charm UB","","142"
"Fairy Drop","","99"
"Fairy Energy","","83"
"Fairy Energy","","172"
"Fairy Energy","","169"
"Fairy Energy","","140"
"Fairy Energy","","99"
"Fairy Garden","","117"
"Fairy Garden","","100"
"Falinks","","119"
"Falinks","","88"
"Falinks","","TG07"
"Falinks","","110"
"Falinks","","109"
"Falinks","","SV074"
"Falinks","","83"
"Falinks","","154"
"Falinks","","155"
"Falinks V","","110"
"Falinks V","","185"
"Falinks V","","SV115"
"Falkner","","180"
"Falkner","","251"
"Familiar Bell","","161"
"Fan of Waves","","127"
"Fan of Waves","","226"
"Fan Rotom","","171"
"Fan Rotom","","250"
"Fan Rotom","","RT1"
"Fan Rotom","","110"
"Fan Rotom","","118"
"Fan Rotom","","85"
"Fantina","","157"
"Fantina","","191"
"Fantina","","206"
"Farewell Bell","","234"
"Farfetch'd","","27"
"Farfetch'd","","40"
"Farfetch'd","","107"
"Farfetch'd","","49"
"Farfetch'd","","38"
"Farfetch'd","","55"
"Farfetch'd","","23"
"Farfetch'd","","19"
"Farfetch'd","","43"
"Farfetch'd","","45"
"Farfetch'd","","127"
"Farfetch'd","","83"
"Farfetch'd","","132"
"Farfetch'd","","115"
"Farfetch'd","","25"
"Farfetch'd","","68"
"Farigiraf","","155"
"Farigiraf","","228"
"Farigiraf","","84"
"Farigiraf ex","","108"
"Farigiraf ex","","194"
"Fast Ball","","124"
"Fearow","","36"
"Fearow","","41"
"Fearow","","42"
"Fearow","","11"
"Fearow","","45"
"Fearow","","37"
"Fearow","","24"
"Fearow","","15"
"Fearow","","103"
"Fearow","","98"
"Fearow","","146"
"Fearow","","22"
"Fearow","","112"
"Fearow","","79"
"Fearow","","66"
"Fearow","","XY57"
"Fearow δ","","18"
"Feather Ball","","141"
"Feebas","","27"
"Feebas","","67"
"Feebas","","61"
"Feebas","","49"
"Feebas","","50"
"Feebas","","104"
"Feebas","","26"
"Feebas","","28"
"Feebas","","35"
"Feebas","","41"
"Feebas","","198"
"Feebas","","39"
"Feebas","","38"
"Feebas","","37"
"Feebas","","22"
"Feebas","","43"
"Feebas δ","","49"
"Felicity's Drawing","","98"
"Fennekin","","3"
"Fennekin","","14"
"Fennekin","","15"
"Fennekin","","25"
"Fennekin","","8"
"Fennekin","","24"
"Fennekin","","10"
"Fennekin","","11"
"Fennekin","","XY02"
"Fennel","","82"
"Fennel","","162"
"Feraligatr","","25"
"Feraligatr","","8"
"Feraligatr","","12"
"Feraligatr","","46"
"Feraligatr","","47"
"Feraligatr","","4"
"Feraligatr","","20"
"Feraligatr","","108"
"Feraligatr","","HGSS07"
"Feraligatr","","5"
"Feraligatr","","24"
"Feraligatr","","41"
"Feraligatr","","89"
"Feraligatr","","57"
"Feraligatr","","17"
"Feraligatr ex","","103"
"Feraligatr δ","","2"
"Ferroseed","","70"
"Ferroseed","","71"
"Ferroseed","","77"
"Ferroseed","","68"
"Ferroseed","","148"
"Ferroseed","","102"
"Ferroseed","","127"
"Ferroseed","","130"
"Ferroseed","","121"
"Ferroseed","","123"
"Ferroseed","","79"
"Ferrothorn","","72"
"Ferrothorn","","73"
"Ferrothorn","","69"
"Ferrothorn","","149"
"Ferrothorn","","103"
"Ferrothorn","","128"
"Ferrothorn","","209"
"Ferrothorn","","131"
"Ferrothorn","","122"
"Ferrothorn","","124"
"Ferrothorn","","80"
"Fervor","","124"
"Festival Grounds","","149"
"Festival Grounds","","108"
"Fezandipiti","","96"
"Fezandipiti","","73"
"Fezandipiti","","45"
"Fezandipiti ex","","142"
"Fezandipiti ex","","288"
"Fezandipiti ex","","38"
"Fezandipiti ex","","84"
"Fezandipiti ex","","92"
"Fidough","","97"
"Fidough","","98"
"Fidough","","213"
"Fidough","","38"
"Fidough","","66"
"Fidough","","69"
"Field Blower","","125"
"Field Blower","","125a"
"Field Blower","","163"
"Fieldworker","","73"
"Fiery Flint","","60"
"Fiery Flint","","60a"
"Fiery Flint","","76"
"Fiery Torch","","89"
"Fighting Au Lait","","181"
"Fighting Cube 01","","121"
"Fighting Energy","","97"
"Fighting Energy","","125"
"Fighting Energy","","110"
"Fighting Energy","","93"
"Fighting Energy","","128"
"Fighting Energy","","160"
"Fighting Energy","","105"
"Fighting Energy","","108"
"Fighting Energy","","106"
"Fighting Energy","","80"
"Fighting Energy","","127"
"Fighting Energy","","120"
"Fighting Energy","","169"
"Fighting Energy","","157"
"Fighting Energy","","233"
"Fighting Energy","","137"
"Fighting Energy","","96"
"Fighting Fury Belt","","99"
"Fighting Gong","","116"
"Fighting Gong","","168"
"Fighting Gong","","187"
"Fighting Memory","","94"
"Fighting Stadium","","90"
"Finizen","","60"
"Finizen","","61"
"Finizen","","123"
"Finizen","","48"
"Finizen","","59"
"Finneon","","83"
"Finneon","","61"
"Finneon","","39"
"Finneon","","35"
"Finneon","","40"
"Finneon","","SWSH240"
"Finneon","","18"
"Fire Crystal","","173"
"Fire Crystal","","231"
"Fire Cube 01","","122"
"Fire Energy","","98"
"Fire Energy","","126"
"Fire Energy","","106"
"Fire Energy","","89"
"Fire Energy","","124"
"Fire Energy","","161"
"Fire Energy","","108"
"Fire Energy","","104"
"Fire Energy","","102"
"Fire Energy","","76"
"Fire Energy","","128"
"Fire Energy","","116"
"Fire Energy","","107"
"Fire Energy","","165"
"Fire Energy","","167"
"Fire Energy","","153"
"Fire Energy","","284"
"Fire Energy","","10"
"Fire Energy","","11"
"Fire Energy","","133"
"Fire Energy","","92"
"Fire Memory","","123"
"Fire-Resistant Gloves","","138"
"Firebreather","","89"
"Firebreather","","119"
"First Ticket","","19"
"Fisherman","","125"
"Fisherman","","92"
"Fisherman","","130"
"Fisherman","","SV83"
"Fisherman","","136"
"Flaaffy","","39"
"Flaaffy","","43"
"Flaaffy","","50"
"Flaaffy","","77"
"Flaaffy","","47"
"Flaaffy","","56"
"Flaaffy","","27"
"Flaaffy","","42"
"Flaaffy","","9"
"Flaaffy","","34"
"Flaaffy","","28"
"Flaaffy","","48"
"Flaaffy","","7"
"Flaaffy","","67"
"Flaaffy","","15"
"Flaaffy","","108"
"Flaaffy","","TG03"
"Flaaffy","","55"
"Flaaffy","","280"
"Flaaffy","","SWSH122"
"Flaaffy δ","","30"
"Flabébé","","RC17"
"Flabébé","","149"
"Flabébé","","150"
"Flabébé","","83"
"Flabébé","","84"
"Flabébé","","91"
"Flabébé","","86"
"Flabébé","","71"
"Flabébé","","62"
"Flabébé","","63"
"Flabébé","","101"
"Flamigo","","165"
"Flamigo","","170"
"Flamigo","","227"
"Flamigo","","185"
"Flamigo","","106"
"Flamigo","","211"
"Flamigo ex","","160"
"Flannery","","139"
"Flannery","","191"
"Flannery","","215"
"Flapple","","139"
"Flapple","","210"
"Flapple","","TG02"
"Flapple","","22"
"Flapple","","SV013"
"Flapple","","120"
"Flapple","","SWSH022"
"Flapple","","SWSH189"
"Flapple V","","18"
"Flapple V","","143"
"Flapple VMAX","","19"
"Flapple VMAX","","164"
"Flareon","","3"
"Flareon","","19"
"Flareon","","10"
"Flareon","","12"
"Flareon","","BW88"
"Flareon","","44"
"Flareon","","8"
"Flareon","","H7"
"Flareon","","5"
"Flareon","","26"
"Flareon","","2"
"Flareon","","25"
"Flareon","","SM186"
"Flareon","","136"
"Flareon","","13"
"Flareon","","TG01"
"Flareon","","SWSH041"
"Flareon ★","","100"
"Flareon E4","","60"
"Flareon ex","","108"
"Flareon ex","","14"
"Flareon ex","","146"
"Flareon V","","169"
"Flareon V","","SWSH149"
"Flareon V","","SWSH179"
"Flareon VMAX","","18"
"Flareon VMAX","","SWSH180"
"Flareon δ","","5"
"Flareon-EX","","RC6"
"Flareon-EX","","RC28"
"Flareon-GX","","SM171"
"Flash Energy","","83"
"Fletchinder","","31"
"Fletchinder","","110"
"Fletchinder","","29"
"Fletchinder","","199"
"Fletchinder","","122"
"Fletchinder","","28"
"Fletchinder","","139"
"Fletchinder","","27"
"Fletchinder","","95"
"Fletchinder","","17"
"Fletchinder","","9"
"Fletchinder","","14"
"Fletchling","","RC25"
"Fletchling","","11"
"Fletchling","","179"
"Fletchling","","109"
"Fletchling","","163"
"Fletchling","","121"
"Fletchling","","150"
"Fletchling","","151"
"Fletchling","","138"
"Fletchling","","31"
"Fletchling","","113"
"Fletchling","","94"
"Fletchling","","86"
"Fletchling","","89"
"Fletchling","","82"
"Flint's Willpower","","91"
"Flittle","","100"
"Flittle","","101"
"Flittle","","102"
"Flittle","","79"
"Flittle","","80"
"Flittle","","41"
"Flittle","","164"
"Flittle","","68"
"Flittle","","94"
"Float Stone","","99"
"Float Stone","","137"
"Floatzel","","33"
"Floatzel","","26"
"Floatzel","","37"
"Floatzel","","16"
"Floatzel","","58"
"Floatzel","","23"
"Floatzel","","36"
"Floatzel","","47"
"Floatzel","","49"
"Floatzel","","39"
"Floatzel","","29"
"Floatzel GL","","4"
"Floatzel GL LV.X","","104"
"Floette","","RC18"
"Floette","","151"
"Floette","","85"
"Floette","","92"
"Floette","","87"
"Floette","","72"
"Floette","","64"
"Floette","","65"
"Floette","","102"
"Floette","","XY139"
"Floragato","","14"
"Floragato","","197"
"Floragato","","17"
"Floragato","","77"
"Floral Crown","","RC26"
"Florges","","152"
"Florges","","86"
"Florges","","93"
"Florges","","88"
"Florges","","73"
"Florges","","66"
"Florges","","103"
"Florges BREAK","","104"
"Florges-EX","","67"
"Florges-EX","","116"
"Flower Shop Lady","","74"
"Fluffy Berry","","85"
"Flutter Mane","","78"
"Flutter Mane","","96"
"Flutter Mane","","43"
"Flutter Mane","","97"
"Flygon","","99"
"Flygon","","BW53"
"Flygon","","5"
"Flygon","","4"
"Flygon","","15"
"Flygon","","53"
"Flygon","","101"
"Flygon","","25"
"Flygon","","3"
"Flygon","","39"
"Flygon","","91"
"Flygon","","76"
"Flygon","","110"
"Flygon ex","","87"
"Flygon ex","","94"
"Flygon ex","","106"
"Flygon ex","","222"
"Flygon ex δ","","92"
"Flygon LV.X","","105"
"Flygon V","","106"
"Flygon V","","164"
"Flygon δ","","7"
"Flygon-EX","","XY61"
"Flygon-GX","","110"
"Flygon-GX","","218"
"Flygon-GX","","256"
"Flying Pikachu","","25"
"Flying Pikachu","","113"
"Flying Pikachu","","110"
"Flying Pikachu V","","6"
"Flying Pikachu VMAX","","7"
"Flyinium Z: Air Slash","","195"
"Focus Band","","86"
"Focus Sash","","91"
"Fog Crystal","","140"
"Fog Crystal","","227"
"Fomantis","","14"
"Fomantis","","15"
"Fomantis","","13"
"Foongus","","9"
"Foongus","","8"
"Foongus","","17"
"Foongus","","12"
"Foongus","","13"
"Foongus","","10"
"Foongus","","11"
"Foongus","","95"
"Forest Guardian","","123"
"Forest of Giant Plants","","74"
"Forest of Vitality","","117"
"Forest of Vitality","","188"
"Forest Seal Stone","","156"
"Forretress","","5"
"Forretress","","28"
"Forretress","","9"
"Forretress","","56"
"Forretress","","H8"
"Forretress","","6"
"Forretress","","3"
"Forretress","","13"
"Forretress","","2"
"Forretress","","21"
"Forretress","","124"
"Forretress","","139"
"Forretress","","140"
"Forretress","","110"
"Forretress","","114"
"Forretress","","60"
"Forretress ex","","5"
"Forretress ex","","230"
"Forretress ex","","2"
"Forretress ex","","212"
"Forretress G","","61"
"Fossil Egg","","72"
"Fossil Excavation Kit","","101"
"Fossil Excavation Map","","107"
"Fossil Excavator","","111"
"Fossil Excavator","","82"
"Fossil Researcher","","92"
"Fossil Researcher","","110"
"Fraxure","","68"
"Fraxure","","87"
"Fraxure","","14"
"Fraxure","","15"
"Fraxure","","155"
"Fraxure","","45"
"Fraxure","","77"
"Fraxure","","111"
"Fraxure","","110"
"Fraxure","","69"
"Fraxure","","146"
"Fresh Water Set","","139"
"Fresh Water Set","","129"
"Friend Ball","","126"
"Friend Ball","","131"
"Friends in Galar","","TG23"
"Friends in Galar","","140"
"Friends in Hisui","","130"
"Friends in Hisui","","148"
"Friends in Paldea","","109"
"Friends in Paldea","","137"
"Friends in Sinnoh","","131"
"Friends in Sinnoh","","149"
"Frigibax","","57"
"Frigibax","","58"
"Frigibax","","208"
"Frigibax","","17"
"Frigibax","","128"
"Frillish","","30"
"Frillish","","34"
"Frillish","","44"
"Frillish","","38"
"Frillish","","126"
"Frillish","","41"
"Frillish","","20"
"Froakie","","4"
"Froakie","","22"
"Froakie","","51"
"Froakie","","21"
"Froakie","","SV11"
"Froakie","","56"
"Froakie","","39"
"Froakie","","12"
"Froakie","","46"
"Froakie","","38"
"Froakie","","XY03"
"Froakie","","XY138"
"Frogadier","","52"
"Frogadier","","23"
"Frogadier","","SV12"
"Frogadier","","57"
"Frogadier","","40"
"Frogadier","","13"
"Frogadier","","47"
"Frogadier","","39"
"Froslass","","23"
"Froslass","","3"
"Froslass","","RC8"
"Froslass","","2"
"Froslass","","38"
"Froslass","","53"
"Froslass","","174"
"Froslass","","117"
"Froslass","","43"
"Froslass","","36"
"Froslass","","226"
"Froslass ex","","3"
"Froslass ex","","217"
"Froslass GL","","6"
"Frosmoth","","43"
"Frosmoth","","53"
"Frosmoth","","46"
"Frosmoth","","64"
"Frosmoth","","TG04"
"Frosmoth","","204"
"Frosmoth","","30"
"Frosmoth","","SV034"
"Frosmoth","","85"
"Frosmoth","","SWSH007"
"Frost Rotom","","RT2"
"Frost Rotom","","41"
"Frozen City","","100"
"Fuchsia City Gym","","114"
"Fuecoco","","36"
"Fuecoco","","34"
"Fuecoco","","35"
"Fuecoco","","201"
"Fuecoco","","23"
"Fuecoco","","29"
"Fuecoco","","2"
"Fuecoco","","79"
"Full Face Guard","","148"
"Full Face Guard","","231"
"Full Flame","","74"
"Full Heal","","82"
"Full Heal","","111"
"Full Heal","","95"
"Full Heal","","154"
"Full Heal","","93"
"Full Heal","","159"
"Full Heal","","51"
"Full Heal","","78"
"Full Heal Energy","","81"
"Full Heal Energy","","100"
"Full Metal Lab","","148"
"Furfrou","","12"
"Furfrou","","99"
"Furfrou","","51"
"Furfrou","","88"
"Furfrou","","126"
"Furfrou","","32"
"Furfrou","","33"
"Furfrou","","114"
"Furfrou","","87"
"Furfrou","","90"
"Furfrou","","95"
"Furisode Girl","","157"
"Furisode Girl","","190"
"Furisode Girl","","205"
"Furret","","27"
"Furret","","48"
"Furret","","33"
"Furret","","22"
"Furret","","21"
"Furret","","35"
"Furret","","119"
"Furret","","168"
"Furret","","136"
"Furret","","82"
"Fusion Strike Energy","","244"
"Future Booster Energy Capsule","","164"
"Future Booster Energy Capsule","","149"
"G Booster","","92"
"G Scope","","93"
"Gabite","","95"
"Gabite","","88"
"Gabite","","89"
"Gabite","","48"
"Gabite","","59"
"Gabite","","8"
"Gabite","","113"
"Gabite","","98"
"Gabite","","61"
"Gabite","","SV39"
"Gabite","","108"
"Gabite","","69"
"Galactic HQ","","106"
"Galar Mine","","160"
"Galarian Articuno","","63"
"Galarian Articuno","","SWSH123"
"Galarian Articuno","","SWSH282"
"Galarian Articuno V","","TG16"
"Galarian Articuno V","","58"
"Galarian Articuno V","","169"
"Galarian Articuno V","","170"
"Galarian Articuno V","","181"
"Galarian Chestplate","","141"
"Galarian Corsola","","78"
"Galarian Corsola","","SV049"
"Galarian Corsola","","117"
"Galarian Cursola","","79"
"Galarian Cursola","","SV050"
"Galarian Cursola","","118"
"Galarian Cursola V","","21"
"Galarian Cursola V","","71"
"Galarian Darmanitan","","48"
"Galarian Darmanitan","","28"
"Galarian Darmanitan","","44"
"Galarian Darmanitan","","SV024"
"Galarian Darmanitan","","72"
"Galarian Darmanitan V","","36"
"Galarian Darmanitan V","","169"
"Galarian Darmanitan VMAX","","37"
"Galarian Darmanitan VMAX","","187"
"Galarian Darumaka","","47"
"Galarian Darumaka","","43"
"Galarian Darumaka","","SV023"
"Galarian Darumaka","","71"
"Galarian Farfetch'd","","94"
"Galarian Farfetch'd","","SV063"
"Galarian Farfetch'd","","78"
"Galarian Linoone","","131"
"Galarian Linoone","","118"
"Galarian Linoone","","36"
"Galarian Linoone","","SV079"
"Galarian Linoone","","160"
"Galarian Meowth","","127"
"Galarian Meowth","","84"
"Galarian Meowth","","126"
"Galarian Meowth","","112"
"Galarian Meowth","","SV086"
"Galarian Meowth","","180"
"Galarian Moltres","","93"
"Galarian Moltres","","SWSH125"
"Galarian Moltres","","SWSH284"
"Galarian Moltres V","","TG20"
"Galarian Moltres V","","97"
"Galarian Moltres V","","176"
"Galarian Moltres V","","177"
"Galarian Moltres V","","183"
"Galarian Mr. Mime","","30"
"Galarian Mr. Mime","","37"
"Galarian Mr. Mime","","35"
"Galarian Mr. Mime","","SV020"
"Galarian Mr. Mime","","34"
"Galarian Mr. Rime","","38"
"Galarian Mr. Rime","","36"
"Galarian Mr. Rime","","SV021"
"Galarian Mr. Rime","","35"
"Galarian Mr. Rime","","SWSH079"
"Galarian Mr. Rime V","","49"
"Galarian Obstagoon","","132"
"Galarian Obstagoon","","245"
"Galarian Obstagoon","","119"
"Galarian Obstagoon","","TG10"
"Galarian Obstagoon","","37"
"Galarian Obstagoon","","198"
"Galarian Obstagoon","","SV080"
"Galarian Obstagoon","","161"
"Galarian Obstagoon","","SWSH059"
"Galarian Obstagoon","","SWSH193"
"Galarian Perrserker","","128"
"Galarian Perrserker","","85"
"Galarian Perrserker","","127"
"Galarian Perrserker","","205"
"Galarian Perrserker","","113"
"Galarian Perrserker","","SV087"
"Galarian Perrserker","","181"
"Galarian Perrserker","","SWSH008"
"Galarian Perrserker V","","129"
"Galarian Perrserker V","","183"
"Galarian Perrserker V","","184"
"Galarian Ponyta","","81"
"Galarian Ponyta","","SV047"
"Galarian Ponyta","","SWSH013"
"Galarian Rapidash","","82"
"Galarian Rapidash","","SV048"
"Galarian Rapidash V","","167"
"Galarian Rapidash V","","168"
"Galarian Rapidash V","","SWSH111"
"Galarian Runerigus","","102"
"Galarian Runerigus","","SV066"
"Galarian Runerigus","","83"
"Galarian Sirfetch'd","","95"
"Galarian Sirfetch'd","","98"
"Galarian Sirfetch'd","","SV064"
"Galarian Sirfetch'd","","79"
"Galarian Sirfetch'd V","","174"
"Galarian Sirfetch'd V","","SWSH043"
"Galarian Slowbro","","92"
"Galarian Slowbro V","","99"
"Galarian Slowking","","98"
"Galarian Slowking V","","99"
"Galarian Slowking V","","178"
"Galarian Slowking V","","179"
"Galarian Slowking VMAX","","100"
"Galarian Slowking VMAX","","207"
"Galarian Slowpoke","","54"
"Galarian Slowpoke","","SWSH126"
"Galarian Stunfisk","","106"
"Galarian Stunfisk","","132"
"Galarian Stunfisk","","127"
"Galarian Stunfisk","","125"
"Galarian Stunfisk","","SV088"
"Galarian Stunfisk V","","128"
"Galarian Stunfisk V","","184"
"Galarian Weezing","","113"
"Galarian Weezing","","42"
"Galarian Weezing","","SV077"
"Galarian Weezing","","96"
"Galarian Yamask","","101"
"Galarian Yamask","","SV065"
"Galarian Yamask","","82"
"Galarian Zapdos","","82"
"Galarian Zapdos","","SWSH124"
"Galarian Zapdos","","SWSH283"
"Galarian Zapdos V","","TG19"
"Galarian Zapdos V","","80"
"Galarian Zapdos V","","173"
"Galarian Zapdos V","","174"
"Galarian Zapdos V","","182"
"Galarian Zigzagoon","","130"
"Galarian Zigzagoon","","117"
"Galarian Zigzagoon","","35"
"Galarian Zigzagoon","","SV078"
"Galarian Zigzagoon","","159"
"Gallade","","81"
"Gallade","","61"
"Gallade","","6"
"Gallade","","2"
"Gallade","","82"
"Gallade","","244"
"Gallade","","62"
"Gallade","","84"
"Gallade E4","","20"
"Gallade E4 LV.X","","106"
"Gallade Spirit Link","","83"
"Gallade V","","181"
"Gallade V","","TG19"
"Gallade V","","SWSH258"
"Gallade-EX","","34"
"Gallade-EX","","99"
"Gallade-EX","","XY45"
"Galvantula","","46"
"Galvantula","","34"
"Galvantula","","43"
"Galvantula","","51"
"Galvantula","","117"
"Galvantula","","62"
"Galvantula","","48"
"Galvantula","","65"
"Galvantula","","2"
"Galvantula","","71"
"Galvantula","","56"
"Galvantula","","42"
"Galvantula","","27"
"Galvantula ex","","51"
"Galvantula ex","","159"
"Galvantula ex","","168"
"Gambler","","60"
"Gapejaw Bog","","142"
"Gapejaw Bog","","213"
"Garbodor","","68"
"Garbodor","","49"
"Garbodor","","54"
"Garbodor","","66"
"Garbodor","","67"
"Garbodor","","119"
"Garbodor","","60"
"Garbodor","","141"
"Garbodor","","51"
"Garbodor","","51a"
"Garbodor","","117"
"Garbodor","","204"
"Garbodor","","118"
"Garbodor","","111"
"Garbodor","","169"
"Garbodor","","SWSH025"
"Garbodor","","57"
"Garbodor V","","100"
"Garbodor V","","190"
"Garbodor VMAX","","101"
"Garbodor VMAX","","216"
"Garchomp","","96"
"Garchomp","","90"
"Garchomp","","91"
"Garchomp","","120"
"Garchomp","","9"
"Garchomp","","5"
"Garchomp","","1"
"Garchomp","","114"
"Garchomp","","99"
"Garchomp","","62"
"Garchomp","","SV40"
"Garchomp","","109"
"Garchomp","","70"
"Garchomp & Giratina-GX","","146"
"Garchomp & Giratina-GX","","228"
"Garchomp & Giratina-GX","","247"
"Garchomp & Giratina-GX","","SM193"
"Garchomp C","","60"
"Garchomp C LV.X","","145"
"Garchomp C LV.X","","DP46"
"Garchomp ex","","38"
"Garchomp ex","","219"
"Garchomp ex","","245"
"Garchomp ex","","260"
"Garchomp LV.X","","97"
"Garchomp Spirit Link","","XY169"
"Garchomp V","","117"
"Garchomp V","","178"
"Garchomp V","","TG23"
"Garchomp-EX","","XY09"
"Garchomp-EX","","XY167"
"Gardenia","","124"
"Gardenia","","149"
"Gardenia's Vigor","","143"
"Gardenia's Vigor","","184"
"Gardenia's Vigor","","202"
"Gardenia's Vigor","","GG61"
"Gardevoir","","RC10"
"Gardevoir","","57"
"Gardevoir","","109"
"Gardevoir","","7"
"Gardevoir","","9"
"Gardevoir","","4"
"Gardevoir","","8"
"Gardevoir","","141"
"Gardevoir","","TG05"
"Gardevoir","","69"
"Gardevoir","","61"
"Gardevoir","","54"
"Gardevoir & Sylveon-GX","","130"
"Gardevoir & Sylveon-GX","","204"
"Gardevoir & Sylveon-GX","","205"
"Gardevoir & Sylveon-GX","","225"
"Gardevoir ex","","96"
"Gardevoir ex","","86"
"Gardevoir ex","","228"
"Gardevoir ex","","245"
"Gardevoir ex","","29"
"Gardevoir ex","","217"
"Gardevoir ex","","233"
"Gardevoir ex δ","","93"
"Gardevoir LV.X","","131"
"Gardevoir Spirit Link","","101"
"Gardevoir Spirit Link","","130"
"Gardevoir V","","16"
"Gardevoir V","","70"
"Gardevoir V","","SWSH105"
"Gardevoir VMAX","","17"
"Gardevoir VMAX","","76"
"Gardevoir δ","","6"
"Gardevoir-EX","","RC30"
"Gardevoir-EX","","78"
"Gardevoir-EX","","111"
"Gardevoir-EX","","116"
"Gardevoir-EX","","105"
"Gardevoir-EX","","155"
"Gardevoir-GX","","93"
"Gardevoir-GX","","140"
"Gardevoir-GX","","159"
"Gardevoir-GX","","SV75"
"Garganacl","","84"
"Garganacl","","147"
"Garganacl","","123"
"Garganacl","","104"
"Garganacl","","202"
"Garganacl","","178"
"Garganacl ex","","89"
"Gastly","","50"
"Gastly","","33"
"Gastly","","75"
"Gastly","","76"
"Gastly","","82"
"Gastly","","62"
"Gastly","","109"
"Gastly","","57"
"Gastly","","52"
"Gastly","","63"
"Gastly","","7"
"Gastly","","54"
"Gastly","","123"
"Gastly","","65"
"Gastly","","36"
"Gastly","","64"
"Gastly","","67"
"Gastly","","68"
"Gastly","","92"
"Gastly","","55"
"Gastly","","102"
"Gastly","","177"
"Gastly","","83"
"Gastly","","47"
"Gastly","","58"
"Gastly","","XY132"
"Gastrodon","","54"
"Gastrodon","","107"
"Gastrodon","","102"
"Gastrodon","","29"
"Gastrodon East Sea","","8"
"Gastrodon East Sea","","21"
"Gastrodon West Sea","","9"
"Gastrodon West Sea","","22"
"Geeta","","188"
"Geeta","","218"
"Geeta","","226"
"Genesect","","10"
"Genesect","","16"
"Genesect","","BW86"
"Genesect","","BW99"
"Genesect","","BW101"
"Genesect","","8"
"Genesect","","127"
"Genesect","","40"
"Genesect","","XY119"
"Genesect","","XY196"
"Genesect ex","","67"
"Genesect ex","","161"
"Genesect ex","","169"
"Genesect V","","185"
"Genesect V","","254"
"Genesect V","","255"
"Genesect-EX","","11"
"Genesect-EX","","97"
"Genesect-EX","","64"
"Genesect-EX","","120"
"Genesect-GX","","130"
"Genesect-GX","","204"
"Genesect-GX","","224"
"Gengar","","5"
"Gengar","","20"
"Gengar","","11"
"Gengar","","27"
"Gengar","","18"
"Gengar","","13"
"Gengar","","48"
"Gengar","","10"
"Gengar","","H9"
"Gengar","","35"
"Gengar","","94"
"Gengar","","16"
"Gengar","","17"
"Gengar","","70"
"Gengar","","38"
"Gengar","","57"
"Gengar","","85"
"Gengar","","66"
"Gengar","","TG06"
"Gengar","","SWSH052"
"Gengar","","SWSH241"
"Gengar","","60"
"Gengar & Mimikyu-GX","","53"
"Gengar & Mimikyu-GX","","164"
"Gengar & Mimikyu-GX","","165"
"Gengar & Mimikyu-GX","","186"
"Gengar ex","","108"
"Gengar ex","","104"
"Gengar ex","","193"
"Gengar GL","","40"
"Gengar LV.X","","97"
"Gengar Spirit Link","","95"
"Gengar V","","156"
"Gengar VMAX","","157"
"Gengar VMAX","","271"
"Gengar-EX","","34"
"Gengar-EX","","114"
"Geodude","","47"
"Geodude","","77"
"Geodude","","84"
"Geodude","","110"
"Geodude","","53"
"Geodude","","55"
"Geodude","","56"
"Geodude","","43"
"Geodude","","44"
"Geodude","","105"
"Geodude","","65"
"Geodude","","87"
"Geodude","","33"
"Geodude","","74"
"Geodude","","135"
"Geodude","","45"
"Ghetsis","","101"
"Ghetsis","","115"
"Gholdengo","","99"
"Gholdengo","","67"
"Gholdengo","","131"
"Gholdengo ex","","139"
"Gholdengo ex","","231"
"Gholdengo ex","","252"
"Gholdengo ex","","164"
"Giacomo","","182"
"Giacomo","","252"
"Giacomo","","267"
"Giacomo","","138"
"Giant Bomb","","196"
"Giant Bomb","","251"
"Giant Cape","","114"
"Giant Hearth","","197"
"Giant Hearth","","263"
"Giant Stump","","75"
"Gible","","94"
"Gible","","86"
"Gible","","87"
"Gible","","85"
"Gible","","106"
"Gible","","7"
"Gible","","14"
"Gible","","112"
"Gible","","96"
"Gible","","97"
"Gible","","60"
"Gible","","SV38"
"Gible","","107"
"Gible","","68"
"Gift Energy","","171"
"Gigalith","","53"
"Gigalith","","61"
"Gigalith","","67"
"Gigalith","","48"
"Gigalith","","129"
"Gigalith","","71"
"Gigalith","","88"
"Gigalith","","50"
"Gimmighoul","","67"
"Gimmighoul","","87"
"Gimmighoul","","88"
"Gimmighoul","","198"
"Gimmighoul","","44"
"Gimmighoul","","97"
"Giovanni","","18"
"Giovanni","","104"
"Giovanni's Charisma","","161"
"Giovanni's Charisma","","197"
"Giovanni's Charisma","","204"
"Giovanni's Exile","","174"
"Giovanni's Exile","","57"
"Giovanni's Exile","","67"
"Giovanni's Gyarados","","5"
"Giovanni's Last Resort","","105"
"Giovanni's Machamp","","6"
"Giovanni's Machoke","","42"
"Giovanni's Machop","","72"
"Giovanni's Magikarp","","73"
"Giovanni's Meowth","","43"
"Giovanni's Meowth","","74"
"Giovanni's Nidoking","","7"
"Giovanni's Nidoqueen","","23"
"Giovanni's Nidoran ♀","","75"
"Giovanni's Nidoran ♂","","76"
"Giovanni's Nidorina","","44"
"Giovanni's Nidorino","","45"
"Giovanni's Persian","","8"
"Giovanni's Pinsir","","24"
"Giovanni's Scheme","","138"
"Giovanni's Scheme","","162"
"Girafarig","","49"
"Girafarig","","58"
"Girafarig","","16"
"Girafarig","","64"
"Girafarig","","66"
"Girafarig","","94"
"Girafarig","","154"
"Girafarig","","83"
"Girafarig","","61"
"Girafarig","","65"
"Girafarig","","82"
"Giratina","","62"
"Giratina","","BW74"
"Giratina","","4"
"Giratina","","9"
"Giratina","","10"
"Giratina","","27"
"Giratina","","28"
"Giratina","","86"
"Giratina","","97"
"Giratina","","SM151"
"Giratina","","XY184"
"Giratina ◇","","58"
"Giratina LV.X","","DP38"
"Giratina LV.X","","124"
"Giratina V","","130"
"Giratina V","","185"
"Giratina V","","186"
"Giratina V","","SWSH259"
"Giratina VSTAR","","131"
"Giratina VSTAR","","201"
"Giratina VSTAR","","212"
"Giratina VSTAR","","GG69"
"Giratina-EX","","92"
"Giratina-EX","","124"
"Giratina-EX","","57"
"Giratina-EX","","93"
"Glaceon","","30"
"Glaceon","","23"
"Glaceon","","BW90"
"Glaceon","","5"
"Glaceon","","20"
"Glaceon","","41"
"Glaceon","","SM238"
"Glaceon","","54"
"Glaceon","","25"
"Glaceon","","38"
"Glaceon","","SWSH192"
"Glaceon","","19"
"Glaceon ex","","26"
"Glaceon ex","","150"
"Glaceon LV.X","","98"
"Glaceon V","","38"
"Glaceon V","","40"
"Glaceon V","","174"
"Glaceon V","","175"
"Glaceon V","","SWSH196"
"Glaceon VMAX","","41"
"Glaceon VMAX","","208"
"Glaceon VMAX","","209"
"Glaceon VSTAR","","GG40"
"Glaceon VSTAR","","SWSH197"
"Glaceon-EX","","20"
"Glaceon-EX","","116"
"Glaceon-GX","","39"
"Glaceon-GX","","141"
"Glaceon-GX","","159"
"Glaceon-GX","","SV55"
"Glaceon-GX","","SM147"
"Glacia's Stadium","","76"
"Gladion","","95"
"Gladion","","109"
"Glalie","","22"
"Glalie","","25"
"Glalie","","30"
"Glalie","","34"
"Glalie","","13"
"Glalie","","18"
"Glalie","","48"
"Glalie","","32"
"Glalie","","52"
"Glalie","","42"
"Glalie Spirit Link","","139"
"Glalie-EX","","34"
"Glalie-EX","","155"
"Glameow","","83"
"Glameow","","68"
"Glameow","","65"
"Glameow","","DP23"
"Glameow","","159"
"Glameow","","108"
"Glameow","","116"
"Glameow","","127"
"Glameow","","115"
"Glameow","","93"
"Glass Trumpet","","189"
"Glass Trumpet","","260"
"Glass Trumpet","","135"
"Glass Trumpet","","110"
"Glastrier","","54"
"Glastrier","","51"
"Gligar","","80"
"Gligar","","94"
"Gligar","","95"
"Gligar","","59"
"Gligar","","57"
"Gligar","","49"
"Gligar","","67"
"Gligar","","98"
"Gligar","","91"
"Gligar","","71"
"Gligar","","140"
"Gligar","","46"
"Gligar","","36"
"Gligar δ","","16"
"Glimmet","","124"
"Glimmet","","125"
"Glimmet","","121"
"Glimmet","","122"
"Glimmet","","179"
"Glimmet","","108"
"Glimmet","","114"
"Glimmora","","126"
"Glimmora","","109"
"Glimmora","","115"
"Glimmora ex","","123"
"Glimmora ex","","213"
"Glimmora ex","","218"
"Glimwood Tangle","","162"
"Gliscor","","81"
"Gliscor","","5"
"Gliscor","","55"
"Gliscor","","DP36"
"Gliscor","","4"
"Gliscor","","50"
"Gliscor","","99"
"Gliscor","","68"
"Gliscor","","92"
"Gliscor","","96"
"Gliscor","","72"
"Gliscor","","141"
"Gliscor","","47"
"Gliscor","","37"
"Gliscor E4","","62"
"Gliscor LV.X","","141"
"Gloom","","37"
"Gloom","","2"
"Gloom","","96"
"Gloom","","97"
"Gloom","","78"
"Gloom","","49"
"Gloom","","58"
"Gloom","","35"
"Gloom","","27"
"Gloom","","36"
"Gloom","","7"
"Gloom","","3"
"Gloom","","5"
"Gloom","","198"
"Gloom","","44"
"Gloom","","93"
"Gloom δ","","42"
"Gloria","","141"
"Gloria","","TG26"
"Gogoat","","11"
"Gogoat","","10"
"Gogoat","","36"
"Gogoat","","12"
"Gogoat","","18"
"Gogoat","","19"
"Gogoat","","17"
"Gogoat","","XY16"
"Golbat","","34"
"Golbat","","54"
"Golbat","","50"
"Golbat","","60"
"Golbat","","43"
"Golbat","","36"
"Golbat","","31"
"Golbat","","30"
"Golbat","","29"
"Golbat","","55"
"Golbat","","65"
"Golbat","","42"
"Golbat","","111"
"Golbat","","28"
"Golbat","","104"
"Golbat","","90"
"Golbat","","32"
"Gold Berry","","93"
"Gold Potion","","140"
"Goldeen","","53"
"Goldeen","","76"
"Goldeen","","84"
"Goldeen","","111"
"Goldeen","","78"
"Goldeen","","55"
"Goldeen","","61"
"Goldeen","","45"
"Goldeen","","107"
"Goldeen","","48"
"Goldeen","","118"
"Goldeen","","44"
"Goldeen","","20"
"Goldeen","","46"
"Goldeen","","27"
"Golduck","","35"
"Golduck","","43"
"Golduck","","34"
"Golduck","","28"
"Golduck","","50"
"Golduck","","17"
"Golduck","","22"
"Golduck","","40"
"Golduck","","29"
"Golduck","","41"
"Golduck","","27"
"Golduck","","55"
"Golduck","","25"
"Golduck BREAK","","18"
"Golduck δ","","43"
"Golem","","36"
"Golem","","24"
"Golem","","29"
"Golem","","14"
"Golem","","49"
"Golem","","148"
"Golem","","6"
"Golem","","5"
"Golem","","45"
"Golem","","19"
"Golem","","89"
"Golem","","35"
"Golem","","137"
"Golem","","47"
"Golem E4","","23"
"Golem ex","","91"
"Golem ex","","76"
"Golem ex","","189"
"Golem-EX","","46"
"Golett","","45"
"Golett","","71"
"Golett","","58"
"Golett","","89"
"Golett","","43"
"Golett","","87"
"Golett","","76"
"Golett","","65"
"Golett","","82"
"Golett","","42"
"Golett","","34"
"Golett","","122"
"Golisopod","","26"
"Golisopod","","51"
"Golisopod","","9"
"Golisopod","","SM52"
"Golisopod","","49"
"Golisopod","","18"
"Golisopod ex","","50"
"Golisopod ex","","221"
"Golisopod ex","","246"
"Golisopod-GX","","17"
"Golisopod-GX","","129"
"Golisopod-GX","","148"
"Golisopod-GX","","SV48"
"Golisopod-GX","","SM62"
"Golurk","","46"
"Golurk","","72"
"Golurk","","59"
"Golurk","","150"
"Golurk","","90"
"Golurk","","44"
"Golurk","","88"
"Golurk","","77"
"Golurk","","66"
"Golurk","","83"
"Golurk","","43"
"Golurk","","35"
"Golurk","","41"
"Golurk","","123"
"Golurk V","","70"
"Golurk V","","181"
"Golurk V","","182"
"Good Manners","","111"
"Good Rod","","76"
"Goodra","","96"
"Goodra","","94"
"Goodra","","197"
"Goodra","","74"
"Goodra","","77"
"Goodra","","60"
"Goomy","","94"
"Goomy","","91"
"Goomy","","92"
"Goomy","","132"
"Goomy","","195"
"Goomy","","72"
"Goomy","","75"
"Goomy","","58"
"Goop Gas Attack","","78"
"Gordie","","TG24"
"Gordie","","149"
"Gordie","","201"
"Gordie","","223"
"Gorebyss","","38"
"Gorebyss","","17"
"Gorebyss","","18"
"Gorebyss","","43"
"Gorebyss","","56"
"Gorebyss","","67"
"Gorebyss","","51"
"Gorebyss","","52"
"Gossifleur","","3"
"Gossifleur","","10"
"Gossifleur","","20"
"Gossifleur","","14"
"Gossifleur","","SV010"
"Gossifleur","","15"
"Gossifleur","","24"
"Gossifleur","","SWSH010"
"Gothita","","69"
"Gothita","","70"
"Gothita","","43"
"Gothita","","44"
"Gothita","","55"
"Gothita","","75"
"Gothita","","41"
"Gothita","","124"
"Gothita","","52"
"Gothita","","90"
"Gothita","","73"
"Gothita","","32"
"Gothita","","39"
"Gothitelle","","72"
"Gothitelle","","47"
"Gothitelle","","48"
"Gothitelle","","57"
"Gothitelle","","43"
"Gothitelle","","54"
"Gothitelle","","92"
"Gothitelle","","75"
"Gothitelle","","41"
"Gothorita","","71"
"Gothorita","","45"
"Gothorita","","46"
"Gothorita","","56"
"Gothorita","","76"
"Gothorita","","42"
"Gothorita","","125"
"Gothorita","","53"
"Gothorita","","91"
"Gothorita","","213"
"Gothorita","","74"
"Gothorita","","40"
"Gouging Fire","","38"
"Gouging Fire","","151"
"Gouging Fire ex","","38"
"Gouging Fire ex","","188"
"Gouging Fire ex","","204"
"Gouging Fire ex","","214"
"Gouging Fire ex","","144"
"Gourgeist","","45"
"Gourgeist","","78"
"Gourgeist","","77"
"Gourgeist","","57"
"Grabber","","162"
"Grafaiai","","92"
"Grafaiai","","146"
"Grafaiai","","223"
"Grafaiai","","190"
"Grafaiai","","121"
"Grafaiai ex","","100"
"Granbull","","26"
"Granbull","","39"
"Granbull","","61"
"Granbull","","22"
"Granbull","","38"
"Granbull","","37"
"Granbull","","91"
"Granbull","","138"
"Granbull","","88"
"Granbull","","71"
"Granbull","","116"
"Granbull","","23"
"Granbull","","99"
"Granbull V","","57"
"Granbull V","","159"
"Grand Tree","","136"
"Granite Cave","","166"
"Grant","","144"
"Grant","","185"
"Grant","","203"
"Grant","","GG62"
"Grapploct","","52"
"Grapploct","","113"
"Grapploct","","101"
"Grapploct","","SV073"
"Grapploct","","92"
"Grapploct","","153"
"Grapploct V","","32"
"Grapploct V","","72"
"Grass Cube 01","","124"
"Grass Energy","","99"
"Grass Energy","","127"
"Grass Energy","","105"
"Grass Energy","","88"
"Grass Energy","","123"
"Grass Energy","","162"
"Grass Energy","","104"
"Grass Energy","","103"
"Grass Energy","","101"
"Grass Energy","","75"
"Grass Energy","","129"
"Grass Energy","","115"
"Grass Energy","","108"
"Grass Energy","","164"
"Grass Energy","","167"
"Grass Energy","","152"
"Grass Energy","","283"
"Grass Energy","","132"
"Grass Energy","","91"
"Grass Memory","","143"
"Graveler","","37"
"Graveler","","44"
"Graveler","","51"
"Graveler","","79"
"Graveler","","34"
"Graveler","","29"
"Graveler","","30"
"Graveler","","88"
"Graveler","","75"
"Graveler","","68"
"Graveler","","136"
"Graveler","","46"
"Gravity Gemstone","","137"
"Gravity Mountain","","177"
"Gravity Mountain","","250"
"Great Ball","","93"
"Great Ball","","129"
"Great Ball","","85"
"Great Ball","","90"
"Great Ball","","77"
"Great Ball","","92"
"Great Ball","","119"
"Great Ball","","60"
"Great Ball","","183"
"Great Ball","","164"
"Great Ball","","132"
"Great Ball","","52"
"Great Ball","","118"
"Great Ball","","100"
"Great Catcher","","192"
"Great Catcher","","264"
"Great Potion","","198"
"Great Tusk","","96"
"Great Tusk","","97"
"Great Tusk","","55"
"Great Tusk ex","","123"
"Great Tusk ex","","230"
"Great Tusk ex","","246"
"Great Tusk ex","","53"
"Great Tusk ex","","72"
"Greavard","","65"
"Greavard","","104"
"Greavard","","105"
"Greavard","","214"
"Greavard","","99"
"Greavard","","100"
"Greavard","","42"
"Greavard","","70"
"Greedent","","152"
"Greedent","","206"
"Greedent","","132"
"Greedent","","151"
"Greedent","","153"
"Greedent","","SV100"
"Greedent","","128"
"Greedent ex","","179"
"Greedent V","","120"
"Greedent V","","53"
"Greedent V","","217"
"Greedent V","","256"
"Greedent V","","257"
"Greedent VMAX","","218"
"Greedent VMAX","","272"
"Greedy Dice","","102"
"Green's Exploration","","175"
"Green's Exploration","","209"
"Greninja","","9"
"Greninja","","117"
"Greninja","","SWSH305"
"Greninja","","14"
"Greninja","","41"
"Greninja","","40"
"Greninja","","XY24"
"Greninja","","XY162"
"Greninja & Zoroark-GX","","107"
"Greninja & Zoroark-GX","","200"
"Greninja & Zoroark-GX","","201"
"Greninja & Zoroark-GX","","222"
"Greninja ★","","SWSH144"
"Greninja BREAK","","41"
"Greninja ex","","106"
"Greninja ex","","198"
"Greninja ex","","214"
"Greninja ex","","41"
"Greninja ex","","54"
"Greninja ex","","132"
"Greninja V","","73"
"Greninja V-UNION","","SWSH155"
"Greninja V-UNION","","SWSH156"
"Greninja V-UNION","","SWSH157"
"Greninja V-UNION","","SWSH158"
"Greninja-EX","","XY20"
"Greninja-GX","","24"
"Greninja-GX","","120"
"Greninja-GX","","133"
"Greninja-GX","","SV56"
"Greninja-GX","","SM197"
"Grimer","","48"
"Grimer","","57"
"Grimer","","78"
"Grimer","","52"
"Grimer","","45"
"Grimer","","88"
"Grimer","","79"
"Grimer","","54"
"Grimer","","56"
"Grimer","","50"
"Grimer","","75"
"Grimer","","62"
"Grimer","","126"
"Grimer","","100"
"Grimer","","84"
"Grimmsnarl","","96"
"Grimmsnarl","","73"
"Grimmsnarl","","125"
"Grimmsnarl","","SV085"
"Grimmsnarl","","178"
"Grimmsnarl","","94"
"Grimmsnarl V","","114"
"Grimmsnarl V","","SV116"
"Grimmsnarl V","","SWSH057"
"Grimmsnarl VMAX","","115"
"Grimmsnarl VMAX","","SV117"
"Grimsley","","199"
"Grimsley","","234"
"Grimsley's Move","","90"
"Grimsley's Move","","120"
"Grookey","","8"
"Grookey","","14"
"Grookey","","10"
"Grookey","","11"
"Grookey","","SV004"
"Grookey","","16"
"Grookey","","SWSH001"
"Grookey","","SWSH070"
"Grookey on the Ball","","3"
"Grotle","","2"
"Grotle","","49"
"Grotle","","37"
"Grotle","","31"
"Grotle","","8"
"Grotle","","11"
"Grotle","","164"
"Grotle","","7"
"Groudon","","17"
"Groudon","","6"
"Groudon","","SL4"
"Groudon","","29"
"Groudon","","102"
"Groudon","","5"
"Groudon","","14"
"Groudon","","108"
"Groudon","","113"
"Groudon","","81"
"Groudon","","93"
"Groudon","","199"
"Groudon","","49"
"Groudon","","84"
"Groudon","","XY52"
"Groudon ★","","111"
"Groudon ex","","93"
"Groudon ex","","2"
"Groudon ex","","38"
"Groudon Spirit Link","","131"
"Groudon-EX","","54"
"Groudon-EX","","106"
"Groudon-EX","","85"
"Groudon-EX","","150"
"Groudon-EX","","XY42"
"Grovyle","","7"
"Grovyle","","40"
"Grovyle","","39"
"Grovyle","","31"
"Grovyle","","32"
"Grovyle","","28"
"Grovyle","","4"
"Grovyle","","38"
"Grovyle","","9"
"Grovyle","","21"
"Grovyle δ","","19"
"Growlithe","","28"
"Growlithe","","42"
"Growlithe","","45"
"Growlithe","","RC4"
"Growlithe","","10"
"Growlithe","","11"
"Growlithe","","89"
"Growlithe","","51"
"Growlithe","","80"
"Growlithe","","62"
"Growlithe","","55"
"Growlithe","","65"
"Growlithe","","64"
"Growlithe","","1"
"Growlithe","","4"
"Growlithe","","68"
"Growlithe","","63"
"Growlithe","","108"
"Growlithe","","21"
"Growlithe","","30"
"Growlithe","","31"
"Growlithe","","27"
"Growlithe","","58"
"Growlithe","","24"
"Growlithe","","19"
"Growlithe","","32"
"Growlithe","","17"
"Grubbin","","2"
"Grubbin","","17"
"Grubbin","","13"
"Grubbin","","18"
"Grubbin","","9"
"Grubbin","","15"
"Grubbin","","16"
"Grumpig","","60"
"Grumpig","","56"
"Grumpig","","20"
"Grumpig","","6"
"Grumpig","","32"
"Grumpig","","29"
"Grumpig","","30"
"Grumpig","","23"
"Grumpig","","63"
"Grumpig","","42"
"Grumpig","","91"
"Grumpig","","3"
"Grumpig","","50"
"Grumpig","","31"
"Grusha","","184"
"Grusha","","253"
"Grusha","","268"
"Gulpin","","98"
"Gulpin","","33"
"Gulpin","","62"
"Gulpin","","51"
"Gulpin","","RC12"
"Gulpin","","40"
"Gulpin","","66"
"Gulpin","","57"
"Gulpin","","91"
"Gulpin","","154"
"Gulpin","","37"
"Gumshoos","","110"
"Gumshoos","","153"
"Gumshoos","","181"
"Gumshoos","","113"
"Gumshoos","","SM97"
"Gumshoos","","177"
"Gumshoos","","118"
"Gumshoos-GX","","110"
"Gumshoos-GX","","145"
"Gumshoos-GX","","157"
"Gurdurr","","60"
"Gurdurr","","63"
"Gurdurr","","59"
"Gurdurr","","80"
"Gurdurr","","104"
"Gurdurr","","74"
"Gurdurr","","66"
"Gurdurr","","48"
"Gurdurr","","126"
"Gust of Wind","","93"
"Gust of Wind","","120"
"Gutsy Pickaxe","","145"
"Guzma","","115"
"Guzma","","115a"
"Guzma","","143"
"Guzma","","SV84"
"Guzma & Hala","","193"
"Guzma & Hala","","229"
"Guzzlord","","136"
"Guzzlord","","80"
"Guzzlord","","SV26"
"Guzzlord-GX","","63"
"Guzzlord-GX","","63a"
"Guzzlord-GX","","105"
"Guzzlord-GX","","116"
"Guzzlord-GX","","SV71"
"Gyarados","","6"
"Gyarados","","7"
"Gyarados","","12"
"Gyarados","","31"
"Gyarados","","24"
"Gyarados","","26"
"Gyarados","","19"
"Gyarados","","11"
"Gyarados","","H10"
"Gyarados","","32"
"Gyarados","","8"
"Gyarados","","23"
"Gyarados","","4"
"Gyarados","","123"
"Gyarados","","22"
"Gyarados","","33"
"Gyarados","","20"
"Gyarados","","30"
"Gyarados","","43"
"Gyarados","","130"
"Gyarados","","40"
"Gyarados","","34"
"Gyarados","","21"
"Gyarados","","XY60"
"Gyarados","","XY109"
"Gyarados ★ δ","","102"
"Gyarados ex","","109"
"Gyarados ex","","45"
"Gyarados ex","","225"
"Gyarados G","","30"
"Gyarados Spirit Link","","101"
"Gyarados V","","28"
"Gyarados V","","171"
"Gyarados VMAX","","29"
"Gyarados VMAX","","207"
"Gyarados δ","","8"
"Gyarados-EX","","26"
"Gyarados-EX","","114"
"Gyarados-EX","","123"
"Gyarados-EX","","XY106"
"Gyarados-GX","","16"
"Gyarados-GX","","18"
"Gyarados-GX","","101"
"Gyarados-GX","","112"
"Gyarados-GX","","SM212"
"Gym Badge","","XY203"
"Gym Badge","","XY204"
"Gym Badge","","XY205"
"Gym Badge","","XY206"
"Gym Badge","","XY207"
"Gym Badge","","XY208"
"Gym Badge","","XY209"
"Gym Badge","","XY210"
"Gym Trainer","","158"
"Gym Trainer","","191"
"Gym Trainer","","59"
"Gym Trainer","","68"
"Haban Berry","","111"
"Hakamo-o","","162"
"Hakamo-o","","99"
"Hakamo-o","","76"
"Hakamo-o","","53"
"Hala","","126"
"Hala","","143"
"Hand Scope","","96"
"Hand Trimmer","","150"
"Handheld Fan","","150"
"Happiny","","52"
"Happiny","","76"
"Happiny","","14"
"Happiny","","161"
"Hapu","","200"
"Hard Charm","","119"
"Hariyama","","63"
"Hariyama","","41"
"Hariyama","","8"
"Hariyama","","33"
"Hariyama","","44"
"Hariyama","","31"
"Hariyama","","14"
"Hariyama","","73"
"Hariyama","","20"
"Hariyama","","68"
"Hariyama","","113"
"Hariyama","","98"
"Hariyama","","143"
"Hariyama","","52"
"Hariyama ex","","100"
"Harlequin","","83"
"Harlequin","","163"
"Hassel","","151"
"Hassel","","205"
"Hatenna","","83"
"Hatenna","","18"
"Hatenna","","SV054"
"Hatenna","","71"
"Hatenna","","SWSH040"
"Hatterene","","85"
"Hatterene","","20"
"Hatterene","","SV056"
"Hatterene","","73"
"Hatterene V","","65"
"Hatterene V","","SWSH055"
"Hatterene VMAX","","66"
"Hatterene VMAX","","GG47"
"Hattrem","","84"
"Hattrem","","19"
"Hattrem","","SV055"
"Hattrem","","72"
"Hau","","120"
"Hau","","144"
"Hau","","61"
"Hau","","132"
"Haunter","","29"
"Haunter","","6"
"Haunter","","21"
"Haunter","","43"
"Haunter","","46"
"Haunter","","50"
"Haunter","","40"
"Haunter","","80"
"Haunter","","63"
"Haunter","","35"
"Haunter","","34"
"Haunter","","55"
"Haunter","","124"
"Haunter","","41"
"Haunter","","42"
"Haunter","","69"
"Haunter","","37"
"Haunter","","93"
"Haunter","","56"
"Haunter","","103"
"Haunter","","84"
"Haunter","","65"
"Haunter","","48"
"Haunter","","59"
"Hawlucha","","70"
"Hawlucha","","118"
"Hawlucha","","175"
"Hawlucha","","107"
"Hawlucha","","89"
"Hawlucha","","7"
"Hawlucha","","98"
"Hawlucha","","148"
"Hawlucha","","216"
"Hawlucha","","127"
"Hawlucha","","48"
"Hawlucha","","97"
"Hawlucha","","63"
"Hawlucha","","39"
"Hawlucha","","87"
"Hawlucha-EX","","64"
"Haxorus","","69"
"Haxorus","","88"
"Haxorus","","89"
"Haxorus","","BW57"
"Haxorus","","16"
"Haxorus","","156"
"Haxorus","","46"
"Haxorus","","112"
"Haxorus","","111"
"Haxorus","","70"
"Haxorus","","147"
"Head Ringer Team Flare Hyper Gear","","97"
"Heal Energy","","94"
"Heal Energy","","8"
"Heal Powder","","104"
"Healing Berry","","125"
"Healing Field","","61"
"Healing Scarf","","84"
"Health Energy","","94"
"Hearthflame Mask Ogerpon","","44"
"Hearthflame Mask Ogerpon ex","","40"
"Hearthflame Mask Ogerpon ex","","192"
"Hearthflame Mask Ogerpon ex","","212"
"Hearthflame Mask Ogerpon ex","","17"
"Hearthflame Mask Ogerpon ex","","148"
"Heat Factory ◇","","178"
"Heat Fire Energy","","174"
"Heat Rotom","","RT3"
"Heat Rotom","","24"
"Heat Rotom","","43"
"Heat Rotom","","13"
"Heatmor","","18"
"Heatmor","","19"
"Heatmor","","23"
"Heatmor","","104"
"Heatmor","","24"
"Heatmor","","10"
"Heatmor","","39"
"Heatmor","","31"
"Heatmor","","26"
"Heatmor","","34"
"Heatmor","","41"
"Heatmor","","15"
"Heatran","","6"
"Heatran","","30"
"Heatran","","3"
"Heatran","","1"
"Heatran","","4"
"Heatran","","88"
"Heatran","","13"
"Heatran","","98"
"Heatran","","48"
"Heatran","","SM96"
"Heatran","","123"
"Heatran","","68"
"Heatran","","25"
"Heatran","","100"
"Heatran","","63"
"Heatran LV.X","","97"
"Heatran LV.X","","DP31"
"Heatran V","","25"
"Heatran V","","165"
"Heatran VMAX","","26"
"Heatran VMAX","","191"
"Heatran-EX","","13"
"Heatran-EX","","109"
"Heatran-GX","","25"
"Heatran-GX","","216"
"Heatran-GX","","238"
"Heavy Ball","","88"
"Heavy Ball","","140"
"Heavy Baton","","151"
"Heavy Boots","","141"
"Heliolisk","","53"
"Heliolisk","","64"
"Heliolisk","","229"
"Heliolisk","","180"
"Heliolisk","","44"
"Heliolisk","","38"
"Heliolisk","","50"
"Heliolisk","","71"
"Heliolisk","","177"
"Heliolisk","","155"
"Heliolisk","","99"
"Heliolisk","","37"
"Heliolisk","","30"
"Heliolisk","","XY47"
"Helioptile","","52"
"Helioptile","","143"
"Helioptile","","63"
"Helioptile","","179"
"Helioptile","","43"
"Helioptile","","37"
"Helioptile","","49"
"Helioptile","","70"
"Helioptile","","154"
"Helioptile","","98"
"Helioptile","","36"
"Helioptile","","28"
"Helioptile","","29"
"Helix Fossil","","91"
"Helix Fossil","","93"
"Helix Fossil Omanyte","","102"
"Heracross","","8"
"Heracross","","28"
"Heracross","","64"
"Heracross","","7"
"Heracross","","43"
"Heracross","","6"
"Heracross","","41"
"Heracross","","107"
"Heracross","","9"
"Heracross","","11"
"Heracross","","18"
"Heracross","","2"
"Heracross","","194"
"Heracross E4","","24"
"Heracross δ","","3"
"Heracross-EX","","4"
"Heracross-EX","","105"
"Herbal Energy","","103"
"Herdier","","82"
"Herdier","","87"
"Herdier","","121"
"Herdier","","75"
"Herdier","","155"
"Herdier","","104"
"Herdier","","175"
"Herdier","","171"
"Herdier","","134"
"Herdier","","109"
"Here Comes Team Rocket!","","15"
"Here Comes Team Rocket!","","71"
"Here Comes Team Rocket!","","111"
"Here Comes Team Rocket!","","113"
"Hero's Cape","","152"
"Hero's Medal","","152"
"Hero's Medal","","201"
"Hex Maniac","","75"
"Hex Maniac","","75a"
"Hiding Darkness Energy","","175"
"High Pressure System","","85"
"High Pressure System","","10"
"Hiker","","133"
"Hiker","","SV85"
"Hilda","","84"
"Hilda","","164"
"Hilda","","171"
"Hippopotas","","65"
"Hippopotas","","51"
"Hippopotas","","66"
"Hippopotas","","64"
"Hippopotas","","61"
"Hippopotas","","68"
"Hippopotas","","105"
"Hippopotas","","52"
"Hippopotas","","79"
"Hippopotas","","93"
"Hippopotas","","84"
"Hippopotas","","87"
"Hippopotas","","83"
"Hippowdon","","66"
"Hippowdon","","29"
"Hippowdon","","21"
"Hippowdon","","25"
"Hippowdon","","69"
"Hippowdon","","106"
"Hippowdon","","53"
"Hippowdon","","80"
"Hippowdon","","94"
"Hippowdon","","85"
"Hippowdon","","88"
"Hippowdon E4","","42"
"Hippowdon LV.X","","107"
"Hisuian Arcanine","","100"
"Hisuian Arcanine","","71"
"Hisuian Arcanine","","84"
"Hisuian Arcanine","","TG08"
"Hisuian Arcanine V","","90"
"Hisuian Arcanine V","","179"
"Hisuian Avalugg","","48"
"Hisuian Basculegion","","44"
"Hisuian Basculegion","","45"
"Hisuian Basculegion","","SWSH205"
"Hisuian Basculin","","43"
"Hisuian Basculin","","44"
"Hisuian Basculin","","SWSH273"
"Hisuian Braviary","","132"
"Hisuian Braviary","","149"
"Hisuian Decidueye","","82"
"Hisuian Decidueye V","","83"
"Hisuian Decidueye V","","173"
"Hisuian Decidueye V","","SWSH238"
"Hisuian Decidueye VSTAR","","84"
"Hisuian Decidueye VSTAR","","195"
"Hisuian Electrode","","3"
"Hisuian Electrode V","","172"
"Hisuian Electrode V","","SWSH294"
"Hisuian Goodra","","134"
"Hisuian Goodra","","GG21"
"Hisuian Goodra V","","135"
"Hisuian Goodra V","","187"
"Hisuian Goodra VSTAR","","136"
"Hisuian Goodra VSTAR","","202"
"Hisuian Growlithe","","99"
"Hisuian Growlithe","","181"
"Hisuian Growlithe","","70"
"Hisuian Growlithe","","83"
"Hisuian Heavy Ball","","146"
"Hisuian Lilligant","","16"
"Hisuian Lilligant","","10"
"Hisuian Lilligant V","","17"
"Hisuian Lilligant V","","162"
"Hisuian Lilligant V","","163"
"Hisuian Lilligant VSTAR","","18"
"Hisuian Lilligant VSTAR","","190"
"Hisuian Overqwil","","90"
"Hisuian Overqwil","","91"
"Hisuian Qwilfish","","88"
"Hisuian Qwilfish","","89"
"Hisuian Samurott","","100"
"Hisuian Samurott","","SWSH207"
"Hisuian Samurott V","","101"
"Hisuian Samurott V","","176"
"Hisuian Samurott V","","GG51"
"Hisuian Samurott V","","SWSH239"
"Hisuian Samurott VSTAR","","102"
"Hisuian Samurott VSTAR","","197"
"Hisuian Samurott VSTAR","","209"
"Hisuian Samurott VSTAR","","GG52"
"Hisuian Sliggoo","","133"
"Hisuian Sneasel","","92"
"Hisuian Sneasler","","93"
"Hisuian Sneasler V","","94"
"Hisuian Sneasler V","","174"
"Hisuian Sneasler V","","175"
"Hisuian Typhlosion","","52"
"Hisuian Typhlosion V","","53"
"Hisuian Typhlosion V","","169"
"Hisuian Typhlosion V","","SWSH237"
"Hisuian Typhlosion VSTAR","","54"
"Hisuian Typhlosion VSTAR","","193"
"Hisuian Voltorb","","2"
"Hisuian Voltorb","","GG01"
"Hisuian Zoroark","","76"
"Hisuian Zoroark V","","146"
"Hisuian Zoroark V","","SWSH297"
"Hisuian Zoroark VSTAR","","147"
"Hisuian Zoroark VSTAR","","203"
"Hisuian Zoroark VSTAR","","213"
"Hisuian Zoroark VSTAR","","GG56"
"Hisuian Zoroark VSTAR","","SWSH298"
"Hisuian Zorua","","75"
"Hitmonchan","","7"
"Hitmonchan","","8"
"Hitmonchan","","2"
"Hitmonchan","","57"
"Hitmonchan","","99"
"Hitmonchan","","81"
"Hitmonchan","","24"
"Hitmonchan","","48"
"Hitmonchan","","51"
"Hitmonchan","","HGSS24"
"Hitmonchan","","69"
"Hitmonchan","","129"
"Hitmonchan","","74"
"Hitmonchan","","107"
"Hitmonchan","","95"
"Hitmonchan","","62"
"Hitmonchan ex","","98"
"Hitmonlee","","7"
"Hitmonlee","","22"
"Hitmonlee","","13"
"Hitmonlee","","58"
"Hitmonlee","","100"
"Hitmonlee","","81"
"Hitmonlee","","25"
"Hitmonlee","","47"
"Hitmonlee","","52"
"Hitmonlee","","HGSS25"
"Hitmonlee","","42"
"Hitmonlee","","73"
"Hitmonlee","","106"
"Hitmonlee","","94"
"Hitmontop","","37"
"Hitmontop","","8"
"Hitmontop","","101"
"Hitmontop","","82"
"Hitmontop","","26"
"Hitmontop","","5"
"Hitmontop","","102"
"Hitmontop","","240"
"Hitmontop","","3"
"Hitmontop","","22"
"Hitmontop","","113"
"Hitmontop","","88"
"Hitmontop","","72"
"Hitmontop","","49"
"Ho-oh","","52"
"Ho-oh","","149"
"Ho-oh","","7"
"Ho-oh","","18"
"Ho-Oh","","1"
"Ho-Oh","","9"
"Ho-Oh","","SL5"
"Ho-Oh","","10"
"Ho-Oh","","27"
"Ho-Oh","","HGSS01"
"Ho-Oh","","160"
"Ho-Oh","","19"
"Ho-Oh","","XY153"
"Ho-Oh BREAK","","XY154"
"Ho-Oh ex","","104"
"Ho-Oh ex","","17"
"Ho-Oh LEGEND","","111"
"Ho-Oh LEGEND","","112"
"Ho-Oh V","","140"
"Ho-Oh V","","187"
"Ho-Oh-EX","","22"
"Ho-Oh-EX","","119"
"Ho-Oh-EX","","92"
"Ho-Oh-EX","","121"
"Ho-Oh-GX","","21"
"Ho-Oh-GX","","131"
"Ho-Oh-GX","","SV50"
"Ho-Oh-GX","","SM57"
"Ho-Oh-GX","","SM80"
"Holon Adventurer","","85"
"Holon Circle","","79"
"Holon Energy FF","","104"
"Holon Energy FF","","84"
"Holon Energy GL","","105"
"Holon Energy GL","","85"
"Holon Energy WP","","106"
"Holon Energy WP","","86"
"Holon Farmer","","91"
"Holon Fossil","","86"
"Holon Lake","","87"
"Holon Lass","","92"
"Holon Legacy","","74"
"Holon Mentor","","93"
"Holon Mentor","","75"
"Holon Research Tower","","94"
"Holon Researcher","","95"
"Holon Ruins","","96"
"Holon Scientist","","97"
"Holon Transceiver","","98"
"Holon's Castform","","44"
"Holon's Electrode","","21"
"Holon's Magnemite","","70"
"Holon's Magneton","","22"
"Holon's Voltorb","","71"
"Honchkrow","","73"
"Honchkrow","","10"
"Honchkrow","","15"
"Honchkrow","","16"
"Honchkrow","","58"
"Honchkrow","","29"
"Honchkrow","","130"
"Honchkrow","","79"
"Honchkrow","","72"
"Honchkrow","","132"
"Honchkrow","","115"
"Honchkrow","","107"
"Honchkrow","","94"
"Honchkrow","","52"
"Honchkrow G","","77"
"Honchkrow LV.X","","132"
"Honchkrow V","","88"
"Honchkrow V","","161"
"Honchkrow V","","162"
"Honchkrow-GX","","109"
"Honchkrow-GX","","202"
"Honchkrow-GX","","223"
"Honedge","","7"
"Honedge","","92"
"Honedge","","93"
"Honedge","","46"
"Honedge","","47"
"Honedge","","107"
"Honedge","","130"
"Honedge","","131"
"Honedge","","133"
"Honedge","","105"
"Honedge","","21"
"Honedge","","83"
"Honedge","","98"
"Honedge","","60"
"Honedge","","XY12"
"Honey","","142"
"Honey","","192"
"Hooligans Jim & Cas","","95"
"Hoopa","","141"
"Hoopa","","140"
"Hoopa","","55"
"Hoopa","","54"
"Hoopa","","122"
"Hoopa","","83"
"Hoopa","","111"
"Hoopa","","51"
"Hoopa","","XY90"
"Hoopa","","XY147"
"Hoopa ex","","98"
"Hoopa ex","","226"
"Hoopa V","","GG53"
"Hoopa V","","253"
"Hoopa V","","SWSH176"
"Hoopa-EX","","36"
"Hoopa-EX","","89"
"Hoopa-EX","","XY71"
"Hoopa-EX","","XY85"
"Hoopa-GX","","96"
"Hoopa-GX","","166"
"Hoopa-GX","","187"
"Hoothoot","","91"
"Hoothoot","","85"
"Hoothoot","","65"
"Hoothoot","","59"
"Hoothoot","","66"
"Hoothoot","","HGSS05"
"Hoothoot","","60"
"Hoothoot","","165"
"Hoothoot","","106"
"Hoothoot","","126"
"Hoothoot","","114"
"Hoothoot","","77"
"Hoothoot","","143"
"Hoothoot","","120"
"Hoothoot","","TG12"
"Hoothoot","","119"
"Hop","","165"
"Hop","","133"
"Hop","","53"
"Hop","","73"
"Hop's Bag","","147"
"Hop's Choice Band","","148"
"Hop's Corviknight","","108"
"Hop's Corvisquire","","134"
"Hop's Cramorant","","177"
"Hop's Cramorant","","138"
"Hop's Dubwool","","136"
"Hop's Phantump","","95"
"Hop's Pincurchin ex","","68"
"Hop's Rookidee","","133"
"Hop's Sandaconda","","87"
"Hop's Silicobra","","86"
"Hop's Snorlax","","117"
"Hop's Trevenant","","96"
"Hop's Trevenant","","237"
"Hop's Wooloo","","135"
"Hop's Wooloo","","170"
"Hop's Zacian ex","","111"
"Hop's Zacian ex","","176"
"Hop's Zacian ex","","186"
"Hoppip","","1"
"Hoppip","","90"
"Hoppip","","112"
"Hoppip","","83"
"Hoppip","","57"
"Hoppip","","67"
"Hoppip","","61"
"Hoppip","","55"
"Hoppip","","11"
"Hoppip","","12"
"Hoppip","","96"
"Hoppip","","2"
"Hoppip","","3"
"Horror Psychic Energy","","172"
"Horsea","","49"
"Horsea","","18"
"Horsea","","102"
"Horsea","","84"
"Horsea","","85"
"Horsea","","33"
"Horsea","","58"
"Horsea","","3"
"Horsea","","62"
"Horsea","","29"
"Horsea","","15"
"Horsea","","16"
"Horsea","","116"
"Horsea","","30"
"Horsea","","10"
"Horsea","","67"
"Horsea","","137"
"Horsea","","35"
"Horsea","","20"
"Horsea","","31"
"Horsea δ","","66"
"Horsea δ","","31"
"Horsea δ","","50"
"Houndoom","","56"
"Houndoom","","75"
"Houndoom","","10"
"Houndoom","","18"
"Houndoom","","57"
"Houndoom","","14"
"Houndoom","","15"
"Houndoom","","H11"
"Houndoom","","12"
"Houndoom","","7"
"Houndoom","","34"
"Houndoom","","5"
"Houndoom","","82"
"Houndoom","","4"
"Houndoom","","23"
"Houndoom","","8"
"Houndoom","","59"
"Houndoom","","46"
"Houndoom","","133"
"Houndoom","","66"
"Houndoom","","63"
"Houndoom","","96"
"Houndoom","","179"
"Houndoom","","TG10"
"Houndoom","","SWSH090"
"Houndoom E4","","65"
"Houndoom ex","","134"
"Houndoom ex","","103"
"Houndoom G","","50"
"Houndoom Spirit Link","","142"
"Houndoom V","","21"
"Houndoom V","","178"
"Houndoom-EX","","21"
"Houndoom-EX","","153"
"Houndour","","55"
"Houndour","","74"
"Houndour","","59"
"Houndour","","69"
"Houndour","","103"
"Houndour","","113"
"Houndour","","86"
"Houndour","","87"
"Houndour","","66"
"Houndour","","60"
"Houndour","","53"
"Houndour","","54"
"Houndour","","5"
"Houndour","","24"
"Houndour","","39"
"Houndour","","43"
"Houndour","","58"
"Houndour","","45"
"Houndour","","33"
"Houndour","","131"
"Houndour","","132"
"Houndour","","204"
"Houndour","","7"
"Houndour","","62"
"Houndour","","95"
"Houndstone","","66"
"Houndstone","","145"
"Houndstone","","106"
"Houndstone","","101"
"Houndstone","","43"
"Houndstone","","168"
"Houndstone","","42"
"Houndstone ex","","102"
"Houndstone ex","","162"
"Hugh","","130"
"Huntail","","42"
"Huntail","","18"
"Huntail","","19"
"Huntail","","55"
"Huntail","","66"
"Huntail","","50"
"Hunting Gloves","","142"
"Hustle Belt","","134"
"Hustle Belt","","179"
"Hydrapple","","18"
"Hydrapple","","188"
"Hydrapple ex","","14"
"Hydrapple ex","","156"
"Hydrapple ex","","167"
"Hydrapple ex","","11"
"Hydreigon","","99"
"Hydreigon","","79"
"Hydreigon","","103"
"Hydreigon","","97"
"Hydreigon","","98"
"Hydreigon","","78"
"Hydreigon","","62"
"Hydreigon","","33"
"Hydreigon","","140"
"Hydreigon","","110"
"Hydreigon","","115"
"Hydreigon","","SWSH037"
"Hydreigon","","86"
"Hydreigon","","74"
"Hydreigon BREAK","","87"
"Hydreigon C","","SWSH138"
"Hydreigon ex","","67"
"Hydreigon ex","","161"
"Hydreigon ex","","169"
"Hydreigon ex","","119"
"Hydreigon ex","","223"
"Hydreigon ex","","240"
"Hydreigon-EX","","62"
"Hydreigon-EX","","103"
"Hyper Aroma","","152"
"Hyper Devolution Spray","","73"
"Hyper Potion","","127"
"Hyper Potion","","166"
"Hyper Potion","","54"
"Hypno","","8"
"Hypno","","23"
"Hypno","","25"
"Hypno","","19"
"Hypno","","16"
"Hypno","","H12"
"Hypno","","60"
"Hypno","","72"
"Hypno","","83"
"Hypno","","97"
"Hypno","","17"
"Hypno","","61"
"Hypno","","62"
"Hypno","","36"
"Hypno","","51"
"Hypnotoxic Laser","","123"
"Ice Rider Calyrex V","","TG14"
"Ice Rider Calyrex V","","45"
"Ice Rider Calyrex V","","163"
"Ice Rider Calyrex V","","164"
"Ice Rider Calyrex V","","SWSH130"
"Ice Rider Calyrex VMAX","","TG15"
"Ice Rider Calyrex VMAX","","TG29"
"Ice Rider Calyrex VMAX","","46"
"Ice Rider Calyrex VMAX","","202"
"Ice Rider Calyrex VMAX","","203"
"Igglybuff","","36"
"Igglybuff","","70"
"Igglybuff","","67"
"Igglybuff","","21"
"Igglybuff","","37"
"Igglybuff","","44"
"Igglybuff","","40"
"Igglybuff","","168"
"Ignition Energy","","124"
"Ignition Energy","","86"
"Ilima","","121"
"Ilima","","146"
"Illumise","","71"
"Illumise","","45"
"Illumise","","38"
"Illumise","","32"
"Illumise","","64"
"Illumise","","18"
"Illumise","","10"
"Illumise","","9"
"Imakuni?","","63"
"Imakuni?'s Doduo","","112"
"Impact Energy","","157"
"Impidimp","","94"
"Impidimp","","71"
"Impidimp","","123"
"Impidimp","","SV083"
"Impidimp","","176"
"Impidimp","","92"
"Imposter Oak's Revenge","","76"
"Imposter Professor Oak","","102"
"Imposter Professor Oak","","73"
"Impostor Professor Oak","","73"
"Impostor Professor Oak's Invention","","94"
"Incineroar","","26"
"Incineroar","","29"
"Incineroar","","17"
"Incineroar","","32"
"Incineroar ex","","34"
"Incineroar ex","","187"
"Incineroar V","","8"
"Incineroar-GX","","27"
"Incineroar-GX","","147"
"Incineroar-GX","","97"
"Incineroar-GX","","167"
"Incineroar-GX","","188"
"Incineroar-GX","","SM38"
"Indeedee","","153"
"Indeedee","","93"
"Indeedee","","154"
"Indeedee","","86"
"Indeedee","","88"
"Indeedee","","56"
"Indeedee","","SV059"
"Indeedee","","120"
"Indeedee","","127"
"Indeedee V","","91"
"Indeedee V","","192"
"Indeedee V","","39"
"Indeedee V","","SV114"
"Indigo Plateau","","86"
"Infernape","","17"
"Infernape","","5"
"Infernape","","22"
"Infernape","","3"
"Infernape","","31"
"Infernape","","23"
"Infernape","","59"
"Infernape","","33"
"Infernape","","173"
"Infernape","","116"
"Infernape","","26"
"Infernape","","20"
"Infernape E4","","43"
"Infernape E4 LV.X","","108"
"Infernape LV.X","","121"
"Infernape LV.X","","DP10"
"Infernape V","","SWSH252"
"Ingo & Emmet","","144"
"Ingo & Emmet","","176"
"Inkay","","6"
"Inkay","","118"
"Inkay","","89"
"Inkay","","50"
"Inkay","","SV17"
"Inkay","","137"
"Inkay","","33"
"Inkay","","77"
"Inkay","","121"
"Inkay","","44"
"Inkay","","69"
"Inkay","","18"
"Inkay","","74"
"Inkay","","75"
"Inkay","","41"
"Inkay","","45"
"Inkay","","93"
"Inteleon","","41"
"Inteleon","","142"
"Inteleon","","58"
"Inteleon","","59"
"Inteleon","","SV027"
"Inteleon","","43"
"Inteleon","","227"
"Inteleon","","SWSH113"
"Inteleon","","SWSH279"
"Inteleon V","","49"
"Inteleon V","","180"
"Inteleon V","","78"
"Inteleon V","","SWSH016"
"Inteleon VMAX","","50"
"Inteleon VMAX","","195"
"Inteleon VMAX","","79"
"Inteleon VMAX","","266"
"Interviewer's Questions","","79"
"Interviewer's Questions","","77"
"Iono","","185"
"Iono","","254"
"Iono","","269"
"Iono","","80"
"Iono","","237"
"Iono","","124"
"Iono's Bellibolt ex","","70"
"Iono's Bellibolt ex","","279"
"Iono's Bellibolt ex","","53"
"Iono's Bellibolt ex","","172"
"Iono's Bellibolt ex","","183"
"Iono's Bellibolt ex","","188"
"Iono's Electrode","","48"
"Iono's Kilowattrel","","72"
"Iono's Kilowattrel","","55"
"Iono's Kilowattrel","","163"
"Iono's Tadbulb","","69"
"Iono's Tadbulb","","52"
"Iono's Voltorb","","47"
"Iono's Wattrel","","71"
"Iono's Wattrel","","231"
"Iono's Wattrel","","54"
"Irida","","147"
"Irida","","186"
"Irida","","204"
"Irida","","GG63"
"Iris","","81"
"Iris","","101"
"Iris's Fighting Spirit","","190"
"Iris's Fighting Spirit","","292"
"Iris's Fighting Spirit","","149"
"Iris's Fighting Spirit","","180"
"Iron Boulder","","71"
"Iron Boulder","","46"
"Iron Boulder ex","","99"
"Iron Boulder ex","","192"
"Iron Boulder ex","","207"
"Iron Boulder ex","","217"
"Iron Boulder ex","","147"
"Iron Bundle","","56"
"Iron Bundle","","62"
"Iron Bundle","","55"
"Iron Bundle","","58"
"Iron Bundle","","66"
"Iron Crown","","132"
"Iron Crown ex","","81"
"Iron Crown ex","","191"
"Iron Crown ex","","206"
"Iron Crown ex","","216"
"Iron Crown ex","","158"
"Iron Crown ex","","146"
"Iron Defender","","118"
"Iron Hands","","61"
"Iron Hands ex","","70"
"Iron Hands ex","","223"
"Iron Hands ex","","248"
"Iron Hands ex","","31"
"Iron Hands ex","","154"
"Iron Jugulis","","158"
"Iron Jugulis","","216"
"Iron Jugulis","","139"
"Iron Leaves","","19"
"Iron Leaves ex","","25"
"Iron Leaves ex","","186"
"Iron Leaves ex","","203"
"Iron Leaves ex","","213"
"Iron Leaves ex","","176"
"Iron Leaves ex","","128"
"Iron Moth","","28"
"Iron Moth","","187"
"Iron Moth","","9"
"Iron Thorns","","62"
"Iron Thorns","","98"
"Iron Thorns ex","","77"
"Iron Thorns ex","","196"
"Iron Thorns ex","","32"
"Iron Treads","","118"
"Iron Treads ex","","143"
"Iron Treads ex","","233"
"Iron Treads ex","","248"
"Iron Treads ex","","66"
"Iron Treads ex","","73"
"Iron Valiant","","79"
"Iron Valiant","","80"
"Iron Valiant ex","","89"
"Iron Valiant ex","","225"
"Iron Valiant ex","","249"
"Iron Valiant ex","","261"
"Iron Valiant ex","","157"
"Iron Valiant ex","","68"
"Iscan","","158"
"Iscan","","192"
"Iscan","","207"
"Island Cave","","89"
"Island Challenge Amulet","","194"
"Island Challenge Amulet","","265"
"Island Hermit","","76"
"Item Finder","","74"
"Item Finder","","103"
"Ivysaur","","30"
"Ivysaur","","44"
"Ivysaur","","47"
"Ivysaur","","2"
"Ivysaur","","51"
"Ivysaur","","82"
"Ivysaur","","34"
"Ivysaur","","35"
"Ivysaur","","134"
"Ivysaur","","62"
"Ivysaur","","7"
"Ivysaur","","14"
"Ivysaur","","5"
"Ivysaur","","167"
"Jacq","","175"
"Jacq","","236"
"Jacq","","250"
"Jamming Net Team Flare Hyper Gear","","98"
"Jamming Tower","","261"
"Jamming Tower","","243"
"Jamming Tower","","153"
"Jangmo-o","","160"
"Jangmo-o","","161"
"Jangmo-o","","98"
"Jangmo-o","","75"
"Jangmo-o","","52"
"Jangmo-o","","SM40"
"Janine","","176"
"Janine","","210"
"Janine's Secret Art","","59"
"Janine's Secret Art","","88"
"Janine's Secret Art","","112"
"Janine's Secret Art","","173"
"Jasmine","","145"
"Jasmine","","177"
"Jasmine's Gaze","","178"
"Jasmine's Gaze","","233"
"Jasmine's Gaze","","245"
"Jaw Fossil","","94"
"Jellicent","","31"
"Jellicent","","35"
"Jellicent","","45"
"Jellicent","","39"
"Jellicent","","42"
"Jellicent","","21"
"Jellicent ex","","45"
"Jellicent ex","","160"
"Jellicent ex","","168"
"Jessie & James","","58"
"Jessie & James","","68"
"Jet Energy","","190"
"Jet Energy","","252"
"Jigglypuff","","54"
"Jigglypuff","","77"
"Jigglypuff","","7"
"Jigglypuff","","78"
"Jigglypuff","","BW65"
"Jigglypuff","","14"
"Jigglypuff","","72"
"Jigglypuff","","68"
"Jigglypuff","","53"
"Jigglypuff","","41"
"Jigglypuff","","63"
"Jigglypuff","","65"
"Jigglypuff","","8"
"Jigglypuff","","76"
"Jigglypuff","","44"
"Jigglypuff","","134"
"Jigglypuff","","71"
"Jigglypuff","","133"
"Jigglypuff","","83"
"Jigglypuff","","39"
"Jigglypuff","","198"
"Jigglypuff","","67"
"Jigglypuff","","110"
"Jigglypuff","","87"
"Jigglypuff","","88"
"Jirachi","","11"
"Jirachi","","31"
"Jirachi","","97"
"Jirachi","","8"
"Jirachi","","9"
"Jirachi","","RC13"
"Jirachi","","1"
"Jirachi","","21"
"Jirachi","","7"
"Jirachi","","99"
"Jirachi","","SM161"
"Jirachi","","126"
"Jirachi","","98"
"Jirachi","","119"
"Jirachi","","42"
"Jirachi","","XY67"
"Jirachi","","XY67a"
"Jirachi","","XY112"
"Jirachi","","XY195"
"Jirachi ◇","","97"
"Jirachi ex","","94"
"Jirachi V","","170"
"Jirachi-EX","","60"
"Jirachi-EX","","98"
"Jirachi-GX","","79"
"Jirachi-GX","","79a"
"Jolteon","","4"
"Jolteon","","20"
"Jolteon","","14"
"Jolteon","","37"
"Jolteon","","34"
"Jolteon","","BW91"
"Jolteon","","45"
"Jolteon","","23"
"Jolteon","","13"
"Jolteon","","H12"
"Jolteon","","8"
"Jolteon","","6"
"Jolteon","","28"
"Jolteon","","26"
"Jolteon","","3"
"Jolteon","","70"
"Jolteon","","135"
"Jolteon","","29"
"Jolteon","","47"
"Jolteon","","TG04"
"Jolteon","","SWSH094"
"Jolteon ★","","101"
"Jolteon ex","","109"
"Jolteon ex","","30"
"Jolteon ex","","153"
"Jolteon V","","177"
"Jolteon V","","SWSH151"
"Jolteon V","","SWSH183"
"Jolteon VMAX","","51"
"Jolteon VMAX","","SWSH184"
"Jolteon δ","","7"
"Jolteon-EX","","28"
"Jolteon-EX","","28a"
"Jolteon-GX","","SM173"
"Joltik","","44"
"Joltik","","45"
"Joltik","","33"
"Joltik","","41"
"Joltik","","42"
"Joltik","","50"
"Joltik","","116"
"Joltik","","61"
"Joltik","","47"
"Joltik","","64"
"Joltik","","196"
"Joltik","","1"
"Joltik","","150"
"Joltik","","70"
"Joltik","","55"
"Joltik","","26"
"Jubilife Village","","148"
"Jubilife Village","","212"
"Judge","","78"
"Judge","","108"
"Judge","","209"
"Judge","","176"
"Judge","","167"
"Judge","","222"
"Judge","","228"
"Judge","","TG25"
"Judge","","235"
"Judge","","143"
"Judge Whistle","","146"
"Judge Whistle","","194"
"Juggler","","126"
"Jumbo Ice Cream","","91"
"Jumpluff","","3"
"Jumpluff","","11"
"Jumpluff","","17"
"Jumpluff","","H13"
"Jumpluff","","6"
"Jumpluff","","7"
"Jumpluff","","9"
"Jumpluff","","14"
"Jumpluff","","98"
"Jumpluff","","4"
"Jumpluff","","5"
"Junk Arm","","87"
"Justified Gloves","","143"
"Jynx","","31"
"Jynx","","45"
"Jynx","","26"
"Jynx","","30"
"Jynx","","83"
"Jynx","","18"
"Jynx","","28"
"Jynx","","36"
"Jynx","","69"
"Jynx","","57"
"Jynx","","76"
"Jynx","","38"
"Jynx","","68"
"Jynx","","46"
"Jynx","","62"
"Jynx","","TG04"
"Jynx","","112"
"Jynx","","37"
"Jynx ex","","124"
"Jynx ex","","191"
"Jynx δ","","17"
"Kabu","","TG26"
"Kabu","","163"
"Kabu","","186"
"Kabu","","55"
"Kabu","","77"
"Kabuto","","50"
"Kabuto","","48"
"Kabuto","","67"
"Kabuto","","37"
"Kabuto","","36"
"Kabuto","","51"
"Kabuto","","39"
"Kabuto","","56"
"Kabuto","","77"
"Kabuto","","140"
"Kabuto","","38"
"Kabuto δ","","67"
"Kabutops","","9"
"Kabutops","","24"
"Kabutops","","27"
"Kabutops","","6"
"Kabutops","","14"
"Kabutops","","150"
"Kabutops","","H13"
"Kabutops","","7"
"Kabutops","","10"
"Kabutops","","25"
"Kabutops","","4"
"Kabutops","","78"
"Kabutops","","141"
"Kabutops","","39"
"Kabutops ex","","97"
"Kabutops δ","","9"
"Kadabra","","32"
"Kadabra","","46"
"Kadabra","","49"
"Kadabra","","84"
"Kadabra","","69"
"Kadabra","","55"
"Kadabra","","64"
"Kadabra","","149"
"Kadabra","","81"
"Kahili","","179"
"Kahili","","210"
"Kakuna","","33"
"Kakuna","","47"
"Kakuna","","50"
"Kakuna","","2"
"Kakuna","","73"
"Kakuna","","70"
"Kakuna","","46"
"Kakuna","","36"
"Kakuna","","32"
"Kakuna","","41"
"Kakuna","","66"
"Kakuna","","4"
"Kakuna","","14"
"Kakuna","","3"
"Kakuna","","6"
"Kamado","","149"
"Kamado","","187"
"Kamado","","205"
"Kangaskhan","","5"
"Kangaskhan","","21"
"Kangaskhan","","26"
"Kangaskhan","","71"
"Kangaskhan","","38"
"Kangaskhan","","88"
"Kangaskhan","","6"
"Kangaskhan","","36"
"Kangaskhan","","99"
"Kangaskhan","","163"
"Kangaskhan","","47"
"Kangaskhan","","55"
"Kangaskhan","","128"
"Kangaskhan","","151"
"Kangaskhan","","204"
"Kangaskhan","","165"
"Kangaskhan","","133"
"Kangaskhan","","SWSH038"
"Kangaskhan","","75"
"Kangaskhan ex","","115"
"Kangaskhan ex","","190"
"Kangaskhan ex","","55"
"Kangaskhan-EX","","78"
"Kangaskhan-EX","","103"
"Kangaskhan-GX","","SM188"
"Karate Belt","","201"
"Karate Belt","","252"
"Karen","","XY177"
"Karen","","XY177a"
"Karen's Conviction","","144"
"Karen's Conviction","","193"
"Karen's Conviction","","216"
"Karrablast","","6"
"Karrablast","","8"
"Karrablast","","9"
"Karrablast","","12"
"Karrablast","","7"
"Karrablast","","15"
"Karrablast","","94"
"Kartana","","19"
"Kartana","","101"
"Kartana","","SV33"
"Kartana-GX","","70"
"Kartana-GX","","106"
"Kartana-GX","","117"
"Kartana-GX","","SV73"
"Katy","","177"
"Katy","","237"
"Kecleon","","94"
"Kecleon","","52"
"Kecleon","","37"
"Kecleon","","18"
"Kecleon","","67"
"Kecleon","","122"
"Kecleon","","161"
"Kecleon","","162"
"Kecleon","","150"
"Kecleon","","213"
"Keldeo","","47"
"Keldeo","","48"
"Keldeo","","BW60"
"Keldeo","","26"
"Keldeo","","44"
"Keldeo","","45"
"Keldeo","","46"
"Keldeo","","GG07"
"Keldeo","","XY118"
"Keldeo","","XY191"
"Keldeo ex","","30"
"Keldeo ex","","159"
"Keldeo ex","","167"
"Keldeo V","","53"
"Keldeo-EX","","45"
"Keldeo-EX","","49"
"Keldeo-EX","","142"
"Keldeo-EX","","BW61"
"Keldeo-GX","","47"
"Keldeo-GX","","219"
"Keldeo-GX","","240"
"Kiawe","","116"
"Kiawe","","116a"
"Kiawe","","144"
"Kieran","","154"
"Kieran","","206"
"Kieran","","218"
"Kieran","","113"
"Kieran","","174"
"Kilowattrel","","79"
"Kilowattrel","","82"
"Kilowattrel","","22"
"Kilowattrel","","146"
"Kilowattrel","","76"
"Kilowattrel","","67"
"Kilowattrel ex","","68"
"Kindler","","143"
"Kindler","","170"
"Kindler","","179"
"Kingambit","","148"
"Kingambit","","134"
"Kingambit","","220"
"Kingambit","","150"
"Kingambit","","187"
"Kingambit","","113"
"Kingambit","","130"
"Kingdra","","84"
"Kingdra","","7"
"Kingdra","","19"
"Kingdra","","148"
"Kingdra","","H14"
"Kingdra","","12"
"Kingdra","","17"
"Kingdra","","85"
"Kingdra","","8"
"Kingdra","","31"
"Kingdra","","32"
"Kingdra","","TG03"
"Kingdra","","37"
"Kingdra","","33"
"Kingdra","","107"
"Kingdra","","108"
"Kingdra","","XY39"
"Kingdra ex","","92"
"Kingdra ex","","12"
"Kingdra ex","","80"
"Kingdra ex","","131"
"Kingdra ex δ","","94"
"Kingdra δ","","10"
"Kingdra-EX","","73"
"Kingdra-EX","","122"
"Kingdra-GX","","18"
"Kingdra-GX","","66"
"Kingdra-GX","","SM155"
"Kingler","","38"
"Kingler","","20"
"Kingler","","15"
"Kingler","","50"
"Kingler","","26"
"Kingler","","47"
"Kingler","","99"
"Kingler","","44"
"Kingler","","14"
"Kingler V","","28"
"Kingler VMAX","","29"
"Kingler δ","","22"
"Kirlia","","60"
"Kirlia","","RC9"
"Kirlia","","56"
"Kirlia","","53"
"Kirlia","","34"
"Kirlia","","35"
"Kirlia","","47"
"Kirlia","","32"
"Kirlia","","31"
"Kirlia","","40"
"Kirlia","","33"
"Kirlia","","59"
"Kirlia","","88"
"Kirlia","","51"
"Kirlia","","8"
"Kirlia","","81"
"Kirlia","","92"
"Kirlia","","92a"
"Kirlia","","140"
"Kirlia","","SV35"
"Kirlia","","85"
"Kirlia","","212"
"Kirlia","","28"
"Kirlia","","154"
"Kirlia","","61"
"Kirlia","","68"
"Kirlia","","SWSH271"
"Kirlia","","69"
"Kirlia δ","","33"
"Klang","","75"
"Klang","","76"
"Klang","","89"
"Klang","","11"
"Klang","","100"
"Klang","","124"
"Klang","","126"
"Klang","","103"
"Klang","","72"
"Klang","","62"
"Klang","","140"
"Klara","","145"
"Klara","","194"
"Klara","","217"
"Klara","","SWSH302"
"Klawf","","122"
"Klawf","","217"
"Klawf","","105"
"Klawf","","90"
"Klawf ex","","120"
"Kleavor","","85"
"Kleavor","","86"
"Kleavor","","TG08"
"Kleavor V","","87"
"Kleavor V","","SWSH248"
"Kleavor VSTAR","","196"
"Kleavor VSTAR","","SWSH249"
"Klefki","","89"
"Klefki","","110"
"Klefki","","96"
"Klefki","","159"
"Klefki","","128"
"Klefki","","186"
"Klefki","","80"
"Klefki","","73"
"Klefki","","66"
"Klefki","","48"
"Klink","","74"
"Klink","","75"
"Klink","","97"
"Klink","","88"
"Klink","","10"
"Klink","","99"
"Klink","","123"
"Klink","","125"
"Klink","","102"
"Klink","","71"
"Klink","","61"
"Klink","","139"
"Klinklang","","76"
"Klinklang","","77"
"Klinklang","","90"
"Klinklang","","101"
"Klinklang","","125"
"Klinklang","","127"
"Klinklang","","104"
"Klinklang","","73"
"Klinklang","","63"
"Klinklang","","141"
"Koffing","","51"
"Koffing","","58"
"Koffing","","56"
"Koffing","","57"
"Koffing","","60"
"Koffing","","74"
"Koffing","","114"
"Koffing","","54"
"Koffing","","72"
"Koffing","","61"
"Koffing","","62"
"Koffing","","70"
"Koffing","","68"
"Koffing","","73"
"Koffing","","28"
"Koffing","","76"
"Koffing","","243"
"Koffing","","109"
"Koffing","","91"
"Koffing","","75"
"Koffing","","112"
"Koffing","","41"
"Koffing","","SV076"
"Koffing","","94"
"Koffing","","27"
"Koffing","","50"
"Kofu","","138"
"Kofu","","165"
"Koga","","19"
"Koga","","106"
"Koga's Arbok","","25"
"Koga's Beedrill","","9"
"Koga's Ditto","","10"
"Koga's Ekans","","77"
"Koga's Golbat","","46"
"Koga's Grimer","","78"
"Koga's Kakuna","","47"
"Koga's Koffing","","48"
"Koga's Koffing","","79"
"Koga's Muk","","26"
"Koga's Ninja Trick","","115"
"Koga's Pidgeotto","","27"
"Koga's Pidgey","","49"
"Koga's Pidgey","","80"
"Koga's Tangela","","81"
"Koga's Trap","","177"
"Koga's Trap","","211"
"Koga's Trap","","59"
"Koga's Weedle","","82"
"Koga's Weezing","","50"
"Koga's Zubat","","83"
"Komala","","185"
"Komala","","114"
"Komala","","SM41"
"Komala","","129"
"Komala","","149"
"Kommo-o","","163"
"Kommo-o","","77"
"Kommo-o","","54"
"Kommo-o-GX","","100"
"Kommo-o-GX","","141"
"Kommo-o-GX","","159"
"Kommo-o-GX","","SM71"
"Koraidon","","124"
"Koraidon","","119"
"Koraidon","","90"
"Koraidon","","116"
"Koraidon","","14"
"Koraidon","","91"
"Koraidon ex","","121"
"Koraidon ex","","125"
"Koraidon ex","","231"
"Koraidon ex","","247"
"Koraidon ex","","254"
"Koraidon ex","","124"
"Koraidon ex","","245"
"Koraidon ex","","120"
"Koraidon ex","","29"
"Korrina","","95"
"Korrina","","111"
"Korrina's Focus","","128"
"Korrina's Focus","","160"
"Korrina's Focus","","174"
"Krabby","","51"
"Krabby","","75"
"Krabby","","115"
"Krabby","","54"
"Krabby","","66"
"Krabby","","21"
"Krabby","","46"
"Krabby","","98"
"Krabby","","42"
"Krabby","","43"
"Krabby","","13"
"Kricketot","","3"
"Kricketot","","86"
"Kricketot","","65"
"Kricketot","","78"
"Kricketot","","109"
"Kricketot","","13"
"Kricketot","","9"
"Kricketot","","10"
"Kricketot","","5"
"Kricketune","","4"
"Kricketune","","27"
"Kricketune","","24"
"Kricketune","","32"
"Kricketune","","14"
"Kricketune","","10"
"Kricketune","","GG02"
"Kricketune","","6"
"Kricketune V","","TG12"
"Kricketune V","","6"
"Kricketune V","","142"
"Krokorok","","64"
"Krokorok","","61"
"Krokorok","","65"
"Krokorok","","69"
"Krokorok","","84"
"Krokorok","","115"
"Krokorok","","116"
"Krokorok","","112"
"Krokorok","","79"
"Krokorok","","108"
"Krokorok","","70"
"Krokorok","","57"
"Krokorok","","58"
"Krokorok","","136"
"Krookodile","","65"
"Krookodile","","62"
"Krookodile","","66"
"Krookodile","","127"
"Krookodile","","70"
"Krookodile","","85"
"Krookodile","","116"
"Krookodile","","117"
"Krookodile","","113"
"Krookodile","","109"
"Krookodile","","71"
"Krookodile","","59"
"Krookodile","","137"
"Krookodile-EX","","XY25"
"Kubfu","","93"
"Kyogre","","3"
"Kyogre","","12"
"Kyogre","","SL6"
"Kyogre","","32"
"Kyogre","","6"
"Kyogre","","15"
"Kyogre","","34"
"Kyogre","","53"
"Kyogre","","46"
"Kyogre","","SM129"
"Kyogre","","36"
"Kyogre","","21"
"Kyogre","","XY51"
"Kyogre & Groudon LEGEND","","87"
"Kyogre & Groudon LEGEND","","88"
"Kyogre ★","","112"
"Kyogre ex","","95"
"Kyogre ex","","94"
"Kyogre ex","","1"
"Kyogre ex","","37"
"Kyogre Spirit Link","","132"
"Kyogre V","","37"
"Kyogre-EX","","26"
"Kyogre-EX","","104"
"Kyogre-EX","","54"
"Kyogre-EX","","148"
"Kyogre-EX","","XY41"
"Kyurem","","43"
"Kyurem","","34"
"Kyurem","","31"
"Kyurem","","BW44"
"Kyurem","","21"
"Kyurem","","50"
"Kyurem","","47"
"Kyurem","","SM142"
"Kyurem","","116"
"Kyurem ex","","28"
"Kyurem ex","","157"
"Kyurem ex","","165"
"Kyurem V","","48"
"Kyurem V","","174"
"Kyurem VMAX","","49"
"Kyurem VMAX","","197"
"Kyurem-EX","","30"
"Kyurem-EX","","44"
"Kyurem-EX","","38"
"Kyurem-EX","","96"
"Kyurem-EX","","BW37"
"Kyurem-EX","","25"
"Kyurem-EX","","86"
"Lacey","","139"
"Lacey","","166"
"Lacey","","172"
"Lacey","","114"
"Lacey","","175"
"Lady","","109"
"Lady","","SV86"
"Lady","","159"
"Lady","","193"
"Lady","","208"
"Lady Outing","","83"
"Lady Outing","","87"
"Lairon","","58"
"Lairon","","79"
"Lairon","","53"
"Lairon","","36"
"Lairon","","37"
"Lairon","","38"
"Lairon","","45"
"Lairon","","32"
"Lairon","","41"
"Lairon","","29"
"Lairon","","44"
"Lairon","","124"
"Lairon","","66"
"Lairon","","121"
"Lairon","","184"
"Lairon","","88"
"Lairon","","122"
"Lairon","","110"
"Lake Acuity","","160"
"Lake Boundary","","112"
"Lampent","","59"
"Lampent","","19"
"Lampent","","22"
"Lampent","","15"
"Lampent","","17"
"Lampent","","102"
"Lampent","","29"
"Lampent","","12"
"Lampent","","37"
"Lampent","","25"
"Lampent","","32"
"Lampent","","49"
"Lampent","","42"
"Lana","","117"
"Lana","","150"
"Lana's Aid","","155"
"Lana's Aid","","207"
"Lana's Aid","","219"
"Lana's Fishing Rod","","195"
"Lana's Fishing Rod","","266"
"Lance","","159"
"Lance","","192"
"Lance","","206"
"Lance ◇","","61"
"Lance's Charizard V","","SWSH133"
"Landorus","","85"
"Landorus","","74"
"Landorus","","BW43"
"Landorus","","BW79"
"Landorus","","103"
"Landorus","","110"
"Landorus","","105"
"Landorus","","148"
"Landorus","","58"
"Landorus","","53"
"Landorus","","131"
"Landorus-EX","","89"
"Landorus-EX","","144"
"Lanette's Net Search","","87"
"Lanette's Net Search","","77"
"Lanturn","","36"
"Lanturn","","58"
"Lanturn","","59"
"Lanturn","","20"
"Lanturn","","21"
"Lanturn","","H15"
"Lanturn","","40"
"Lanturn","","19"
"Lanturn","","15"
"Lanturn","","38"
"Lanturn","","18"
"Lanturn","","86"
"Lanturn","","32"
"Lanturn","","50"
"Lanturn","","72"
"Lanturn","","74"
"Lanturn","","49"
"Lanturn","","69"
"Lanturn","","52"
"Lanturn","","53"
"Lapras","","10"
"Lapras","","25"
"Lapras","","17"
"Lapras","","26"
"Lapras","","21"
"Lapras","","71"
"Lapras","","8"
"Lapras","","24"
"Lapras","","HGSS14"
"Lapras","","5"
"Lapras","","6"
"Lapras","","23"
"Lapras","","79"
"Lapras","","12"
"Lapras","","36"
"Lapras","","56"
"Lapras","","31"
"Lapras","","45"
"Lapras","","131"
"Lapras","","16"
"Lapras","","48"
"Lapras","","GG05"
"Lapras","","29"
"Lapras","","54"
"Lapras","","SWSH051"
"Lapras","","35"
"Lapras","","28"
"Lapras ex","","99"
"Lapras ex","","32"
"Lapras ex","","158"
"Lapras ex","","164"
"Lapras V","","49"
"Lapras V","","189"
"Lapras V","","SV110"
"Lapras VMAX","","50"
"Lapras VMAX","","203"
"Lapras VMAX","","SV111"
"Lapras-GX","","35"
"Lapras-GX","","139"
"Lapras-GX","","151"
"Larry","","165"
"Larry","","235"
"Larry's Braviary","","174"
"Larry's Dudunsparce ex","","164"
"Larry's Dunsparce","","163"
"Larry's Komala","","175"
"Larry's Rufflet","","173"
"Larry's Skill","","115"
"Larry's Skill","","139"
"Larry's Staraptor","","170"
"Larry's Staraptor","","249"
"Larry's Staravia","","169"
"Larry's Starly","","168"
"Larvesta","","12"
"Larvesta","","19"
"Larvesta","","20"
"Larvesta","","21"
"Larvesta","","34"
"Larvesta","","40"
"Larvesta","","24"
"Larvesta","","196"
"Larvesta","","28"
"Larvesta","","29"
"Larvesta","","23"
"Larvesta","","14"
"Larvesta","","16"
"Larvesta","","15"
"Larvesta","","99"
"Larvitar","","87"
"Larvitar","","63"
"Larvitar","","116"
"Larvitar","","89"
"Larvitar","","61"
"Larvitar","","51"
"Larvitar","","62"
"Larvitar","","52"
"Larvitar","","50"
"Larvitar","","57"
"Larvitar","","70"
"Larvitar","","37"
"Larvitar","","11"
"Larvitar","","74"
"Larvitar","","114"
"Larvitar","","115"
"Larvitar","","79"
"Larvitar","","110"
"Larvitar","","105"
"Larvitar","","203"
"Larvitar","","47"
"Larvitar","","80"
"Larvitar","","86"
"Larvitar","","40"
"Larvitar","","41"
"Larvitar δ","","73"
"Larvitar δ","","52"
"Lass","","75"
"Lass","","104"
"Lass's Special","","103"
"Last Chance Potion","","135"
"Latias","","22"
"Latias","","9"
"Latias","","HGSS10"
"Latias","","14"
"Latias","","3"
"Latias","","153"
"Latias","","SM87"
"Latias","","SM135"
"Latias","","67"
"Latias","","139"
"Latias","","GG20"
"Latias","","193"
"Latias","","SWSH171"
"Latias","","4"
"Latias","","XY78"
"Latias & Latios-GX","","113"
"Latias & Latios-GX","","169"
"Latias & Latios-GX","","170"
"Latias & Latios-GX","","190"
"Latias ◇","","107"
"Latias ★","","105"
"Latias ex","","93"
"Latias ex","","76"
"Latias ex","","220"
"Latias ex","","239"
"Latias ex δ","","95"
"Latias δ","","8"
"Latias δ","","11"
"Latias δ","","21"
"Latias-EX","","85"
"Latias-EX","","112"
"Latios","","23"
"Latios","","10"
"Latios","","HGSS11"
"Latios","","101"
"Latios","","15"
"Latios","","4"
"Latios","","41"
"Latios","","SM88"
"Latios","","SM136"
"Latios","","73"
"Latios","","77"
"Latios","","203"
"Latios","","194"
"Latios","","2"
"Latios","","XY65"
"Latios","","XY79"
"Latios ◇","","108"
"Latios ★","","106"
"Latios ex","","94"
"Latios ex δ","","96"
"Latios Spirit Link","","85"
"Latios δ","","9"
"Latios δ","","12"
"Latios δ","","22"
"Latios-EX","","86"
"Latios-EX","","113"
"Latios-EX","","58"
"Latios-EX","","101"
"Latios-EX","","XY72"
"Latios-GX","","78"
"Latios-GX","","223"
"Latios-GX","","243"
"Lavender Town","","147"
"Leafeon","","6"
"Leafeon","","11"
"Leafeon","","BW87"
"Leafeon","","13"
"Leafeon","","7"
"Leafeon","","24"
"Leafeon","","17"
"Leafeon","","45"
"Leafeon","","SM237"
"Leafeon","","5"
"Leafeon","","SWSH191"
"Leafeon ex","","6"
"Leafeon ex","","144"
"Leafeon LV.X","","99"
"Leafeon V","","13"
"Leafeon V","","7"
"Leafeon V","","166"
"Leafeon V","","167"
"Leafeon V","","SWSH194"
"Leafeon VMAX","","8"
"Leafeon VMAX","","204"
"Leafeon VMAX","","205"
"Leafeon VSTAR","","14"
"Leafeon VSTAR","","GG35"
"Leafeon VSTAR","","SWSH195"
"Leafeon-EX","","10"
"Leafeon-GX","","13"
"Leafeon-GX","","139"
"Leafeon-GX","","157"
"Leafeon-GX","","SV46"
"Leafeon-GX","","SM146"
"Leafy Camo Poncho","","160"
"Leafy Camo Poncho","","214"
"League Staff","","153"
"Leavanny","","12"
"Leavanny","","7"
"Leavanny","","8"
"Leavanny","","3"
"Leavanny","","10"
"Leavanny","","89"
"Leavanny","","9"
"Leavanny","","11"
"Lechonk","","154"
"Lechonk","","155"
"Lechonk","","156"
"Lechonk","","180"
"Lechonk","","181"
"Lechonk","","182"
"Lechonk","","209"
"Lechonk","","71"
"Lechonk","","207"
"Lechonk","","126"
"Lechonk","","139"
"Ledian","","60"
"Ledian","","15"
"Ledian","","H14"
"Ledian","","23"
"Ledian","","25"
"Ledian","","39"
"Ledian","","10"
"Ledian","","3"
"Ledian","","144"
"Ledian","","133"
"Ledian","","5"
"Ledian","","7"
"Ledian δ","","18"
"Ledyba","","104"
"Ledyba","","72"
"Ledyba","","73"
"Ledyba","","64"
"Ledyba","","71"
"Ledyba","","1"
"Ledyba","","63"
"Ledyba","","7"
"Ledyba","","9"
"Ledyba","","2"
"Ledyba","","4"
"Ledyba","","6"
"Ledyba δ","","53"
"Leftovers","","99"
"Leftovers","","163"
"Legacy Energy","","167"
"Legend Box","","75"
"Leon","","134"
"Leon","","154"
"Leon","","182"
"Leon","","195"
"Letter of Encouragement","","189"
"Level Ball","","89"
"Level Ball","","129"
"Level Ball","","181"
"Level Ball","","76"
"Level Max","","107"
"Levincia","","244"
"Levincia","","150"
"Lickilicky","","12"
"Lickilicky","","38"
"Lickilicky","","33"
"Lickilicky","","153"
"Lickilicky","","162"
"Lickilicky","","103"
"Lickilicky","","125"
"Lickilicky","","139"
"Lickilicky","","114"
"Lickilicky","","79"
"Lickilicky C","","30"
"Lickitung","","38"
"Lickitung","","48"
"Lickitung","","16"
"Lickitung","","91"
"Lickitung","","39"
"Lickitung","","90"
"Lickitung","","37"
"Lickitung","","66"
"Lickitung","","80"
"Lickitung","","152"
"Lickitung","","161"
"Lickitung","","102"
"Lickitung","","108"
"Lickitung","","124"
"Lickitung","","180"
"Lickitung","","138"
"Lickitung","","113"
"Lickitung","","78"
"Lickitung δ","","19"
"Liepard","","67"
"Liepard","","65"
"Liepard","","91"
"Liepard","","84"
"Liepard","","56"
"Liepard","","137"
"Liepard","","136"
"Liepard","","49"
"Liepard","","115"
"Liepard","","78"
"Liepard","","107"
"Liepard","","40"
"Liepard","","SWSH187"
"Liepard","","57"
"Liepard V","","104"
"Liepard V","","180"
"Life Dew","","107"
"Life Forest ◇","","180"
"Life Herb","","90"
"Life Herb","","93"
"Life Herb","","79"
"Life Herb","","108"
"Life Herb","","136"
"Life Herb","","180"
"Light Arcanine","","12"
"Light Azumarill","","13"
"Light Ball","","191"
"Light Dewgong","","45"
"Light Dragonair","","22"
"Light Dragonite","","14"
"Light Flareon","","46"
"Light Golduck","","47"
"Light Jolteon","","48"
"Light Lanturn","","23"
"Light Ledian","","24"
"Light Machamp","","25"
"Light Machoke","","49"
"Light Ninetales","","50"
"Light Piloswine","","26"
"Light Slowbro","","51"
"Light Sunflora","","72"
"Light Togetic","","15"
"Light Toxtricity","","SWSH137"
"Light Vaporeon","","52"
"Light Venomoth","","53"
"Light Wigglytuff","","54"
"Lightning Cube 01","","127"
"Lightning Energy","","100"
"Lightning Energy","","128"
"Lightning Energy","","108"
"Lightning Energy","","91"
"Lightning Energy","","126"
"Lightning Energy","","163"
"Lightning Energy","","109"
"Lightning Energy","","106"
"Lightning Energy","","104"
"Lightning Energy","","78"
"Lightning Energy","","130"
"Lightning Energy","","118"
"Lightning Energy","","167"
"Lightning Energy","","168"
"Lightning Energy","","155"
"Lightning Energy","","235"
"Lightning Energy","","10"
"Lightning Energy","","11"
"Lightning Energy","","12"
"Lightning Energy","","135"
"Lightning Energy","","94"
"Lileep","","3"
"Lileep","","105"
"Lileep","","56"
"Lileep","","52"
"Lileep","","42"
"Lileep","","43"
"Lileep","","10"
"Lileep","","5"
"Lileep","","145"
"Lileep δ","","68"
"Lillie","","122"
"Lillie","","147"
"Lillie","","62"
"Lillie","","125"
"Lillie","","125a"
"Lillie","","151"
"Lillie's Clefairy ex","","76"
"Lillie's Clefairy ex","","280"
"Lillie's Clefairy ex","","56"
"Lillie's Clefairy ex","","173"
"Lillie's Clefairy ex","","184"
"Lillie's Comfey","","68"
"Lillie's Cutiefly","","66"
"Lillie's Determination","","119"
"Lillie's Determination","","169"
"Lillie's Determination","","184"
"Lillie's Determination","","192"
"Lillie's Full Force","","196"
"Lillie's Full Force","","230"
"Lillie's Pearl","","151"
"Lillie's Poké Doll","","197"
"Lillie's Poké Doll","","267"
"Lillie's Ribombee","","67"
"Lillie's Ribombee","","164"
"Lilligant","","10"
"Lilligant","","14"
"Lilligant","","5"
"Lilligant","","17"
"Lilligant","","BW49"
"Lilligant","","7"
"Lilligant","","8"
"Lilligant","","92"
"Lillipup","","80"
"Lillipup","","81"
"Lillipup","","86"
"Lillipup","","120"
"Lillipup","","BW52"
"Lillipup","","74"
"Lillipup","","154"
"Lillipup","","103"
"Lillipup","","174"
"Lillipup","","170"
"Lillipup","","133"
"Lillipup","","108"
"Linoone","","43"
"Linoone","","38"
"Linoone","","44"
"Linoone","","34"
"Linoone","","82"
"Linoone","","168"
"Linoone","","3"
"Linoone","","112"
"Lisia","","137"
"Lisia","","164"
"Lisia's Appeal","","179"
"Lisia's Appeal","","234"
"Lisia's Appeal","","246"
"Litleo","","23"
"Litleo","","139"
"Litleo","","36"
"Litleo","","18"
"Litleo","","50"
"Litleo","","31"
"Litleo","","15"
"Litleo","","28"
"Litleo","","22"
"Litleo","","19"
"Litleo","","11"
"Litten","","3"
"Litten","","15"
"Litten","","24"
"Litten","","26"
"Litten","","27"
"Litten","","12"
"Litten","","20"
"Litten","","SM02"
"Litten","","SM08"
"Litten","","SM23"
"Litten","","32"
"Litten","","167"
"Litten","","30"
"Litwick","","57"
"Litwick","","58"
"Litwick","","18"
"Litwick","","21"
"Litwick","","14"
"Litwick","","BW27"
"Litwick","","16"
"Litwick","","101"
"Litwick","","27"
"Litwick","","28"
"Litwick","","11"
"Litwick","","36"
"Litwick","","24"
"Litwick","","31"
"Litwick","","48"
"Litwick","","41"
"Lively Stadium","","180"
"Lokix","","10"
"Lokix","","21"
"Lokix","","122"
"Lokix","","16"
"Lokix","","100"
"Lombre","","30"
"Lombre","","54"
"Lombre","","37"
"Lombre","","45"
"Lombre","","46"
"Lombre","","33"
"Lombre","","34"
"Lombre","","6"
"Lombre","","52"
"Lombre","","36"
"Lombre","","8"
"Lombre","","11"
"Looker","","126"
"Looker","","152"
"Looker Whistle","","127"
"Looker's Investigation","","109"
"Lopunny","","117"
"Lopunny","","30"
"Lopunny","","33"
"Lopunny","","108"
"Lopunny","","63"
"Lopunny","","21"
"Lopunny","","9"
"Lopunny","","107"
"Lopunny","","84"
"Lopunny","","145"
"Lopunny","","213"
"Lopunny","","85"
"Lost Blender","","181"
"Lost Blender","","233"
"Lost City","","161"
"Lost Remover","","80"
"Lost Vacuum","","162"
"Lost Vacuum","","217"
"Lost Vacuum","","135"
"Lost World","","81"
"Lotad","","29"
"Lotad","","92"
"Lotad","","55"
"Lotad","","66"
"Lotad","","67"
"Lotad","","35"
"Lotad","","63"
"Lotad","","2"
"Lotad","","5"
"Lotad","","81"
"Lotad","","SH4"
"Lotad","","36"
"Lotad","","7"
"Lotad","","32"
"Lotad","","10"
"Loudred","","106"
"Loudred","","44"
"Loudred","","23"
"Loudred","","39"
"Loudred","","35"
"Loudred","","64"
"Loudred","","118"
"Loudred","","149"
"Loudred","","212"
"Loudred","","136"
"Loudred","","81"
"Loudred","","84"
"Love Ball","","156"
"Low Pressure System","","86"
"Low Pressure System","","11"
"Lt. Surge","","17"
"Lt. Surge","","101"
"Lt. Surge's Bargain","","120"
"Lt. Surge's Bargain","","170"
"Lt. Surge's Bargain","","185"
"Lt. Surge's Eevee","","51"
"Lt. Surge's Electabuzz","","6"
"Lt. Surge's Electabuzz","","27"
"Lt. Surge's Electrode","","52"
"Lt. Surge's Fearow","","7"
"Lt. Surge's Jolteon","","28"
"Lt. Surge's Magnemite","","50"
"Lt. Surge's Magnemite","","80"
"Lt. Surge's Magneton","","8"
"Lt. Surge's Pikachu","","81"
"Lt. Surge's Pikachu","","84"
"Lt. Surge's Raichu","","28"
"Lt. Surge's Raichu","","11"
"Lt. Surge's Raticate","","51"
"Lt. Surge's Raticate","","53"
"Lt. Surge's Rattata","","82"
"Lt. Surge's Rattata","","85"
"Lt. Surge's Secret Plan","","107"
"Lt. Surge's Spearow","","52"
"Lt. Surge's Spearow","","83"
"Lt. Surge's Strategy","","178"
"Lt. Surge's Strategy","","60"
"Lt. Surge's Treaty","","112"
"Lt. Surge's Voltorb","","84"
"Lt. Surge's Voltorb","","86"
"Lucario","","80"
"Lucario","","64"
"Lucario","","77"
"Lucario","","78"
"Lucario","","BW85"
"Lucario","","14"
"Lucario","","6"
"Lucario","","61"
"Lucario","","19"
"Lucario","","53"
"Lucario","","2"
"Lucario","","12"
"Lucario","","126"
"Lucario","","117"
"Lucario","","71"
"Lucario","","67"
"Lucario","","SV22"
"Lucario","","SM54"
"Lucario","","SM95"
"Lucario","","114"
"Lucario","","174"
"Lucario","","120"
"Lucario","","79"
"Lucario","","SWSH186"
"Lucario","","47"
"Lucario","","63"
"Lucario","","XY140"
"Lucario & Melmetal-GX","","120"
"Lucario & Melmetal-GX","","203"
"Lucario & Melmetal-GX","","224"
"Lucario & Melmetal-GX","","SM192"
"Lucario C","","31"
"Lucario ex","","82"
"Lucario ex","","51"
"Lucario ex","","17"
"Lucario GL","","8"
"Lucario LV.X","","122"
"Lucario LV.X","","DP12"
"Lucario Spirit Link","","XY211"
"Lucario V","","78"
"Lucario V","","27"
"Lucario V","","146"
"Lucario V","","SWSH213"
"Lucario VSTAR","","SWSH214"
"Lucario VSTAR","","SWSH291"
"Lucario-EX","","54"
"Lucario-EX","","107"
"Lucario-GX","","122"
"Lucario-GX","","135"
"Lucario-GX","","SV64"
"Lucario-GX","","SM100"
"Lucian","","157"
"Lucian","","208"
"Lucian's Assignment","","92"
"Lucky Egg","","88"
"Lucky Egg","","167"
"Lucky Energy","","158"
"Lucky Helmet","","158"
"Lucky Helmet","","77"
"Lucky Ice Pop","","150"
"Lucky Stadium","","41"
"Lucky Stadium","","100"
"Ludicolo","","31"
"Ludicolo","","2"
"Ludicolo","","13"
"Ludicolo","","7"
"Ludicolo","","10"
"Ludicolo","","19"
"Ludicolo","","95"
"Ludicolo","","20"
"Ludicolo","","34"
"Ludicolo","","38"
"Ludicolo","","37"
"Ludicolo","","9"
"Ludicolo","","12"
"Ludicolo δ","","6"
"Lugia","","22"
"Lugia","","15"
"Lugia","","SL7"
"Lugia","","14"
"Lugia","","149"
"Lugia","","29"
"Lugia","","HGSS02"
"Lugia","","9"
"Lugia","","20"
"Lugia","","2"
"Lugia","","131"
"Lugia","","140"
"Lugia","","132"
"Lugia","","SWSH069"
"Lugia","","78"
"Lugia","","XY156"
"Lugia BREAK","","79"
"Lugia ex","","105"
"Lugia ex","","82"
"Lugia LEGEND","","113"
"Lugia LEGEND","","114"
"Lugia V","","138"
"Lugia V","","185"
"Lugia V","","186"
"Lugia VSTAR","","139"
"Lugia VSTAR","","202"
"Lugia VSTAR","","211"
"Lugia-EX","","102"
"Lugia-EX","","108"
"Lugia-EX","","134"
"Lugia-EX","","BW83"
"Lugia-EX","","68"
"Lugia-EX","","94"
"Lugia-GX","","159"
"Lugia-GX","","207"
"Lugia-GX","","227"
"Lum Berry","","84"
"Lum Berry","","78"
"Lum Berry","","168"
"Lumineon","","11"
"Lumineon","","4"
"Lumineon","","40"
"Lumineon","","36"
"Lumineon","","41"
"Lumineon","","19"
"Lumineon V","","GG39"
"Lumineon V","","40"
"Lumineon V","","155"
"Lumineon V","","156"
"Lumineon V","","SWSH250"
"Luminous Energy","","191"
"Luminous Energy","","226"
"Lunala","","15"
"Lunala","","102"
"Lunala","","61"
"Lunala","","70"
"Lunala ◇","","62"
"Lunala-GX","","66"
"Lunala-GX","","141"
"Lunala-GX","","153"
"Lunala-GX","","172"
"Lunala-GX","","SM17"
"Lunala-GX","","SM103"
"Lunala-GX","","SM103a"
"Lunatone","","73"
"Lunatone","","76"
"Lunatone","","20"
"Lunatone","","8"
"Lunatone","","36"
"Lunatone","","25"
"Lunatone","","74"
"Lunatone","","105"
"Lunatone","","34"
"Lunatone","","32"
"Lunatone","","68"
"Lunatone","","61"
"Lunatone","","92"
"Lunatone","","62"
"Lunatone","","GG11"
"Lunatone","","72"
"Lunatone","","63"
"Lurantis","","16"
"Lurantis","","SM25"
"Lurantis","","14"
"Lurantis","","15"
"Lurantis-GX","","15"
"Lurantis-GX","","138"
"Lurantis-GX","","150"
"Lure Ball","","128"
"Lure Ball","","138"
"Lure Module","","67"
"Lure Module","","88"
"Lusamine","","96"
"Lusamine","","110"
"Lusamine","","153"
"Lusamine","","153a"
"Lusamine ◇","","182"
"Luvdisc","","77"
"Luvdisc","","7"
"Luvdisc","","40"
"Luvdisc","","53"
"Luvdisc","","39"
"Luvdisc","","35"
"Luvdisc","","14"
"Luvdisc","","44"
"Luvdisc","","47"
"Luvdisc","","38"
"Luvdisc","","27"
"Luxio","","44"
"Luxio","","45"
"Luxio","","BW34"
"Luxio","","52"
"Luxio","","62"
"Luxio","","43"
"Luxio","","8"
"Luxio","","47"
"Luxio","","70"
"Luxio","","136"
"Luxio","","67"
"Luxio","","41"
"Luxio","","42"
"Luxio","","61"
"Luxio","","32"
"Luxio","","92"
"Luxio","","50"
"Luxio","","33"
"Luxray","","46"
"Luxray","","7"
"Luxray","","8"
"Luxray","","5"
"Luxray","","3"
"Luxray","","48"
"Luxray","","71"
"Luxray","","137"
"Luxray","","43"
"Luxray","","44"
"Luxray","","62"
"Luxray","","33"
"Luxray","","93"
"Luxray","","51"
"Luxray","","SWSH023"
"Luxray","","34"
"Luxray BREAK","","47"
"Luxray ex","","68"
"Luxray ex","","195"
"Luxray GL","","9"
"Luxray GL LV.X","","109"
"Luxray V","","50"
"Luxray V","","168"
"Luxurious Cape","","166"
"Luxurious Cape","","265"
"Luxury Ball","","86"
"Lycanroc","","124"
"Lycanroc","","75"
"Lycanroc","","76"
"Lycanroc","","SM105"
"Lycanroc","","SM118"
"Lycanroc","","117"
"Lycanroc","","90"
"Lycanroc","","85"
"Lycanroc","","166"
"Lycanroc","","74"
"Lycanroc","","30"
"Lycanroc","","95"
"Lycanroc","","87"
"Lycanroc ex","","117"
"Lycanroc ex","","241"
"Lycanroc V","","91"
"Lycanroc V","","187"
"Lycanroc V","","SWSH199"
"Lycanroc VMAX","","92"
"Lycanroc VMAX","","213"
"Lycanroc-GX","","74"
"Lycanroc-GX","","138"
"Lycanroc-GX","","156"
"Lycanroc-GX","","136"
"Lycanroc-GX","","155"
"Lycanroc-GX","","82"
"Lycanroc-GX","","SV66"
"Lycanroc-GX","","SV67"
"Lycanroc-GX","","SM14"
"Lysandre","","90"
"Lysandre","","104"
"Lysandre","","78"
"Lysandre ◇","","110"
"Lysandre Labs","","111"
"Lysandre's Trump Card","","99"
"Lysandre's Trump Card","","118"
"M Absol-EX","","XY63"
"M Aerodactyl-EX","","XY98"
"M Aggron-EX","","94"
"M Aggron-EX","","154"
"M Alakazam-EX","","26"
"M Alakazam-EX","","118"
"M Altaria-EX","","69"
"M Altaria-EX","","121"
"M Ampharos-EX","","28"
"M Ampharos-EX","","88"
"M Audino-EX","","85"
"M Beedrill-EX","","XY158"
"M Blastoise-EX","","18"
"M Blastoise-EX","","30"
"M Blastoise-EX","","22"
"M Blastoise-EX","","102"
"M Blaziken-EX","","XY86"
"M Camerupt-EX","","XY198"
"M Camerupt-EX","","XY198a"
"M Charizard-EX","","12"
"M Charizard-EX","","13"
"M Charizard-EX","","101"
"M Charizard-EX","","69"
"M Charizard-EX","","107"
"M Charizard-EX","","108"
"M Diancie-EX","","XY44"
"M Gallade-EX","","35"
"M Gallade-EX","","100"
"M Garchomp-EX","","XY168"
"M Gardevoir-EX","","RC31"
"M Gardevoir-EX","","79"
"M Gardevoir-EX","","112"
"M Gardevoir-EX","","106"
"M Gardevoir-EX","","156"
"M Gengar-EX","","35"
"M Gengar-EX","","121"
"M Gengar-EX","","XY166"
"M Glalie-EX","","35"
"M Glalie-EX","","156"
"M Gyarados-EX","","27"
"M Gyarados-EX","","115"
"M Heracross-EX","","5"
"M Heracross-EX","","112"
"M Houndoom-EX","","22"
"M Houndoom-EX","","154"
"M Kangaskhan-EX","","79"
"M Kangaskhan-EX","","109"
"M Latios-EX","","59"
"M Latios-EX","","102"
"M Lucario-EX","","55"
"M Lucario-EX","","55a"
"M Lucario-EX","","113"
"M Manectric-EX","","24"
"M Manectric-EX","","24a"
"M Manectric-EX","","120"
"M Mawile-EX","","XY104"
"M Metagross-EX","","XY35"
"M Mewtwo-EX","","63"
"M Mewtwo-EX","","64"
"M Mewtwo-EX","","159"
"M Mewtwo-EX","","160"
"M Pidgeot-EX","","65"
"M Pidgeot-EX","","105"
"M Rayquaza-EX","","76"
"M Rayquaza-EX","","61"
"M Rayquaza-EX","","105"
"M Rayquaza-EX","","98"
"M Salamence-EX","","XY171"
"M Sceptile-EX","","8"
"M Sceptile-EX","","85"
"M Scizor-EX","","77"
"M Scizor-EX","","120"
"M Sharpedo-EX","","XY200"
"M Sharpedo-EX","","XY200a"
"M Slowbro-EX","","27"
"M Steelix-EX","","68"
"M Steelix-EX","","109"
"M Swampert-EX","","XY87"
"M Tyranitar-EX","","43"
"M Tyranitar-EX","","92"
"M Venusaur-EX","","2"
"M Venusaur-EX","","100"
"Mabosstiff","","137"
"Mabosstiff","","218"
"Mabosstiff","","143"
"Mabosstiff","","63"
"Mabosstiff","","188"
"Mabosstiff ex","","86"
"Machamp","","8"
"Machamp","","15"
"Machamp","","43"
"Machamp","","49"
"Machamp","","50"
"Machamp","","13"
"Machamp","","31"
"Machamp","","20"
"Machamp","","16"
"Machamp","","51"
"Machamp","","H15"
"Machamp","","9"
"Machamp","","11"
"Machamp","","42"
"Machamp","","26"
"Machamp","","95"
"Machamp","","65"
"Machamp","","68"
"Machamp","","88"
"Machamp","","SWSH053"
"Machamp","","SWSH243"
"Machamp","","59"
"Machamp","","46"
"Machamp","","XY13"
"Machamp BREAK","","60"
"Machamp GL","","46"
"Machamp LV.X","","98"
"Machamp V","","72"
"Machamp V","","171"
"Machamp V","","172"
"Machamp VMAX","","73"
"Machamp VMAX","","194"
"Machamp-EX","","37"
"Machamp-EX","","90"
"Machamp-EX","","XY108"
"Machamp-GX","","64"
"Machamp-GX","","135"
"Machamp-GX","","154"
"Machoke","","34"
"Machoke","","49"
"Machoke","","51"
"Machoke","","48"
"Machoke","","53"
"Machoke","","41"
"Machoke","","85"
"Machoke","","38"
"Machoke","","39"
"Machoke","","33"
"Machoke","","40"
"Machoke","","64"
"Machoke","","67"
"Machoke","","177"
"Machoke","","87"
"Machoke","","25"
"Machoke","","58"
"Machoke","","45"
"Machop","","52"
"Machop","","78"
"Machop","","59"
"Machop","","79"
"Machop","","47"
"Machop","","86"
"Machop","","64"
"Machop","","117"
"Machop","","74"
"Machop","","57"
"Machop","","53"
"Machop","","40"
"Machop","","67"
"Machop","","6"
"Machop","","73"
"Machop","","62"
"Machop","","63"
"Machop","","66"
"Machop","","24"
"Machop","","44"
"Magby","","46"
"Magby","","88"
"Magby","","17"
"Magby","","52"
"Magby","","58"
"Magby","","24"
"Magby","","41"
"Magby","","23"
"Magby","","19"
"Magby","","186"
"Magcargo","","45"
"Magcargo","","17"
"Magcargo","","18"
"Magcargo","","H16"
"Magcargo","","H17"
"Magcargo","","41"
"Magcargo","","20"
"Magcargo","","37"
"Magcargo","","6"
"Magcargo","","33"
"Magcargo","","27"
"Magcargo","","24"
"Magcargo","","29"
"Magcargo","","22"
"Magcargo","","28"
"Magcargo","","35"
"Magcargo","","21"
"Magcargo","","23"
"Magcargo ex","","95"
"Magcargo ex","","29"
"Magcargo ex","","191"
"Magcargo-GX","","44"
"Magcargo-GX","","198"
"Magcargo-GX","","218"
"Magearna","","91"
"Magearna","","131"
"Magearna","","107"
"Magearna","","128"
"Magearna","","XY165"
"Magearna","","XY186"
"Magearna V","","128"
"Magearna V","","182"
"Magearna-EX","","75"
"Magearna-EX","","110"
"Magearna-EX","","XY175"
"Magikarp","","35"
"Magikarp","","50"
"Magikarp","","47"
"Magikarp","","52"
"Magikarp","","30"
"Magikarp","","23"
"Magikarp","","61"
"Magikarp","","8"
"Magikarp","","89"
"Magikarp","","65"
"Magikarp","","118"
"Magikarp","","75"
"Magikarp","","60"
"Magikarp","","67"
"Magikarp","","64"
"Magikarp","","22"
"Magikarp","","72"
"Magikarp","","4"
"Magikarp","","21"
"Magikarp","","110"
"Magikarp","","15"
"Magikarp","","32"
"Magikarp","","17"
"Magikarp","","19"
"Magikarp","","29"
"Magikarp","","44"
"Magikarp","","42"
"Magikarp","","203"
"Magikarp","","129"
"Magikarp","","39"
"Magikarp","","33"
"Magikarp","","XY143"
"Magikarp & Wailord-GX","","160"
"Magikarp & Wailord-GX","","161"
"Magikarp & Wailord-GX","","183"
"Magikarp & Wailord-GX","","SM166"
"Magikarp δ","","69"
"Magma Basin","","144"
"Magma Basin","","185"
"Magma Energy","","87"
"Magma Pointer","","24"
"Magmar","","36"
"Magmar","","39"
"Magmar","","51"
"Magmar","","44"
"Magmar","","20"
"Magmar","","62"
"Magmar","","54"
"Magmar","","93"
"Magmar","","86"
"Magmar","","21"
"Magmar","","16"
"Magmar","","52"
"Magmar","","42"
"Magmar","","3"
"Magmar","","40"
"Magmar","","65"
"Magmar","","10"
"Magmar","","18"
"Magmar","","126"
"Magmar","","9"
"Magmar","","29"
"Magmar","","19"
"Magmar ex","","100"
"Magmortar","","21"
"Magmortar","","16"
"Magmortar","","12"
"Magmortar","","31"
"Magmortar","","DP20"
"Magmortar","","2"
"Magmortar","","27"
"Magmortar","","6"
"Magmortar","","22"
"Magmortar","","19"
"Magmortar","","10"
"Magmortar","","GG03"
"Magmortar","","30"
"Magmortar","","20"
"Magmortar","","11"
"Magmortar LV.X","","123"
"Magnemite","","53"
"Magnemite","","79"
"Magnemite","","60"
"Magnemite","","80"
"Magnemite","","42"
"Magnemite","","43"
"Magnemite","","87"
"Magnemite","","66"
"Magnemite","","67"
"Magnemite","","52"
"Magnemite","","91"
"Magnemite","","76"
"Magnemite","","74"
"Magnemite","","59"
"Magnemite","","54"
"Magnemite","","61"
"Magnemite","","62"
"Magnemite","","63"
"Magnemite","","68"
"Magnemite","","8"
"Magnemite","","45"
"Magnemite","","7"
"Magnemite","","26"
"Magnemite","","111"
"Magnemite","","58"
"Magnemite","","242"
"Magnemite","","81"
"Magnemite","","34"
"Magnemite","","SV27"
"Magnemite","","65"
"Magnemite","","105"
"Magnemite","","4"
"Magnemite","","37"
"Magnemite","","51"
"Magnetic Storm","","91"
"Magneton","","9"
"Magneton","","11"
"Magneton","","26"
"Magneton","","28"
"Magneton","","44"
"Magneton","","45"
"Magneton","","54"
"Magneton","","42"
"Magneton","","43"
"Magneton","","22"
"Magneton","","H16"
"Magneton","","19"
"Magneton","","20"
"Magneton","","H18"
"Magneton","","H19"
"Magneton","","48"
"Magneton","","16"
"Magneton","","17"
"Magneton","","35"
"Magneton","","27"
"Magneton","","46"
"Magneton","","10"
"Magneton","","59"
"Magneton","","69"
"Magneton","","82"
"Magneton","","SV28"
"Magneton","","64"
"Magneton","","153"
"Magneton","","159"
"Magneton","","106"
"Magneton","","5"
"Magneton","","38"
"Magneton","","53"
"Magnezone","","46"
"Magnezone","","47"
"Magnezone","","8"
"Magnezone","","5"
"Magnezone","","6"
"Magnezone","","DP32"
"Magnezone","","DP44"
"Magnezone","","96"
"Magnezone","","60"
"Magnezone","","83"
"Magnezone","","36"
"Magnezone","","SV29"
"Magnezone","","65"
"Magnezone","","107"
"Magnezone","","GG18"
"Magnezone","","SWSH208"
"Magnezone","","54"
"Magnezone ex","","65"
"Magnezone ex","","226"
"Magnezone LV.X","","142"
"Magnezone V","","56"
"Magnezone V","","175"
"Magnezone VSTAR","","57"
"Magnezone VSTAR","","198"
"Magnezone-EX","","35"
"Magnezone-EX","","101"
"Magnifier","","101"
"Mail from Bill","","105"
"Maintenance","","83"
"Maintenance","","112"
"Maintenance","","64"
"Maintenance","","79"
"Maintenance","","96"
"Makuhita","","82"
"Makuhita","","62"
"Makuhita","","78"
"Makuhita","","56"
"Makuhita","","57"
"Makuhita","","58"
"Makuhita","","75"
"Makuhita","","65"
"Makuhita","","54"
"Makuhita","","55"
"Makuhita","","72"
"Makuhita","","68"
"Makuhita","","67"
"Makuhita","","112"
"Makuhita","","97"
"Makuhita","","142"
"Makuhita","","51"
"Malamar","","119"
"Malamar","","90"
"Malamar","","51"
"Malamar","","SV18"
"Malamar","","SM117"
"Malamar","","138"
"Malamar","","34"
"Malamar","","78"
"Malamar","","TG06"
"Malamar","","45"
"Malamar","","70"
"Malamar","","76"
"Malamar","","77"
"Malamar","","46"
"Malamar","","XY58"
"Malamar V","","121"
"Malamar V","","186"
"Malamar VMAX","","122"
"Malamar VMAX","","198"
"Malamar-EX","","58"
"Malamar-EX","","115"
"Mallow","","127"
"Mallow","","145"
"Mallow & Lana","","198"
"Mallow & Lana","","231"
"Mamoswine","","28"
"Mamoswine","","9"
"Mamoswine","","21"
"Mamoswine","","5"
"Mamoswine","","25"
"Mamoswine","","33"
"Mamoswine","","82"
"Mamoswine ex","","79"
"Mamoswine ex","","174"
"Mamoswine GL","","27"
"Manaphy","","34"
"Manaphy","","9"
"Manaphy","","8"
"Manaphy","","3"
"Manaphy","","2"
"Manaphy","","25"
"Manaphy","","42"
"Manaphy","","GG06"
"Manaphy","","24"
"Manaphy","","41"
"Manaphy","","SWSH275"
"Manaphy","","56"
"Manaphy","","XY113"
"Manaphy","","XY190"
"Manaphy-EX","","32"
"Manaphy-EX","","116"
"Mandibuzz","","73"
"Mandibuzz","","69"
"Mandibuzz","","93"
"Mandibuzz","","64"
"Mandibuzz","","145"
"Mandibuzz","","120"
"Mandibuzz","","173"
"Mandibuzz","","58"
"Mandibuzz BREAK","","XY182"
"Mandibuzz ex","","139"
"Manectric","","43"
"Manectric","","44"
"Manectric","","28"
"Manectric","","40"
"Manectric","","9"
"Manectric","","39"
"Manectric","","46"
"Manectric","","8"
"Manectric","","38"
"Manectric","","7"
"Manectric","","16"
"Manectric","","11"
"Manectric","","22"
"Manectric","","52"
"Manectric","","SM130"
"Manectric","","76"
"Manectric","","55"
"Manectric","","59"
"Manectric","","61"
"Manectric","","25"
"Manectric ex","","101"
"Manectric G","","66"
"Manectric Spirit Link","","100"
"Manectric-EX","","23"
"Manectric-EX","","113"
"Mankey","","55"
"Mankey","","61"
"Mankey","","81"
"Mankey","","59"
"Mankey","","79"
"Mankey","","92"
"Mankey","","38"
"Mankey","","53"
"Mankey","","8"
"Mankey","","112"
"Mankey","","50"
"Mankey","","71"
"Mankey","","107"
"Mankey","","90"
"Mankey","","106"
"Mankey","","56"
"Mankey","","45"
"Mankey","","169"
"Mankey","","98"
"Mankey","","66"
"Mankey","","133"
"Mankey","","52"
"Mankey δ","","70"
"Mantine","","29"
"Mantine","","77"
"Mantine","","45"
"Mantine","","32"
"Mantine","","64"
"Mantine","","74"
"Mantine","","58"
"Mantine","","40"
"Mantine","","52"
"Mantine","","34"
"Mantine","","61"
"Mantine","","SWSH026"
"Mantine","","27"
"Mantine δ","","20"
"Mantyke","","55"
"Mantyke","","39"
"Mantyke","","189"
"Maractus","","11"
"Maractus","","12"
"Maractus","","16"
"Maractus","","2"
"Maractus","","3"
"Maractus","","8"
"Maractus","","160"
"Maractus","","7"
"Maractus","","10"
"Maractus","","93"
"Mareanie","","62"
"Mareanie","","96"
"Mareanie","","39"
"Mareanie","","68"
"Mareanie","","105"
"Mareanie","","114"
"Mareanie","","51"
"Mareep","","38"
"Mareep","","63"
"Mareep","","94"
"Mareep","","119"
"Mareep","","93"
"Mareep","","62"
"Mareep","","64"
"Mareep","","67"
"Mareep","","73"
"Mareep","","65"
"Mareep","","58"
"Mareep","","75"
"Mareep","","82"
"Mareep","","14"
"Mareep","","76"
"Mareep","","41"
"Mareep","","66"
"Mareep","","107"
"Mareep","","GG34"
"Mareep","","55"
"Mareep","","47"
"Mareep","","54"
"Mareep","","5"
"Mareep δ","","54"
"Marill","","29"
"Marill","","36"
"Marill","","88"
"Marill","","120"
"Marill","","53"
"Marill","","76"
"Marill","","68"
"Marill","","74"
"Marill","","10"
"Marill","","83"
"Marill","","232"
"Marill","","66"
"Marill","","11"
"Marill","","34"
"Marill","","135"
"Marill","","44"
"Marill","","204"
"Marill","","64"
"Marill","","33"
"Marill","","73"
"Marill","","58"
"Marill","","102"
"Marley's Request","","87"
"Marnie","","169"
"Marnie","","200"
"Marnie","","208"
"Marnie","","56"
"Marnie","","SWSH120"
"Marnie","","SWSH121"
"Marnie's Grimmsnarl ex","","287"
"Marnie's Grimmsnarl ex","","136"
"Marnie's Impidimp","","134"
"Marnie's Liepard","","131"
"Marnie's Morgrem","","135"
"Marnie's Morpeko","","137"
"Marnie's Pride","","145"
"Marnie's Pride","","171"
"Marnie's Purrloin","","130"
"Marnie's Scrafty","","133"
"Marnie's Scraggy","","132"
"Marowak","","39"
"Marowak","","52"
"Marowak","","61"
"Marowak","","63"
"Marowak","","54"
"Marowak","","7"
"Marowak","","44"
"Marowak","","91"
"Marowak","","105"
"Marowak","","73"
"Marowak","","70"
"Marowak","","37"
"Marowak","","78"
"Marowak BREAK","","79"
"Marowak δ","","10"
"Mars","","128"
"Mars","","154"
"Marshadow","","80"
"Marshadow","","146"
"Marshadow","","81"
"Marshadow","","103"
"Marshadow","","45"
"Marshadow","","SM85"
"Marshadow","","SM93"
"Marshadow & Machamp-GX","","82"
"Marshadow & Machamp-GX","","198"
"Marshadow & Machamp-GX","","199"
"Marshadow & Machamp-GX","","221"
"Marshadow-GX","","80"
"Marshadow-GX","","137"
"Marshadow-GX","","156"
"Marshadow-GX","","SM59"
"Marshtomp","","46"
"Marshtomp","","40"
"Marshtomp","","41"
"Marshtomp","","24"
"Marshtomp","","38"
"Marshtomp","","36"
"Marshtomp","","11"
"Marshtomp","","67"
"Marshtomp","","15"
"Marshtomp","","34"
"Marshtomp","","63"
"Martial Arts Dojo","","179"
"Martial Arts Dojo","","268"
"Mary","","87"
"Mary's Impulse","","142"
"Mary's Request","","86"
"Maschiff","","135"
"Maschiff","","136"
"Maschiff","","141"
"Maschiff","","142"
"Maschiff","","62"
"Maschiff","","71"
"Masquerain","","2"
"Masquerain","","55"
"Masquerain","","47"
"Masquerain","","20"
"Masquerain","","39"
"Masquerain","","68"
"Masquerain","","7"
"Masquerain","","8"
"Masquerain","","16"
"Masquerain","","11"
"Masquerain","","14"
"Master Ball","","94"
"Master Ball","","143"
"Master Ball","","99"
"Master Ball","","78"
"Master Ball","","88"
"Master Ball","","116"
"Master Ball","","153"
"Maushold","","161"
"Maushold","","168"
"Maushold","","226"
"Maushold","","74"
"Maushold","","210"
"Maushold","","158"
"Maushold ex","","155"
"Maushold ex","","233"
"Mawile","","80"
"Mawile","","64"
"Mawile","","24"
"Mawile","","23"
"Mawile","","9"
"Mawile","","17"
"Mawile","","56"
"Mawile","","144"
"Mawile","","246"
"Mawile","","33"
"Mawile","","140"
"Mawile","","91"
"Mawile","","89"
"Mawile","","143"
"Mawile","","112"
"Mawile","","39"
"Mawile","","129"
"Mawile","","71"
"Mawile","","100"
"Mawile","","119"
"Mawile","","78"
"Mawile Spirit Link","","XY105"
"Mawile V","","70"
"Mawile V","","178"
"Mawile V","","TG17"
"Mawile VSTAR","","71"
"Mawile VSTAR","","200"
"Mawile-EX","","XY103"
"Mawile-GX","","141"
"Mawile-GX","","227"
"Mawile-GX","","246"
"Max Elixir","","102"
"Max Potion","","94"
"Max Potion","","121"
"Max Potion","","128"
"Max Potion","","128a"
"Max Potion","","164"
"Max Potion","","103"
"Max Revive","","65"
"Max Revive","","117"
"Max Revive","","120"
"Max Rod","","116"
"Maxie","","73"
"Maxie's Hidden Ball Trick","","133"
"Maxie's Hidden Ball Trick","","158"
"Maximum Belt","","154"
"Maximum Belt","","117"
"Meddling Memo","","181"
"Medical Energy","","182"
"Medicham","","32"
"Medicham","","25"
"Medicham","","34"
"Medicham","","10"
"Medicham","","42"
"Medicham","","104"
"Medicham","","241"
"Medicham","","110"
"Medicham","","77"
"Medicham","","111"
"Medicham","","100"
"Medicham","","83"
"Medicham","","79"
"Medicham","","73"
"Medicham","","98"
"Medicham","","80"
"Medicham","","81"
"Medicham ex","","95"
"Medicham ex","","80"
"Medicham ex","","161"
"Medicham V","","83"
"Medicham V","","185"
"Medicham V","","186"
"Meditite","","89"
"Meditite","","56"
"Meditite","","55"
"Meditite","","37"
"Meditite","","65"
"Meditite","","66"
"Meditite","","9"
"Meditite","","103"
"Meditite","","113"
"Meditite","","109"
"Meditite","","76"
"Meditite","","110"
"Meditite","","99"
"Meditite","","82"
"Meditite","","77"
"Meditite","","78"
"Meditite","","153"
"Meditite","","72"
"Meditite","","97"
"Meditite","","79"
"Mega Abomasnow ex","","36"
"Mega Abomasnow ex","","157"
"Mega Absol ex","","86"
"Mega Absol ex","","161"
"Mega Absol ex","","180"
"Mega Audino ex","","172"
"Mega Audino ex","","253"
"Mega Camerupt ex","","22"
"Mega Camerupt ex","","156"
"Mega Catcher","","104"
"Mega Charizard X ex","","13"
"Mega Charizard X ex","","109"
"Mega Charizard X ex","","125"
"Mega Charizard X ex","","130"
"Mega Charizard Y ex","","22"
"Mega Charizard Y ex","","294"
"Mega Diancie ex","","41"
"Mega Diancie ex","","267"
"Mega Diancie ex","","282"
"Mega Dragonite ex","","152"
"Mega Dragonite ex","","271"
"Mega Dragonite ex","","290"
"Mega Dragonite ex","","295"
"Mega Eelektross ex","","61"
"Mega Eelektross ex","","266"
"Mega Eelektross ex","","278"
"Mega Emboar ex","","31"
"Mega Emboar ex","","273"
"Mega Feraligatr ex","","43"
"Mega Feraligatr ex","","274"
"Mega Froslass ex","","47"
"Mega Froslass ex","","265"
"Mega Froslass ex","","275"
"Mega Gardevoir ex","","60"
"Mega Gardevoir ex","","159"
"Mega Gardevoir ex","","178"
"Mega Gardevoir ex","","187"
"Mega Gardevoir ex","","89"
"Mega Gengar ex","","56"
"Mega Gengar ex","","125"
"Mega Gengar ex","","269"
"Mega Gengar ex","","284"
"Mega Hawlucha ex","","116"
"Mega Hawlucha ex","","268"
"Mega Hawlucha ex","","283"
"Mega Heracross ex","","4"
"Mega Heracross ex","","108"
"Mega Kangaskhan ex","","104"
"Mega Kangaskhan ex","","164"
"Mega Kangaskhan ex","","182"
"Mega Latias ex","","100"
"Mega Latias ex","","163"
"Mega Latias ex","","181"
"Mega Lopunny & Jigglypuff-GX","","165"
"Mega Lopunny & Jigglypuff-GX","","225"
"Mega Lopunny & Jigglypuff-GX","","226"
"Mega Lopunny & Jigglypuff-GX","","261"
"Mega Lopunny ex","","84"
"Mega Lopunny ex","","115"
"Mega Lopunny ex","","128"
"Mega Lucario ex","","77"
"Mega Lucario ex","","160"
"Mega Lucario ex","","179"
"Mega Lucario ex","","188"
"Mega Lucario ex","","113"
"Mega Manectric ex","","50"
"Mega Manectric ex","","158"
"Mega Mawile ex","","94"
"Mega Mawile ex","","162"
"Mega Meganium ex","","10"
"Mega Meganium ex","","272"
"Mega Sableye & Tyranitar-GX","","126"
"Mega Sableye & Tyranitar-GX","","225"
"Mega Sableye & Tyranitar-GX","","226"
"Mega Sableye & Tyranitar-GX","","245"
"Mega Scrafty ex","","135"
"Mega Scrafty ex","","270"
"Mega Scrafty ex","","285"
"Mega Sharpedo ex","","61"
"Mega Sharpedo ex","","113"
"Mega Sharpedo ex","","127"
"Mega Signal","","121"
"Mega Signal","","171"
"Mega Signal","","193"
"Mega Turbo","","86"
"Mega Venusaur ex","","3"
"Mega Venusaur ex","","155"
"Mega Venusaur ex","","177"
"Meganium","","27"
"Meganium","","13"
"Meganium","","18"
"Meganium","","53"
"Meganium","","54"
"Meganium","","9"
"Meganium","","26"
"Meganium","","109"
"Meganium","","HGSS08"
"Meganium","","10"
"Meganium","","11"
"Meganium","","8"
"Meganium","","3"
"Meganium ex","","106"
"Meganium δ","","4"
"Megaton Blower","","182"
"Mela","","167"
"Mela","","236"
"Mela","","254"
"Mela","","140"
"Melmetal","","46"
"Melmetal","","129"
"Melmetal","","SM181"
"Melmetal","","117"
"Melmetal","","104"
"Melmetal","","130"
"Melmetal","","189"
"Melmetal ex","","153"
"Melmetal ex","","105"
"Melmetal ex","","104"
"Melmetal V","","47"
"Melmetal V","","75"
"Melmetal V","","SWSH224"
"Melmetal VMAX","","48"
"Melmetal VMAX","","80"
"Melmetal-GX","","SM178"
"Meloetta","","78"
"Meloetta","","86"
"Meloetta","","77"
"Meloetta","","BW68"
"Meloetta","","BW69"
"Meloetta","","40"
"Meloetta","","123"
"Meloetta","","104"
"Meloetta","","124"
"Meloetta","","85"
"Meloetta","","XY120"
"Meloetta","","XY193"
"Meloetta ex","","44"
"Meloetta ex","","159"
"Meloetta ex","","167"
"Meloetta-EX","","RC11"
"Meloetta-EX","","RC25"
"Melony","","TG26"
"Melony","","GG64"
"Melony","","146"
"Melony","","195"
"Melony","","218"
"Meltan","","45"
"Meltan","","128"
"Meltan","","SM177"
"Meltan","","152"
"Meltan","","116"
"Meltan","","179"
"Meltan","","102"
"Meltan","","103"
"Meltan","","129"
"Meltan","","188"
"Memory Berry","","128"
"Memory Berry","","80"
"Memory Berry","","110"
"Memory Capsule","","155"
"Memory Capsule","","202"
"Memory Energy","","194"
"Meowscarada","","15"
"Meowscarada","","18"
"Meowscarada ex","","15"
"Meowscarada ex","","231"
"Meowscarada ex","","256"
"Meowscarada ex","","271"
"Meowscarada ex","","33"
"Meowscarada ex","","78"
"Meowstic","","RC15"
"Meowstic","","80"
"Meowstic","","60"
"Meowstic","","45"
"Meowstic","","85"
"Meowstic","","82"
"Meowstic","","61"
"Meowstic","","43"
"Meowstic","","59"
"Meowstic","","XY48"
"Meowstic-EX","","37"
"Meowth","","56"
"Meowth","","80"
"Meowth","","62"
"Meowth","","53"
"Meowth","","10"
"Meowth","","102"
"Meowth","","106"
"Meowth","","BW35"
"Meowth","","121"
"Meowth","","78"
"Meowth","","77"
"Meowth","","42"
"Meowth","","69"
"Meowth","","75"
"Meowth","","11"
"Meowth","","13"
"Meowth","","114"
"Meowth","","147"
"Meowth","","101"
"Meowth","","125"
"Meowth","","52"
"Meowth","","48"
"Meowth","","199"
"Meowth","","4"
"Meowth","","74"
"Meowth","","88"
"Meowth","","67"
"Meowth","","61"
"Meowth V","","SWSH004"
"Meowth VMAX","","SWSH005"
"Meowth δ","","71"
"Meowth δ","","11"
"Mesagoza","","178"
"Mesprit","","37"
"Mesprit","","14"
"Mesprit","","34"
"Mesprit","","84"
"Mesprit","","42"
"Mesprit","","79"
"Mesprit","","204"
"Mesprit","","66"
"Mesprit LV.X","","143"
"Metagross","","52"
"Metagross","","BW75"
"Metagross","","10"
"Metagross","","11"
"Metagross","","4"
"Metagross","","18"
"Metagross","","7"
"Metagross","","2"
"Metagross","","95"
"Metagross","","115"
"Metagross","","178"
"Metagross","","63"
"Metagross","","119"
"Metagross","","118"
"Metagross","","49"
"Metagross","","50"
"Metagross ★","","113"
"Metagross ex","","95"
"Metagross V","","112"
"Metagross V","","181"
"Metagross VMAX","","113"
"Metagross VMAX","","208"
"Metagross δ","","11"
"Metagross-EX","","XY34"
"Metagross-GX","","85"
"Metagross-GX","","139"
"Metagross-GX","","157"
"Metagross-GX","","157a"
"Metal Core Barrier","","180"
"Metal Core Barrier","","232"
"Metal Cube 01","","129"
"Metal Energy","","112"
"Metal Energy","","87"
"Metal Energy","","95"
"Metal Energy","","130"
"Metal Energy","","120"
"Metal Energy","","159"
"Metal Energy","","143"
"Metal Energy","","94"
"Metal Energy","","97"
"Metal Energy","","107"
"Metal Energy","","88"
"Metal Energy","","82"
"Metal Energy","","122"
"Metal Energy","","80"
"Metal Energy","","19"
"Metal Energy","","100"
"Metal Energy","","163"
"Metal Energy","","171"
"Metal Energy","","237"
"Metal Energy","","139"
"Metal Energy","","98"
"Metal Frying Pan","","112"
"Metal Frying Pan","","112a"
"Metal Frying Pan","","144"
"Metal Goggles","","148"
"Metal Goggles","","195"
"Metal Saucer","","170"
"Metal Saucer","","214"
"Metang","","51"
"Metang","","64"
"Metang","","65"
"Metang","","35"
"Metang","","21"
"Metang","","43"
"Metang","","44"
"Metang","","40"
"Metang","","33"
"Metang","","30"
"Metang","","23"
"Metang","","69"
"Metang","","84"
"Metang","","94"
"Metang","","SV31"
"Metang","","114"
"Metang","","62"
"Metang","","90"
"Metang","","118"
"Metang","","117"
"Metang","","5"
"Metang","","48"
"Metang δ","","49"
"Metapod","","54"
"Metapod","","81"
"Metapod","","47"
"Metapod","","87"
"Metapod","","39"
"Metapod","","4"
"Metapod","","46"
"Metapod","","42"
"Metapod","","2"
"Metapod","","3"
"Metapod","","11"
"Meteor Falls","","89"
"Mew","","8"
"Mew","","9"
"Mew","","47"
"Mew","","BW98"
"Mew","","11"
"Mew","","25"
"Mew","","15"
"Mew","","19"
"Mew","","55"
"Mew","","10"
"Mew","","111"
"Mew","","97"
"Mew","","40"
"Mew","","4"
"Mew","","1"
"Mew","","76"
"Mew","","32"
"Mew","","SM215"
"Mew","","GG10"
"Mew","","29"
"Mew","","53"
"Mew","","XY110"
"Mew","","XY192"
"Mew ★ δ","","101"
"Mew ex","","88"
"Mew ex","","100"
"Mew ex","","151"
"Mew ex","","193"
"Mew ex","","205"
"Mew ex","","216"
"Mew ex","","232"
"Mew ex","","53"
"Mew V","","60"
"Mew V","","69"
"Mew V","","113"
"Mew V","","250"
"Mew V","","251"
"Mew VMAX","","TG30"
"Mew VMAX","","114"
"Mew VMAX","","268"
"Mew VMAX","","269"
"Mew δ","","3"
"Mew-EX","","RC24"
"Mew-EX","","46"
"Mew-EX","","120"
"Mew-EX","","XY126"
"Mewtwo","","10"
"Mewtwo","","29"
"Mewtwo","","3"
"Mewtwo","","12"
"Mewtwo","","14"
"Mewtwo","","53"
"Mewtwo","","9"
"Mewtwo","","11"
"Mewtwo","","20"
"Mewtwo","","56"
"Mewtwo","","75"
"Mewtwo","","SM77"
"Mewtwo","","SM214"
"Mewtwo","","150"
"Mewtwo","","59"
"Mewtwo","","52"
"Mewtwo","","51"
"Mewtwo","","XY100"
"Mewtwo","","XY101"
"Mewtwo & Mew-GX","","71"
"Mewtwo & Mew-GX","","222"
"Mewtwo & Mew-GX","","242"
"Mewtwo & Mew-GX","","SM191"
"Mewtwo ★","","103"
"Mewtwo ex","","101"
"Mewtwo ex","","58"
"Mewtwo LV.X","","144"
"Mewtwo LV.X","","DP28"
"Mewtwo Spirit Link","","144"
"Mewtwo V","","30"
"Mewtwo V","","72"
"Mewtwo V","","SWSH223"
"Mewtwo V","","SWSH229"
"Mewtwo V-UNION","","SWSH159"
"Mewtwo V-UNION","","SWSH160"
"Mewtwo V-UNION","","SWSH161"
"Mewtwo V-UNION","","SWSH162"
"Mewtwo VSTAR","","31"
"Mewtwo VSTAR","","79"
"Mewtwo VSTAR","","86"
"Mewtwo VSTAR","","GG44"
"Mewtwo δ","","12"
"Mewtwo δ","","24"
"Mewtwo-EX","","54"
"Mewtwo-EX","","98"
"Mewtwo-EX","","BW45"
"Mewtwo-EX","","52"
"Mewtwo-EX","","103"
"Mewtwo-EX","","61"
"Mewtwo-EX","","62"
"Mewtwo-EX","","157"
"Mewtwo-EX","","158"
"Mewtwo-EX","","163"
"Mewtwo-EX","","164"
"Mewtwo-EX","","XY107"
"Mewtwo-EX","","XY125"
"Mewtwo-EX","","XY183"
"Mewtwo-GX","","31"
"Mewtwo-GX","","39"
"Mewtwo-GX","","72"
"Mewtwo-GX","","76"
"Mewtwo-GX","","78"
"Mewtwo-GX","","SV59"
"Mewtwo-GX","","SM196"
"Miasma Valley","","111"
"Mienfoo","","69"
"Mienfoo","","67"
"Mienfoo","","86"
"Mienfoo","","87"
"Mienfoo","","52"
"Mienfoo","","133"
"Mienfoo","","96"
"Mienfoo","","83"
"Mienfoo","","103"
"Mienfoo","","76"
"Mienfoo","","56"
"Mienshao","","70"
"Mienshao","","68"
"Mienshao","","88"
"Mienshao","","53"
"Mienshao","","134"
"Mienshao","","97"
"Mienshao","","200"
"Mienshao","","84"
"Mienshao","","104"
"Mienshao","","77"
"Mienshao","","57"
"Mightyena","","66"
"Mightyena","","10"
"Mightyena","","42"
"Mightyena","","18"
"Mightyena","","12"
"Mightyena","","129"
"Mightyena","","243"
"Mightyena","","54"
"Mightyena","","87"
"Mightyena","","106"
"Mightyena","","114"
"Mightyena","","96"
"Mightyena","","TG09"
"Mightyena","","104"
"Mightyena","","17"
"Mightyena ex","","101"
"Mightyena δ","","24"
"Milcery","","43"
"Milcery","","64"
"Milcery","","152"
"Milcery","","74"
"Milcery","","86"
"Milcery","","80"
"Milcery","","SV057"
"Milcery","","70"
"Milo","","TG27"
"Milo","","161"
"Milo","","190"
"Milo","","201"
"Milo","","57"
"Milotic","","28"
"Milotic","","25"
"Milotic","","12"
"Milotic","","8"
"Milotic","","70"
"Milotic","","SH7"
"Milotic","","27"
"Milotic","","29"
"Milotic","","36"
"Milotic","","50"
"Milotic","","40"
"Milotic","","TG02"
"Milotic","","39"
"Milotic","","38"
"Milotic","","23"
"Milotic","","44"
"Milotic C","","35"
"Milotic ex","","96"
"Milotic ex","","42"
"Milotic ex","","217"
"Milotic ex","","237"
"Milotic V","","43"
"Milotic V","","179"
"Milotic δ","","5"
"Miltank","","93"
"Miltank","","55"
"Miltank","","44"
"Miltank","","94"
"Miltank","","42"
"Miltank","","47"
"Miltank","","106"
"Miltank","","41"
"Miltank","","78"
"Miltank","","158"
"Miltank","","147"
"Miltank","","81"
"Miltank","","126"
"Miltank","","GG24"
"Miltank","","27"
"Miltank","","83"
"Mime Jr.","","47"
"Mime Jr.","","90"
"Mime Jr.","","DP22"
"Mime Jr.","","115"
"Mime Jr.","","31"
"Mime Jr.","","157"
"Mimikyu","","42"
"Mimikyu","","96"
"Mimikyu","","97"
"Mimikyu","","245"
"Mimikyu","","58"
"Mimikyu","","112"
"Mimikyu","","SM29"
"Mimikyu","","SM99"
"Mimikyu","","SM163"
"Mimikyu","","37"
"Mimikyu","","160"
"Mimikyu","","75"
"Mimikyu","","80"
"Mimikyu","","81"
"Mimikyu ex","","69"
"Mimikyu ex","","4"
"Mimikyu V","","62"
"Mimikyu V","","148"
"Mimikyu V","","68"
"Mimikyu V","","TG16"
"Mimikyu VMAX","","69"
"Mimikyu VMAX","","TG17"
"Mimikyu δ","","SWSH136"
"Mimikyu-GX","","149"
"Mimikyu-GX","","206"
"Mimikyu-GX","","226"
"Mina","","183"
"Mina","","211"
"Minccino","","88"
"Minccino","","104"
"Minccino","","RC18"
"Minccino","","84"
"Minccino","","109"
"Minccino","","BW13"
"Minccino","","85"
"Minccino","","136"
"Minccino","","182"
"Minccino","","125"
"Minccino","","145"
"Minccino","","146"
"Minccino","","SV093"
"Minccino","","124"
"Minccino","","86"
"Minccino","","87"
"Minccino","","75"
"Minccino","","152"
"Minion of Team Rocket","","113"
"Minior","","77"
"Minior","","83"
"Minior","","99"
"Minior","","201"
"Minun","","48"
"Minun","","40"
"Minun","","32"
"Minun","","25"
"Minun","","7"
"Minun","","67"
"Minun","","41"
"Minun","","37"
"Minun","","34"
"Minun","","HGSS17"
"Minun","","71"
"Minun","","12"
"Minun","","4"
"Minun","","54"
"Minun","","61"
"Minun","","194"
"Minun","","90"
"Minun","","6"
"Miracle Berry","","94"
"Miracle Energy","","16"
"Miracle Headset","","183"
"Miracle Sphere α","","129"
"Miracle Sphere β","","130"
"Miracle Sphere γ","","131"
"Mirage Gate","","163"
"Mirage Stadium","","132"
"Miraidon","","80"
"Miraidon","","121"
"Miraidon","","69"
"Miraidon","","13"
"Miraidon","","92"
"Miraidon","","148"
"Miraidon ex","","73"
"Miraidon ex","","81"
"Miraidon ex","","227"
"Miraidon ex","","244"
"Miraidon ex","","253"
"Miraidon ex","","79"
"Miraidon ex","","243"
"Miraidon ex","","122"
"Miraidon ex","","28"
"Miraidon ex","","143"
"Miriam","","179"
"Miriam","","238"
"Miriam","","251"
"Misdreavus","","39"
"Misdreavus","","57"
"Misdreavus","","65"
"Misdreavus","","91"
"Misdreavus","","107"
"Misdreavus","","68"
"Misdreavus","","40"
"Misdreavus","","25"
"Misdreavus","","54"
"Misdreavus","","35"
"Misdreavus","","85"
"Misdreavus","","233"
"Misdreavus","","11"
"Misdreavus","","83"
"Misdreavus","","77"
"Misdreavus","","87"
"Misdreavus","","58"
"Misdreavus","","63"
"Mismagius","","58"
"Mismagius","","28"
"Mismagius","","10"
"Mismagius","","7"
"Mismagius","","5"
"Mismagius","","19"
"Mismagius","","86"
"Mismagius","","55"
"Mismagius","","78"
"Mismagius","","40"
"Mismagius","","SM222"
"Mismagius","","SM245"
"Mismagius","","88"
"Mismagius","","212"
"Mismagius","","59"
"Mismagius","","64"
"Mismagius","","66"
"Mismagius ex","","36"
"Mismagius ex","","112"
"Mismagius GL","","10"
"Mismagius GL LV.X","","110"
"Miss Fortune Sisters","","164"
"Miss Fortune Sisters","","194"
"Miss Fortune Sisters","","209"
"Missing Clover","","129"
"Missing Clover","","168"
"Mist Energy","","161"
"Misty","","18"
"Misty","","102"
"Misty & Lorelei","","199"
"Misty's Cerulean City Gym","","61"
"Misty's Cloyster","","29"
"Misty's Determination","","62"
"Misty's Determination","","80"
"Misty's Determination","","108"
"Misty's Determination","","104"
"Misty's Dewgong","","54"
"Misty's Duel","","123"
"Misty's Favor","","202"
"Misty's Favor","","235"
"Misty's Goldeen","","30"
"Misty's Goldeen","","85"
"Misty's Golduck","","12"
"Misty's Gyarados","","13"
"Misty's Gyarados","","49"
"Misty's Horsea","","86"
"Misty's Horsea","","87"
"Misty's Lapras","","50"
"Misty's Lapras","","194"
"Misty's Magikarp","","88"
"Misty's Magikarp","","48"
"Misty's Poliwag","","87"
"Misty's Poliwag","","89"
"Misty's Poliwhirl","","53"
"Misty's Poliwrath","","31"
"Misty's Psyduck","","54"
"Misty's Psyduck","","90"
"Misty's Psyduck","","45"
"Misty's Psyduck","","193"
"Misty's Seadra","","9"
"Misty's Seaking","","55"
"Misty's Seel","","88"
"Misty's Seel","","91"
"Misty's Shellder","","89"
"Misty's Starmie","","56"
"Misty's Starmie","","47"
"Misty's Staryu","","90"
"Misty's Staryu","","92"
"Misty's Staryu","","46"
"Misty's Tears","","118"
"Misty's Tentacool","","32"
"Misty's Tentacool","","57"
"Misty's Tentacruel","","10"
"Misty's Water Command","","63"
"Misty's Wish","","108"
"Misty's Wrath","","114"
"Mixed Herbs","","184"
"Molayne","","181"
"Molayne","","212"
"Moltres","","12"
"Moltres","","27"
"Moltres","","30"
"Moltres","","21"
"Moltres","","22"
"Moltres","","14"
"Moltres","","10"
"Moltres","","H20"
"Moltres","","36"
"Moltres","","149"
"Moltres","","38"
"Moltres","","19"
"Moltres","","SM143"
"Moltres","","146"
"Moltres","","SWSH185"
"Moltres","","9"
"Moltres","","XY127"
"Moltres & Zapdos & Articuno-GX","","44"
"Moltres & Zapdos & Articuno-GX","","66"
"Moltres & Zapdos & Articuno-GX","","69"
"Moltres & Zapdos & Articuno-GX","","SM210"
"Moltres ex","","115"
"Moltres ex","","31"
"Moltres-EX","","14"
"Mom's Kindness","","83"
"Monferno","","16"
"Monferno","","56"
"Monferno","","41"
"Monferno","","22"
"Monferno","","32"
"Monferno","","25"
"Monferno","","19"
"Moo-Moo Milk","","155"
"Moo-Moo Milk","","101"
"Moomoo Cheese","","156"
"Moomoo Milk","","94"
"Moomoo Milk","","185"
"Moon & Sun Badge","","151"
"Moonlight Stadium","","100"
"Moonlit Hill","","81"
"Morelull","","3"
"Morelull","","16"
"Morelull","","97"
"Morelull","","92"
"Morelull","","147"
"Morelull","","8"
"Morelull","","79"
"Morgan","","149"
"Morgan","","178"
"Morgrem","","95"
"Morgrem","","72"
"Morgrem","","124"
"Morgrem","","SV084"
"Morgrem","","177"
"Morgrem","","93"
"Morpeko","","121"
"Morpeko","","206"
"Morpeko","","72"
"Morpeko","","78"
"Morpeko","","116"
"Morpeko","","73"
"Morpeko","","35"
"Morpeko","","36"
"Morpeko","","SV044"
"Morpeko","","98"
"Morpeko","","109"
"Morpeko","","179"
"Morpeko","","SWSH012"
"Morpeko","","SWSH031"
"Morpeko","","SWSH116"
"Morpeko V","","79"
"Morpeko V","","190"
"Morpeko V","","37"
"Morpeko V","","95"
"Morpeko V","","SWSH056"
"Morpeko V-UNION","","SWSH215"
"Morpeko V-UNION","","SWSH216"
"Morpeko V-UNION","","SWSH217"
"Morpeko V-UNION","","SWSH218"
"Morpeko V-UNION","","SWSH287"
"Morpeko V-UNION","","SWSH288"
"Morpeko V-UNION","","SWSH289"
"Morpeko V-UNION","","SWSH290"
"Morpeko VMAX","","80"
"Morpeko VMAX","","204"
"Morpeko VMAX","","38"
"Morty","","186"
"Morty","","212"
"Morty's Conviction","","155"
"Morty's Conviction","","201"
"Morty's Conviction","","211"
"Mothim","","33"
"Mothim","","42"
"Mothim","","6"
"Mothim","","5"
"Mothim","","11"
"Mothim","","4"
"Mount Lanakila","","118"
"Mountain Ring","","97"
"Mow Rotom","","RT4"
"Mow Rotom","","14"
"Mow Rotom","","9"
"Mow Rotom","","8"
"Mr. Briney's Compassion","","87"
"Mr. Briney's Compassion","","8"
"Mr. Fuji","","58"
"Mr. Mime","","6"
"Mr. Mime","","22"
"Mr. Mime","","27"
"Mr. Mime","","47"
"Mr. Mime","","29"
"Mr. Mime","","11"
"Mr. Mime","","30"
"Mr. Mime","","95"
"Mr. Mime","","52"
"Mr. Mime","","37"
"Mr. Mime","","43"
"Mr. Mime","","66"
"Mr. Mime","","122"
"Mr. Mime","","179"
"Mr. Mime","","63"
"Mr. Mime","","58"
"Mr. Mime","","67"
"Mr. Mime","","91"
"Mr. Mime","","101"
"Mr. Mime","","97"
"Mr. Mime E4","","28"
"Mr. Mime ex","","110"
"Mr. Mime ex","","111"
"Mr. Mime-GX","","56"
"Mr. Mime-GX","","156"
"Mr. Mime-GX","","173"
"Mr. Mime-GX","","67"
"Mr. Stone's Project","","88"
"Mr. Stone's Project","","77"
"Mr. Stone's Project","","79"
"Mt. Coronet","","130"
"Mt. Coronet","","SV89"
"Mt. Moon","","94"
"Mudbray","","75"
"Mudbray","","77"
"Mudbray","","107"
"Mudbray","","91"
"Mudbray","","105"
"Mudbray","","96"
"Mudkip","","80"
"Mudkip","","59"
"Mudkip","","60"
"Mudkip","","57"
"Mudkip","","58"
"Mudkip","","65"
"Mudkip","","56"
"Mudkip","","5"
"Mudkip","","19"
"Mudkip","","10"
"Mudkip","","18"
"Mudkip","","116"
"Mudkip","","11"
"Mudkip","","32"
"Mudkip","","33"
"Mudkip","","62"
"Mudkip","","XY38"
"Mudkip ★","","107"
"Mudsdale","","76"
"Mudsdale","","78"
"Mudsdale","","SM20"
"Mudsdale","","108"
"Mudsdale","","92"
"Mudsdale","","175"
"Mudsdale","","106"
"Mudsdale","","97"
"Muk","","13"
"Muk","","28"
"Muk","","16"
"Muk","","53"
"Muk","","46"
"Muk","","56"
"Muk","","23"
"Muk","","H17"
"Muk","","11"
"Muk","","31"
"Muk","","57"
"Muk","","63"
"Muk","","127"
"Muk","","89"
"Muk","","101"
"Muk","","85"
"Muk & Alolan Muk-GX","","61"
"Muk & Alolan Muk-GX","","196"
"Muk & Alolan Muk-GX","","197"
"Muk & Alolan Muk-GX","","220"
"Muk ex","","96"
"Multi Energy","","118"
"Multi Energy","","96"
"Multi Energy","","89"
"Multi Energy","","93"
"Multi Energy","","103"
"Multi Switch","","129"
"Multi Switch","","164"
"Multi Technical Machine 01","","144"
"Multi Technical Machine 01","","9"
"Munchlax","","33"
"Munchlax","","68"
"Munchlax","","69"
"Munchlax","","70"
"Munchlax","","173"
"Munkidori","","99"
"Munkidori","","95"
"Munkidori","","72"
"Munkidori","","44"
"Munkidori ex","","37"
"Munkidori ex","","83"
"Munkidori ex","","91"
"Munna","","48"
"Munna","","39"
"Munna","","58"
"Munna","","68"
"Munna","","7"
"Munna","","88"
"Munna","","87"
"Munna","","121"
"Munna","","35"
"Munna","","116"
"Murkrow","","72"
"Murkrow","","90"
"Murkrow","","95"
"Murkrow","","79"
"Murkrow","","30"
"Murkrow","","47"
"Murkrow","","58"
"Murkrow","","59"
"Murkrow","","57"
"Murkrow","","24"
"Murkrow","","46"
"Murkrow","","8"
"Murkrow","","108"
"Murkrow","","128"
"Murkrow","","129"
"Murkrow","","78"
"Murkrow","","71"
"Murkrow","","131"
"Murkrow","","181"
"Murkrow","","21"
"Murkrow","","114"
"Murkrow","","106"
"Murkrow","","93"
"Murkrow","","51"
"Muscle Band","","121"
"Musharna","","49"
"Musharna","","40"
"Musharna","","59"
"Musharna","","69"
"Musharna","","89"
"Musharna","","88"
"Musharna","","122"
"Musharna","","36"
"Musharna","","117"
"Mysterious Fossil","","62"
"Mysterious Fossil","","109"
"Mysterious Fossil","","79"
"Mysterious Fossil","","92"
"Mysterious Fossil","","85"
"Mysterious Fossil","","91"
"Mysterious Shard","","81"
"Mysterious Treasure","","113"
"Mysterious Treasure","","113a"
"Mysterious Treasure","","145"
"Mystery Energy","","112"
"Mystery Garden","","122"
"Mystery Garden","","172"
"Mystery Garden","","194"
"Mystery Plate α","","133"
"Mystery Plate β","","134"
"Mystery Plate γ","","135"
"Mystery Plate δ","","136"
"Mystery Zone","","137"
"N","","92"
"N","","101"
"N","","96"
"N","","BW100"
"N","","105"
"N","","105a"
"N's Castle","","152"
"N's Darmanitan","","33"
"N's Darmanitan","","27"
"N's Darumaka","","32"
"N's Darumaka","","26"
"N's Joltik","","49"
"N's Klang","","104"
"N's Klink","","103"
"N's Klinklang","","105"
"N's Plan","","83"
"N's Plan","","163"
"N's Plan","","170"
"N's PP Up","","195"
"N's PP Up","","262"
"N's PP Up","","153"
"N's Purrloin","","96"
"N's Reshiram","","154"
"N's Reshiram","","116"
"N's Reshiram","","167"
"N's Resolve","","200"
"N's Resolve","","232"
"N's Sigilyph","","64"
"N's Vanillish","","50"
"N's Vanillite","","49"
"N's Vanilluxe","","51"
"N's Zekrom","","155"
"N's Zoroark ex","","137"
"N's Zoroark ex","","286"
"N's Zoroark ex","","98"
"N's Zoroark ex","","175"
"N's Zoroark ex","","185"
"N's Zoroark ex","","189"
"N's Zorua","","136"
"N's Zorua","","97"
"Nacli","","82"
"Nacli","","120"
"Nacli","","121"
"Nacli","","220"
"Nacli","","101"
"Nacli","","102"
"Nacli","","176"
"Naclstack","","83"
"Naclstack","","122"
"Naclstack","","103"
"Naclstack","","177"
"Naganadel","","108"
"Naganadel & Guzzlord-GX","","158"
"Naganadel & Guzzlord-GX","","223"
"Naganadel & Guzzlord-GX","","224"
"Naganadel & Guzzlord-GX","","260"
"Naganadel-GX","","160"
"Naganadel-GX","","230"
"Naganadel-GX","","249"
"Naganadel-GX","","56"
"Naganadel-GX","","121"
"Naganadel-GX","","134"
"Naganadel-GX","","SV63"
"Naganadel-GX","","SM125"
"Nanu","","150"
"Nanu","","179"
"Narrow Gym","","124"
"Natu","","55"
"Natu","","96"
"Natu","","80"
"Natu","","63"
"Natu","","69"
"Natu","","66"
"Natu","","67"
"Natu","","59"
"Natu","","32"
"Natu","","78"
"Natu","","87"
"Natu","","71"
"Natu","","25"
"Natu","","151"
"Natu","","76"
"Natu","","27"
"Natu","","28"
"Natu δ","","55"
"Necrozma","","101"
"Necrozma","","SM204"
"Necrozma V","","63"
"Necrozma V","","149"
"Necrozma-GX","","63"
"Necrozma-GX","","134"
"Necrozma-GX","","153"
"Necrozma-GX","","SM58"
"Nemona","","180"
"Nemona","","82"
"Nemona","","229"
"Nemona","","238"
"Nemona's Backpack","","83"
"Neo Upper Energy","","162"
"Nessa","","TG27"
"Nessa","","136"
"Nessa","","157"
"Nessa","","183"
"Nessa","","196"
"Nest Ball","","123"
"Nest Ball","","158"
"Nest Ball","","181"
"Nest Ball","","255"
"Nest Ball","","84"
"Net Ball","","187"
"Net Ball","","187a"
"Net Ball","","234"
"Neutralization Zone","","60"
"New Pokédex","","95"
"Nickit","","89"
"Nickit","","119"
"Nickit","","125"
"Nickit","","103"
"Nickit","","112"
"Nickit","","46"
"Nickit","","47"
"Nickit","","SV081"
"Nickit","","104"
"Nidoking","","11"
"Nidoking","","31"
"Nidoking","","58"
"Nidoking","","34"
"Nidoking","","24"
"Nidoking","","150"
"Nidoking","","H18"
"Nidoking","","8"
"Nidoking","","6"
"Nidoking","","29"
"Nidoking","","59"
"Nidoking","","174"
"Nidoking","","45"
"Nidoking BREAK","","46"
"Nidoking δ","","6"
"Nidoqueen","","7"
"Nidoqueen","","23"
"Nidoqueen","","12"
"Nidoqueen","","32"
"Nidoqueen","","42"
"Nidoqueen","","31"
"Nidoqueen","","22"
"Nidoqueen","","H21"
"Nidoqueen","","9"
"Nidoqueen","","28"
"Nidoqueen","","30"
"Nidoqueen","","56"
"Nidoqueen","","SM160"
"Nidoqueen","","68"
"Nidoqueen","","69"
"Nidoqueen δ","","7"
"Nidoran ♀","","57"
"Nidoran ♀","","82"
"Nidoran ♀","","40"
"Nidoran ♀","","91"
"Nidoran ♀","","81"
"Nidoran ♀","","70"
"Nidoran ♀","","69"
"Nidoran ♀","","71"
"Nidoran ♀","","54"
"Nidoran ♀","","29"
"Nidoran ♀","","66"
"Nidoran ♀ δ","","56"
"Nidoran ♂","","55"
"Nidoran ♂","","83"
"Nidoran ♂","","43"
"Nidoran ♂","","97"
"Nidoran ♂","","96"
"Nidoran ♂","","71"
"Nidoran ♂","","70"
"Nidoran ♂","","72"
"Nidoran ♂","","57"
"Nidoran ♂","","32"
"Nidoran ♂ δ","","57"
"Nidorina","","40"
"Nidorina","","53"
"Nidorina","","55"
"Nidorina","","41"
"Nidorina","","56"
"Nidorina","","83"
"Nidorina","","45"
"Nidorina","","73"
"Nidorina","","30"
"Nidorina","","67"
"Nidorina δ","","34"
"Nidorino","","37"
"Nidorino","","54"
"Nidorino","","56"
"Nidorino","","44"
"Nidorino","","57"
"Nidorino","","55"
"Nidorino","","41"
"Nidorino","","46"
"Nidorino","","74"
"Nidorino","","58"
"Nidorino","","33"
"Nidorino δ","","35"
"Night Maintenance","","113"
"Night Maintenance","","120"
"Night Maintenance","","9"
"Night Pokémon Center","","108"
"Night Stretcher","","173"
"Night Stretcher","","196"
"Night Stretcher","","61"
"Night Stretcher","","251"
"Night Teleporter","","138"
"Nightly Garbage Run","","77"
"Nighttime Mine","","197"
"Nihilego","","106"
"Nihilego-GX","","49"
"Nihilego-GX","","103"
"Nihilego-GX","","114"
"Nihilego-GX","","SV62"
"Nincada","","10"
"Nincada","","108"
"Nincada","","66"
"Nincada","","67"
"Nincada","","68"
"Nincada","","16"
"Nincada","","117"
"Nincada","","29"
"Nincada","","13"
"Nincada","","9"
"Ninetales","","12"
"Ninetales","","13"
"Ninetales","","17"
"Ninetales","","21"
"Ninetales","","19"
"Ninetales","","BW66"
"Ninetales","","32"
"Ninetales","","57"
"Ninetales","","25"
"Ninetales","","H19"
"Ninetales","","22"
"Ninetales","","38"
"Ninetales","","7"
"Ninetales","","20"
"Ninetales","","36"
"Ninetales","","3"
"Ninetales","","16"
"Ninetales","","29"
"Ninetales","","199"
"Ninetales","","27"
"Ninetales","","23"
"Ninetales","","18"
"Ninetales","","30"
"Ninetales","","31"
"Ninetales","","15"
"Ninetales BREAK","","16"
"Ninetales ex","","96"
"Ninetales ex","","38"
"Ninetales ex","","186"
"Ninetales V","","26"
"Ninetales V","","177"
"Ninetales δ","","8"
"Ninetales-EX","","13"
"Ninja Boy","","103"
"Ninjask","","11"
"Ninjask","","67"
"Ninjask","","18"
"Ninjask","","38"
"Ninjask","","13"
"Ninjask","","17"
"Ninjask","","137"
"Ninjask","","73"
"Ninjask","","30"
"Ninjask","","14"
"Ninjask","","10"
"Nita","","151"
"Nita","","180"
"No Removal Gym","","103"
"Noctowl","","92"
"Noctowl","","34"
"Noctowl","","40"
"Noctowl","","43"
"Noctowl","","8"
"Noctowl","","HGSS06"
"Noctowl","","42"
"Noctowl","","166"
"Noctowl","","107"
"Noctowl","","127"
"Noctowl","","115"
"Noctowl","","78"
"Noctowl","","141"
"Noctowl","","144"
"Noctowl","","121"
"Noctowl","","SWSH027"
"Noctowl","","120"
"Noctowl BREAK","","XY136"
"Noibat","","156"
"Noibat","","158"
"Noibat","","109"
"Noibat","","100"
"Noibat","","SV43"
"Noibat","","152"
"Noibat","","68"
"Noibat","","194"
"Noibat","","90"
"Noibat","","127"
"Noibat","","169"
"Noibat","","132"
"Noibat","","87"
"Noibat","","131"
"Noivern","","157"
"Noivern","","159"
"Noivern","","101"
"Noivern","","128"
"Noivern","","133"
"Noivern","","77"
"Noivern","","112"
"Noivern BREAK","","113"
"Noivern ex","","153"
"Noivern ex","","246"
"Noivern ex","","69"
"Noivern ex","","220"
"Noivern ex","","91"
"Noivern V","","117"
"Noivern V","","195"
"Noivern V","","196"
"Noivern V","","SWSH148"
"Noivern-GX","","99"
"Noivern-GX","","141"
"Noivern-GX","","160"
"Noivern-GX","","SV78"
"Normalium Z: Tackle","","203"
"Norman","","168"
"Norman","","237"
"Nosepass","","62"
"Nosepass","","109"
"Nosepass","","18"
"Nosepass","","25"
"Nosepass","","42"
"Nosepass","","17"
"Nosepass","","84"
"Nosepass","","69"
"Nosepass","","106"
"Nosepass","","97"
"Nosepass","","107"
"Nosepass","","101"
"Nosepass","","96"
"Nosepass","","73"
"Nosepass","","54"
"Nosepass","","78"
"Nugget","","162"
"Numel","","21"
"Numel","","110"
"Numel","","61"
"Numel","","72"
"Numel","","59"
"Numel","","69"
"Numel","","70"
"Numel","","68"
"Numel","","57"
"Numel","","58"
"Numel","","35"
"Numel","","27"
"Numel","","223"
"Numel","","13"
"Numel","","74"
"Numel","","23"
"Numel","","31"
"Numel","","11"
"Numel","","5"
"Numel","","12"
"Nuzleaf","","71"
"Nuzleaf","","57"
"Nuzleaf","","41"
"Nuzleaf","","39"
"Nuzleaf","","36"
"Nuzleaf","","48"
"Nuzleaf","","49"
"Nuzleaf","","45"
"Nuzleaf","","43"
"Nuzleaf","","14"
"Nuzleaf","","75"
"Nuzleaf","","13"
"Nuzleaf","","4"
"Nuzleaf","","12"
"Nuzleaf","","11"
"Nuzleaf","","96"
"Nuzleaf","","10"
"Nuzleaf","","6"
"Nuzleaf","","72"
"Nymble","","9"
"Nymble","","96"
"Nymble","","19"
"Nymble","","20"
"Nymble","","13"
"Nymble","","14"
"Nymble","","15"
"Occa Berry","","140"
"Octillery","","19"
"Octillery","","57"
"Octillery","","26"
"Octillery","","H20"
"Octillery","","10"
"Octillery","","6"
"Octillery","","34"
"Octillery","","58"
"Octillery","","23"
"Octillery","","37"
"Octillery","","178"
"Octillery","","TG03"
"Octillery","","SWSH089"
"Octillery","","33"
"Oddish","","58"
"Oddish","","63"
"Oddish","","1"
"Oddish","","111"
"Oddish","","112"
"Oddish","","122"
"Oddish","","97"
"Oddish","","64"
"Oddish","","68"
"Oddish","","60"
"Oddish","","5"
"Oddish","","6"
"Oddish","","2"
"Oddish","","4"
"Oddish","","43"
"Oddish","","92"
"Oddish","","102"
"Oddish δ","","73"
"Ogre's Mask","","159"
"Ogre's Mask","","118"
"Oinkologne","","157"
"Oinkologne","","183"
"Oinkologne","","184"
"Oinkologne","","72"
"Oinkologne","","208"
"Oinkologne","","140"
"Oinkologne ex","","158"
"Oinkologne ex","","234"
"Okidogi","","122"
"Okidogi","","111"
"Okidogi","","74"
"Okidogi","","57"
"Okidogi ex","","36"
"Okidogi ex","","82"
"Okidogi ex","","90"
"Old Amber","","84"
"Old Amber","","89"
"Old Amber Aerodactyl","","97"
"Old Amber Aerodactyl","","106"
"Old Cemetery","","147"
"Old PC","","164"
"Old Rod","","78"
"Old Rod","","64"
"Oleana","","163"
"Oleana","","191"
"Oleana","","202"
"Olivia","","119"
"Olivia","","111"
"Olympia","","66"
"Omanyte","","52"
"Omanyte","","57"
"Omanyte","","69"
"Omanyte","","41"
"Omanyte","","60"
"Omanyte","","56"
"Omanyte","","70"
"Omanyte","","75"
"Omanyte","","138"
"Omanyte","","180"
"Omanyte","","17"
"Omanyte δ","","74"
"Omastar","","40"
"Omastar","","58"
"Omastar","","26"
"Omastar","","23"
"Omastar","","20"
"Omastar","","19"
"Omastar","","43"
"Omastar","","76"
"Omastar","","139"
"Omastar","","18"
"Omastar BREAK","","19"
"Omastar V","","35"
"Omastar V","","174"
"Omastar δ","","13"
"Onix","","56"
"Onix","","84"
"Onix","","61"
"Onix","","92"
"Onix","","69"
"Onix","","98"
"Onix","","65"
"Onix","","71"
"Onix","","42"
"Onix","","57"
"Onix","","9"
"Onix","","70"
"Onix","","36"
"Onix","","3"
"Onix","","103"
"Onix","","105"
"Onix","","109"
"Onix","","95"
"Onix","","90"
"Onix","","68"
"Onix","","138"
"Onix-GX","","36"
"Opal","","TG28"
"Opal","","158"
"Opal","","184"
"Opal","","197"
"Oracle","","138"
"Oran Berry","","85"
"Oran Berry","","80"
"Oranguru","","113"
"Oranguru","","182"
"Oranguru","","48"
"Oranguru","","114"
"Oranguru","","SV44"
"Oranguru","","SM13"
"Oranguru","","94"
"Oranguru","","156"
"Oranguru","","148"
"Oranguru","","119"
"Oranguru","","199"
"Oranguru","","SV098"
"Oranguru","","TG12"
"Oranguru V","","133"
"Oranguru V","","179"
"Orbeetle","","12"
"Orbeetle","","19"
"Orbeetle","","20"
"Orbeetle","","SV009"
"Orbeetle","","65"
"Orbeetle V","","TG12"
"Orbeetle V","","20"
"Orbeetle V","","166"
"Orbeetle V","","SWSH078"
"Orbeetle VMAX","","TG13"
"Orbeetle VMAX","","21"
"Orbeetle VMAX","","186"
"Order Pad","","131"
"Ordinary Rod","","171"
"Ordinary Rod","","215"
"Oricorio","","14"
"Oricorio","","46"
"Oricorio","","55"
"Oricorio","","56"
"Oricorio","","30"
"Oricorio","","SM19"
"Oricorio","","33"
"Oricorio","","67"
"Oricorio","","113"
"Oricorio","","26"
"Oricorio","","89"
"Oricorio","","65"
"Oricorio","","GG04"
"Oricorio","","42"
"Oricorio","","SWSH168"
"Oricorio","","SWSH210"
"Oricorio ex","","18"
"Oricorio ex","","110"
"Oricorio-GX","","95"
"Oricorio-GX","","217"
"Oricorio-GX","","255"
"Origin Forme Dialga V","","113"
"Origin Forme Dialga V","","177"
"Origin Forme Dialga V","","SWSH255"
"Origin Forme Dialga VSTAR","","114"
"Origin Forme Dialga VSTAR","","198"
"Origin Forme Dialga VSTAR","","210"
"Origin Forme Dialga VSTAR","","GG68"
"Origin Forme Dialga VSTAR","","SWSH256"
"Origin Forme Palkia V","","39"
"Origin Forme Palkia V","","167"
"Origin Forme Palkia V","","SWSH253"
"Origin Forme Palkia VSTAR","","40"
"Origin Forme Palkia VSTAR","","192"
"Origin Forme Palkia VSTAR","","208"
"Origin Forme Palkia VSTAR","","GG67"
"Origin Forme Palkia VSTAR","","SWSH254"
"Ortega","","190"
"Ortega","","219"
"Ortega","","141"
"Orthworm","","151"
"Orthworm","","224"
"Orthworm","","138"
"Orthworm ex","","110"
"Orthworm ex","","162"
"Oshawott","","27"
"Oshawott","","28"
"Oshawott","","37"
"Oshawott","","39"
"Oshawott","","BW03"
"Oshawott","","BW08"
"Oshawott","","4"
"Oshawott","","21"
"Oshawott","","105"
"Oshawott","","41"
"Oshawott","","33"
"Oshawott","","SWSH222"
"Oshawott","","30"
"Pachirisu","","37"
"Pachirisu","","18"
"Pachirisu","","35"
"Pachirisu","","5"
"Pachirisu","","43"
"Pachirisu","","DP04"
"Pachirisu","","51"
"Pachirisu","","118"
"Pachirisu","","4"
"Pachirisu","","10"
"Pachirisu","","49"
"Pachirisu","","80"
"Pachirisu","","68"
"Pachirisu","","208"
"Pachirisu","","138"
"Pachirisu","","158"
"Pachirisu","","52"
"Pachirisu","","25"
"Paint Roller","","79"
"Pal Pad","","132"
"Pal Pad","","182"
"Pal Pad","","172"
"Pal Pad","","92"
"Palafin","","62"
"Palafin","","200"
"Palafin","","124"
"Palafin","","225"
"Palafin","","49"
"Palafin","","60"
"Palafin","","36"
"Palafin ex","","61"
"Palafin ex","","193"
"Palafin ex","","151"
"Palafin ex","","126"
"Paldean Clodsire","","128"
"Paldean Clodsire","","129"
"Paldean Clodsire ex","","130"
"Paldean Clodsire ex","","244"
"Paldean Clodsire ex","","59"
"Paldean Clodsire ex","","219"
"Paldean Clodsire ex","","94"
"Paldean Student","","85"
"Paldean Student","","86"
"Paldean Student","","230"
"Paldean Student","","231"
"Paldean Tauros","","48"
"Paldean Tauros","","28"
"Paldean Tauros","","41"
"Paldean Tauros","","108"
"Paldean Tauros","","218"
"Paldean Tauros","","111"
"Paldean Tauros","","120"
"Paldean Tauros","","172"
"Paldean Tauros","","18"
"Paldean Tauros","","39"
"Paldean Tauros","","101"
"Paldean Wooper","","102"
"Paldean Wooper","","128"
"Paldean Wooper","","129"
"Paldean Wooper","","221"
"Paldean Wooper","","126"
"Paldean Wooper","","127"
"Paldean Wooper","","58"
"Paldean Wooper","","180"
"Paldean Wooper","","93"
"Paldean Wooper","","41"
"Palkia","","4"
"Palkia","","19"
"Palkia","","SL8"
"Palkia","","11"
"Palkia","","26"
"Palkia","","DP27"
"Palkia","","37"
"Palkia","","24"
"Palkia","","40"
"Palkia","","136"
"Palkia","","XY75"
"Palkia & Dialga LEGEND","","101"
"Palkia & Dialga LEGEND","","102"
"Palkia G","","12"
"Palkia G LV.X","","125"
"Palkia LV.X","","106"
"Palkia LV.X","","DP18"
"Palkia-EX","","66"
"Palkia-EX","","100"
"Palkia-EX","","31"
"Palkia-GX","","101"
"Palkia-GX","","147"
"Palkia-GX","","165"
"Palkia-GX","","20"
"Palkia-GX","","119"
"Palkia-GX","","132"
"Palmer's Contribution","","139"
"Palossand","","75"
"Palossand","","127"
"Palossand","","62"
"Palossand","","96"
"Palossand","","92"
"Palossand","","100"
"Palossand","","82"
"Palossand","","126"
"Palossand ex","","91"
"Palossand ex","","221"
"Palossand-GX","","82"
"Palpitoad","","41"
"Palpitoad","","23"
"Palpitoad","","32"
"Palpitoad","","35"
"Palpitoad","","25"
"Palpitoad","","116"
"Palpitoad","","51"
"Palpitoad","","45"
"Palpitoad","","89"
"Palpitoad","","34"
"Palpitoad","","20"
"Palpitoad","","104"
"Pancham","","115"
"Pancham","","119"
"Pancham","","72"
"Pancham","","65"
"Pancham","","81"
"Pancham","","85"
"Pancham","","83"
"Pancham","","149"
"Pancham","","59"
"Pancham","","60"
"Pancham","","86"
"Pancham","","71"
"Pangoro","","13"
"Pangoro","","140"
"Pangoro","","120"
"Pangoro","","82"
"Pangoro","","78"
"Pangoro","","94"
"Pangoro","","93"
"Pangoro","","99"
"Pangoro","","80"
"Pangoro","","174"
"Pangoro","","68"
"Pangoro","","75"
"Pangoro","","XY50"
"Panic Mask","","165"
"Panpour","","33"
"Panpour","","22"
"Panpour","","28"
"Panpour","","36"
"Panpour","","41"
"Panpour","","68"
"Panpour","","11"
"Panpour","","37"
"Panpour","","17"
"Panpour","","101"
"Pansage","","7"
"Pansage","","1"
"Pansage","","6"
"Pansage","","BW11"
"Pansage","","BW14"
"Pansage","","2"
"Pansage","","12"
"Pansage","","4"
"Pansage","","10"
"Pansage","","5"
"Pansage","","89"
"Pansear","","21"
"Pansear","","18"
"Pansear","","16"
"Pansear","","15"
"Pansear","","19"
"Pansear","","14"
"Pansear","","99"
"Pansear","","22"
"Pansear","","20"
"Pansear","","26"
"Pansear","","37"
"Pansear","","7"
"Pansear","","23"
"Pansear","","XY131"
"Paradise Resort","","45"
"Paradise Resort","","150"
"Parallel City","","145"
"Paras","","59"
"Paras","","85"
"Paras","","92"
"Paras","","99"
"Paras","","72"
"Paras","","6"
"Paras","","76"
"Paras","","47"
"Paras","","119"
"Paras","","4"
"Paras","","46"
"Paras","","GG32"
"Paras","","3"
"Paras","","1"
"Parasect","","41"
"Parasect","","55"
"Parasect","","58"
"Parasect","","27"
"Parasect","","43"
"Parasect","","7"
"Parasect","","48"
"Parasect","","35"
"Parasect","","38"
"Parasect","","5"
"Parasect","","47"
"Parasect","","TG01"
"Parasect","","4"
"Parasect","","2"
"Parasol Lady","","169"
"Parasol Lady","","238"
"Parasol Lady","","255"
"Passho Berry","","184"
"Passimian","","73"
"Passimian","","125"
"Passimian","","79"
"Passimian","","70"
"Passimian","","SM12"
"Passimian","","118"
"Passimian","","111"
"Passimian","","TG08"
"Passimian","","97"
"Passimian","","88"
"Passimian","","SWSH115"
"Path to the Peak","","213"
"Path to the Peak","","148"
"Patrat","","77"
"Patrat","","78"
"Patrat","","118"
"Patrat","","110"
"Patrat","","111"
"Patrat","","72"
"Patrat","","152"
"Patrat","","107"
"Patrat","","84"
"Patrol Cap","","191"
"Pawmi","","32"
"Pawmi","","73"
"Pawmi","","74"
"Pawmi","","142"
"Pawmi","","226"
"Pawmi","","56"
"Pawmi","","40"
"Pawmo","","33"
"Pawmo","","75"
"Pawmo","","143"
"Pawmot","","34"
"Pawmot","","76"
"Pawmot","","209"
"Pawmot","","144"
"Pawmot","","6"
"Pawmot ex","","73"
"Pawniard","","75"
"Pawniard","","81"
"Pawniard","","78"
"Pawniard","","71"
"Pawniard","","72"
"Pawniard","","146"
"Pawniard","","134"
"Pawniard","","104"
"Pawniard","","132"
"Pawniard","","148"
"Pawniard","","185"
"Pawniard","","111"
"Pawniard","","133"
"Pawniard","","115"
"Pawniard","","91"
"Pawniard","","92"
"Pawniard","","103"
"Pawniard","","19"
"Pawniard","","63"
"Pawniard","","64"
"Pawniard","","142"
"Payapa Berry","","141"
"Pecharunt","","143"
"Pecharunt","","129"
"Pecharunt","","149"
"Pecharunt ex","","39"
"Pecharunt ex","","85"
"Pecharunt ex","","93"
"Pecharunt ex","","95"
"Pecharunt ex","","163"
"Peeking Red Card","","97"
"Peeking Red Card","","169"
"Pelipper","","48"
"Pelipper","","19"
"Pelipper","","50"
"Pelipper","","21"
"Pelipper","","24"
"Pelipper","","45"
"Pelipper","","38"
"Pelipper","","112"
"Pelipper","","159"
"Pelipper","","204"
"Pelipper","","39"
"Pelipper","","22"
"Pelipper","","42"
"Pelipper δ","","26"
"Pelipper δ","","14"
"Penny","","183"
"Penny","","239"
"Penny","","252"
"Peonia","","149"
"Peonia","","196"
"Peonia","","219"
"Peony","","150"
"Peony","","197"
"Peony","","220"
"Perilous Jungle","","156"
"Perrin","","160"
"Perrin","","209"
"Perrin","","220"
"Persian","","42"
"Persian","","56"
"Persian","","81"
"Persian","","68"
"Persian","","50"
"Persian","","44"
"Persian","","54"
"Persian","","27"
"Persian","","148"
"Persian","","102"
"Persian","","126"
"Persian","","SM182"
"Persian","","53"
"Persian","","49"
"Persian","","78"
"Persian","","200"
"Persian","","89"
"Persian","","62"
"Persian δ","","48"
"Persian-GX","","149"
"Persian-GX","","207"
"Persian-GX","","227"
"Petilil","","9"
"Petilil","","13"
"Petilil","","4"
"Petilil","","16"
"Petilil","","6"
"Petilil","","15"
"Petilil","","7"
"Petilil","","91"
"Pewter City Gym","","115"
"Phanpy","","71"
"Phanpy","","66"
"Phanpy","","98"
"Phanpy","","100"
"Phanpy","","62"
"Phanpy","","75"
"Phanpy","","69"
"Phanpy","","77"
"Phanpy","","43"
"Phanpy","","76"
"Phanpy","","15"
"Phanpy","","72"
"Phanpy","","111"
"Phanpy","","48"
"Phanpy","","102"
"Phanpy","","205"
"Phanpy","","91"
"Phanpy","","86"
"Phanpy","","SWSH117"
"Phantump","","93"
"Phantump","","6"
"Phantump","","11"
"Phantump","","12"
"Phantump","","16"
"Phantump","","14"
"Phantump","","54"
"Phantump","","64"
"Pheromosa","","11"
"Pheromosa","","SV5"
"Pheromosa","","SM115"
"Pheromosa & Buzzwole-GX","","1"
"Pheromosa & Buzzwole-GX","","191"
"Pheromosa & Buzzwole-GX","","192"
"Pheromosa & Buzzwole-GX","","215"
"Pheromosa-GX","","140"
"Pheromosa-GX","","158"
"Pheromosa-GX","","SM66"
"Phione","","36"
"Phione","","12"
"Phione","","27"
"Phione","","57"
"Phione","","30"
"Phione","","SM220"
"Phione","","55"
"Phione","","175"
"Phione","","45"
"Phoebe","","130"
"Phoebe","","161"
"Phoebe","","175"
"Phoebe's Stadium","","79"
"Pichu","","35"
"Pichu","","93"
"Pichu","","45"
"Pichu","","22"
"Pichu","","58"
"Pichu","","21"
"Pichu","","20"
"Pichu","","59"
"Pichu","","28"
"Pichu","","12"
"Pichu","","25"
"Pichu","","11"
"Pichu Bros.","","16"
"Pichu δ","","76"
"Picnic Basket","","184"
"Picnicker","","114"
"Pidgeot","","8"
"Pidgeot","","24"
"Pidgeot","","14"
"Pidgeot","","33"
"Pidgeot","","30"
"Pidgeot","","35"
"Pidgeot","","23"
"Pidgeot","","59"
"Pidgeot","","10"
"Pidgeot","","29"
"Pidgeot","","2"
"Pidgeot","","124"
"Pidgeot","","18"
"Pidgeot","","77"
"Pidgeot ex","","164"
"Pidgeot ex","","217"
"Pidgeot ex","","225"
"Pidgeot ex","","221"
"Pidgeot Spirit Link","","81"
"Pidgeot V","","137"
"Pidgeot V","","188"
"Pidgeot δ","","14"
"Pidgeot-EX","","64"
"Pidgeot-EX","","104"
"Pidgeotto","","22"
"Pidgeotto","","28"
"Pidgeotto","","34"
"Pidgeotto","","48"
"Pidgeotto","","58"
"Pidgeotto","","88"
"Pidgeotto","","45"
"Pidgeotto","","47"
"Pidgeotto","","123"
"Pidgeotto","","163"
"Pidgeotto","","208"
"Pidgeotto","","17"
"Pidgeotto","","197"
"Pidgeotto","","76"
"Pidgeotto δ","","49"
"Pidgey","","57"
"Pidgey","","86"
"Pidgey","","85"
"Pidgey","","67"
"Pidgey","","99"
"Pidgey","","123"
"Pidgey","","73"
"Pidgey","","71"
"Pidgey","","12"
"Pidgey","","121"
"Pidgey","","122"
"Pidgey","","162"
"Pidgey","","207"
"Pidgey","","16"
"Pidgey","","196"
"Pidgey","","75"
"Pidgey δ","","77"
"Pidove","","84"
"Pidove","","80"
"Pidove","","83"
"Pidove","","123"
"Pidove","","BW15"
"Pidove","","11"
"Pidove","","61"
"Pidove","","174"
"Pidove","","133"
"Pidove","","143"
"Pidove","","78"
"Pidove","","71"
"Pidove","","148"
"Piers","","TG28"
"Piers","","165"
"Piers","","187"
"Piers","","58"
"Piers","","78"
"Piers","","69"
"Pignite","","17"
"Pignite","","18"
"Pignite","","26"
"Pignite","","25"
"Pignite","","4"
"Pignite","","30"
"Pignite","","12"
"Pignite","","97"
"Pignite","","32"
"Pignite","","24"
"Pikachu","","58"
"Pikachu","","60"
"Pikachu","","87"
"Pikachu","","86"
"Pikachu","","1"
"Pikachu","","4"
"Pikachu","","26"
"Pikachu","","27"
"Pikachu","","115"
"Pikachu","","RC7"
"Pikachu","","39"
"Pikachu","","50"
"Pikachu","","BW54"
"Pikachu","","BW77"
"Pikachu","","5"
"Pikachu","","94"
"Pikachu","","70"
"Pikachu","","DP16"
"Pikachu","","124"
"Pikachu","","84"
"Pikachu","","78"
"Pikachu","","57"
"Pikachu","","72"
"Pikachu","","43"
"Pikachu","","74"
"Pikachu","","RC29"
"Pikachu","","61"
"Pikachu","","HGSS03"
"Pikachu","","6"
"Pikachu","","25"
"Pikachu","","7"
"Pikachu","","55"
"Pikachu","","12"
"Pikachu","","28"
"Pikachu","","112"
"Pikachu","","120"
"Pikachu","","71"
"Pikachu","","16"
"Pikachu","","13"
"Pikachu","","9"
"Pikachu","","15"
"Pikachu","","54"
"Pikachu","","56"
"Pikachu","","19"
"Pikachu","","66"
"Pikachu","","241"
"Pikachu","","40"
"Pikachu","","30"
"Pikachu","","SM04"
"Pikachu","","SM76"
"Pikachu","","SM81"
"Pikachu","","SM86"
"Pikachu","","SM98"
"Pikachu","","SM157"
"Pikachu","","SM162"
"Pikachu","","SM183"
"Pikachu","","SM206"
"Pikachu","","SM227"
"Pikachu","","SM234"
"Pikachu","","62"
"Pikachu","","173"
"Pikachu","","18"
"Pikachu","","131"
"Pikachu","","51"
"Pikachu","","88"
"Pikachu","","101"
"Pikachu","","65"
"Pikachu","","52"
"Pikachu","","TG05"
"Pikachu","","49"
"Pikachu","","160"
"Pikachu","","GG30"
"Pikachu","","SWSH020"
"Pikachu","","SWSH039"
"Pikachu","","SWSH153"
"Pikachu","","SWSH234"
"Pikachu","","42"
"Pikachu","","35"
"Pikachu","","20"
"Pikachu","","48"
"Pikachu","","XY89"
"Pikachu","","XY95"
"Pikachu","","XY202"
"Pikachu & Zekrom-GX","","33"
"Pikachu & Zekrom-GX","","162"
"Pikachu & Zekrom-GX","","184"
"Pikachu & Zekrom-GX","","SM168"
"Pikachu & Zekrom-GX","","SM248"
"Pikachu ★","","104"
"Pikachu ex","","57"
"Pikachu ex","","276"
"Pikachu ex","","277"
"Pikachu ex","","63"
"Pikachu ex","","219"
"Pikachu ex","","238"
"Pikachu ex","","247"
"Pikachu ex","","28"
"Pikachu ex","","179"
"Pikachu ex","","106"
"Pikachu on the Ball","","1"
"Pikachu V","","TG16"
"Pikachu V","","43"
"Pikachu V","","170"
"Pikachu V","","86"
"Pikachu V","","157"
"Pikachu V","","SWSH061"
"Pikachu V","","SWSH063"
"Pikachu V","","SWSH143"
"Pikachu V","","SWSH145"
"Pikachu V","","SWSH198"
"Pikachu V","","SWSH285"
"Pikachu V-UNION","","SWSH139"
"Pikachu V-UNION","","SWSH140"
"Pikachu V-UNION","","SWSH141"
"Pikachu V-UNION","","SWSH142"
"Pikachu VMAX","","TG17"
"Pikachu VMAX","","TG29"
"Pikachu VMAX","","44"
"Pikachu VMAX","","188"
"Pikachu VMAX","","SWSH062"
"Pikachu VMAX","","SWSH286"
"Pikachu with Grey Felt Hat","","85"
"Pikachu δ","","93"
"Pikachu δ","","79"
"Pikachu δ","","35"
"Pikachu δ","","13"
"Pikachu-EX","","XY84"
"Pikachu-EX","","XY124"
"Pikachu-EX","","XY174"
"Pikachu-GX","","SM232"
"Pikipek","","11"
"Pikipek","","106"
"Pikipek","","163"
"Pikipek","","164"
"Pikipek","","SM07"
"Pikipek","","143"
"Piloswine","","27"
"Piloswine","","69"
"Piloswine","","46"
"Piloswine","","24"
"Piloswine","","43"
"Piloswine","","H22"
"Piloswine","","13"
"Piloswine","","48"
"Piloswine","","44"
"Piloswine","","36"
"Piloswine","","20"
"Piloswine","","78"
"Piloswine","","32"
"Piloswine","","81"
"Pincurchin","","72"
"Pincurchin","","73"
"Pincurchin","","77"
"Pincurchin","","56"
"Pincurchin","","64"
"Pincurchin","","62"
"Pincurchin","","SV043"
"Pincurchin V","","72"
"Pineco","","68"
"Pineco","","113"
"Pineco","","85"
"Pineco","","86"
"Pineco","","66"
"Pineco","","71"
"Pineco","","62"
"Pineco","","63"
"Pineco","","61"
"Pineco","","77"
"Pineco","","15"
"Pineco","","1"
"Pineco","","4"
"Pineco","","99"
"Pineco","","2"
"Pineco","","8"
"Pinsir","","9"
"Pinsir","","25"
"Pinsir","","29"
"Pinsir","","1"
"Pinsir","","59"
"Pinsir","","101"
"Pinsir","","24"
"Pinsir","","13"
"Pinsir","","32"
"Pinsir","","75"
"Pinsir","","6"
"Pinsir","","4"
"Pinsir","","127"
"Pinsir","","3"
"Pinsir","","168"
"Pinsir δ","","9"
"Pinsir-GX","","6"
"Piplup","","33"
"Piplup","","RC6"
"Piplup","","27"
"Piplup","","93"
"Piplup","","71"
"Piplup","","72"
"Piplup","","DP03"
"Piplup","","20"
"Piplup","","98"
"Piplup","","85"
"Piplup","","121"
"Piplup","","15"
"Piplup","","16"
"Piplup","","54"
"Piplup","","239"
"Piplup","","31"
"Piplup","","32"
"Piplup","","35"
"Piplup","","36"
"Plasma Energy","","91"
"Plasma Energy","","127"
"Plasma Energy","","106"
"Plasma Frigate","","124"
"Plume Fossil","","82"
"Plume Fossil","","93"
"Plumeria","","120"
"Plumeria","","145"
"Plusle","","47"
"Plusle","","39"
"Plusle","","36"
"Plusle","","28"
"Plusle","","8"
"Plusle","","69"
"Plusle","","44"
"Plusle","","HGSS16"
"Plusle","","76"
"Plusle","","13"
"Plusle","","5"
"Plusle","","33"
"Plusle","","53"
"Plusle","","60"
"Plusle","","193"
"Plusle","","89"
"Plusle","","6"
"Plusle","","31"
"PlusPower","","84"
"PlusPower","","113"
"PlusPower","","96"
"PlusPower","","109"
"PlusPower","","121"
"PlusPower","","80"
"PlusPower","","112"
"Po Town","","121"
"Poipole","","102"
"Poipole","","55"
"Poipole","","107"
"Poipole","","SV19"
"Poison Barb","","124"
"Poké Ball","","64"
"Poké Ball","","121"
"Poké Ball","","97"
"Poké Ball","","131"
"Poké Ball","","110"
"Poké Ball","","85"
"Poké Ball","","86"
"Poké Ball","","87"
"Poké Ball","","82"
"Poké Ball","","95"
"Poké Ball","","67"
"Poké Ball","","113"
"Poké Ball","","125"
"Poké Ball","","185"
"Poké Ball","","137"
"Poké Ball","","164"
"Poké Ball","","59"
"Poké Ball","","SWSH146"
"Poké Ball","","35"
"Poké Blower +","","88"
"Poké Drawer +","","89"
"Poké Healer +","","90"
"Poké Kid","","173"
"Poké Kid","","70"
"Poké Maniac","","204"
"Poké Maniac","","236"
"Poké Pad","","198"
"Poké Radar","","133"
"Poké Vital A","","62"
"Pokédex","","87"
"Pokédex","","115"
"Pokédex","","98"
"Pokédex","","82"
"PokéDex HANDY909","","96"
"Pokédex HANDY910is","","111"
"Pokédex HANDY910is","","114"
"PokéGear","","88"
"Pokégear 3.0","","96"
"Pokégear 3.0","","182"
"Pokégear 3.0","","182a"
"Pokégear 3.0","","182b"
"Pokégear 3.0","","233"
"Pokégear 3.0","","186"
"Pokégear 3.0","","174"
"Pokégear 3.0","","84"
"Pokémon Breeder","","76"
"Pokémon Breeder","","105"
"Pokémon Breeder","","102"
"Pokémon Breeder","","63"
"Pokémon Breeder","","73"
"Pokémon Breeder Fields","","62"
"Pokémon Breeder's Nurturing","","166"
"Pokémon Breeder's Nurturing","","188"
"Pokémon Breeder's Nurturing","","195"
"Pokémon Catcher","","83"
"Pokémon Catcher","","95"
"Pokémon Catcher","","111"
"Pokémon Catcher","","126"
"Pokémon Catcher","","64"
"Pokémon Catcher","","187"
"Pokémon Catcher","","175"
"Pokémon Catcher","","138"
"Pokémon Catcher","","36"
"Pokémon Catcher","","105"
"Pokémon Center","","85"
"Pokémon Center","","114"
"Pokémon Center","","40"
"Pokémon Center","","90"
"Pokémon Center Lady","","68"
"Pokémon Center Lady","","123"
"Pokémon Center Lady","","64"
"Pokémon Center Lady","","176"
"Pokémon Center Lady","","60"
"Pokémon Center Lady","","185"
"Pokémon Center Lady","","93"
"Pokémon Center Lady","","105"
"Pokémon Circulator","","81"
"Pokémon Collector","","97"
"Pokémon Communication","","99"
"Pokémon Communication","","98"
"Pokémon Communication","","152"
"Pokémon Communication","","152a"
"Pokémon Communication","","152b"
"Pokémon Communication","","196"
"Pokémon Contest Hall","","93"
"Pokémon Fan Club","","130"
"Pokémon Fan Club","","69"
"Pokémon Fan Club","","9"
"Pokémon Fan Club","","133"
"Pokémon Fan Club","","155"
"Pokémon Fan Club","","107"
"Pokémon Fan Club","","94"
"Pokémon Fan Club","","106"
"Pokémon Flute","","86"
"Pokémon League Headquarters","","192"
"Pokémon March","","102"
"Pokémon Nurse","","145"
"Pokémon Park","","131"
"Pokémon Park","","10"
"Pokémon Personality Test","","102"
"Pokémon Ranger","","104"
"Pokémon Ranger","","113"
"Pokémon Rescue","","115"
"Pokémon Research Lab","","205"
"Pokémon Retriever","","84"
"Pokémon Reversal","","146"
"Pokémon Reversal","","87"
"Pokémon Reversal","","88"
"Pokémon Reversal","","97"
"Pokémon Reversal","","99"
"Pokémon Tower","","42"
"Pokémon Trader","","77"
"Pokémon Trader","","106"
"Pokémon Trader","","103"
"PokéNav","","88"
"PokéNav","","83"
"PokéNav","","81"
"PokéNav","","140"
"PokéNav","","181"
"PokéStop","","68"
"Politoed","","12"
"Politoed","","25"
"Politoed","","H23"
"Politoed","","7"
"Politoed","","8"
"Politoed","","27"
"Politoed","","32"
"Politoed","","18"
"Politoed ex","","107"
"Poliwag","","59"
"Poliwag","","88"
"Poliwag","","114"
"Poliwag","","125"
"Poliwag","","87"
"Poliwag","","67"
"Poliwag","","75"
"Poliwag","","58"
"Poliwag","","62"
"Poliwag","","30"
"Poliwag","","36"
"Poliwag","","37"
"Poliwag","","60"
"Poliwag","","41"
"Poliwag","","23"
"Poliwag","","15"
"Poliwhirl","","38"
"Poliwhirl","","57"
"Poliwhirl","","115"
"Poliwhirl","","89"
"Poliwhirl","","88"
"Poliwhirl","","68"
"Poliwhirl","","46"
"Poliwhirl","","37"
"Poliwhirl","","44"
"Poliwhirl","","31"
"Poliwhirl","","61"
"Poliwhirl","","176"
"Poliwhirl","","42"
"Poliwhirl","","24"
"Poliwhirl","","16"
"Poliwrath","","13"
"Poliwrath","","15"
"Poliwrath","","35"
"Poliwrath","","24"
"Poliwrath","","60"
"Poliwrath","","26"
"Poliwrath","","H24"
"Poliwrath","","11"
"Poliwrath","","21"
"Poliwrath","","9"
"Poliwrath","","28"
"Poliwrath","","32"
"Poliwrath","","39"
"Poliwrath","","62"
"Poliwrath","","43"
"Poliwrath","","85"
"Poliwrath","","25"
"Poliwrath","","17"
"Poltchageist","","20"
"Poltchageist","","21"
"Poltchageist","","171"
"Polteageist","","98"
"Polteageist","","90"
"Polteageist","","83"
"Polteageist","","SV053"
"Polteageist","","SWSH081"
"Polteageist V","","SWSH021"
"Ponyta","","60"
"Ponyta","","64"
"Ponyta","","87"
"Ponyta","","94"
"Ponyta","","71"
"Ponyta","","126"
"Ponyta","","102"
"Ponyta","","78"
"Ponyta","","76"
"Ponyta","","14"
"Ponyta","","72"
"Ponyta","","46"
"Ponyta","","SH11"
"Ponyta","","23"
"Ponyta","","17"
"Ponyta","","29"
"Ponyta","","77"
"Ponyta","","26"
"Ponyta","","19"
"Ponyta","","21"
"Ponyta","","16"
"Poochyena","","116"
"Poochyena","","63"
"Poochyena","","64"
"Poochyena","","65"
"Poochyena","","79"
"Poochyena","","80"
"Poochyena","","58"
"Poochyena","","70"
"Poochyena","","128"
"Poochyena","","86"
"Poochyena","","105"
"Poochyena","","113"
"Poochyena","","95"
"Poochyena","","GG33"
"Poochyena","","103"
"Poochyena","","16"
"Poochyena","","53"
"Popplio","","4"
"Popplio","","23"
"Popplio","","39"
"Popplio","","64"
"Popplio","","65"
"Popplio","","SM03"
"Popplio","","SM24"
"Poppy","","193"
"Poppy","","220"
"Poppy","","227"
"Porygon","","39"
"Porygon","","48"
"Porygon","","72"
"Porygon","","81"
"Porygon","","103"
"Porygon","","69"
"Porygon","","80"
"Porygon","","47"
"Porygon","","73"
"Porygon","","HGSS22"
"Porygon","","12"
"Porygon","","78"
"Porygon","","154"
"Porygon","","155"
"Porygon","","137"
"Porygon","","142"
"Porygon","","140"
"Porygon","","116"
"Porygon","","71"
"Porygon","","64"
"Porygon-Z","","74"
"Porygon-Z","","BW84"
"Porygon-Z","","6"
"Porygon-Z","","DP35"
"Porygon-Z","","7"
"Porygon-Z","","157"
"Porygon-Z","","105"
"Porygon-Z","","105a"
"Porygon-Z","","144"
"Porygon-Z","","214"
"Porygon-Z","","142"
"Porygon-Z","","118"
"Porygon-Z","","66"
"Porygon-Z","","67"
"Porygon-Z G","","26"
"Porygon-Z LV.X","","100"
"Porygon-Z-GX","","SM216"
"Porygon2","","73"
"Porygon2","","49"
"Porygon2","","28"
"Porygon2","","12"
"Porygon2","","25"
"Porygon2","","HGSS23"
"Porygon2","","156"
"Porygon2","","104"
"Porygon2","","143"
"Porygon2","","138"
"Porygon2","","141"
"Porygon2","","117"
"Porygon2","","65"
"Postwick","","154"
"Pot Helmet","","146"
"Potion","","94"
"Potion","","122"
"Potion","","110"
"Potion","","100"
"Potion","","132"
"Potion","","118"
"Potion","","127"
"Potion","","92"
"Potion","","156"
"Potion","","91"
"Potion","","95"
"Potion","","101"
"Potion","","87"
"Potion","","188"
"Potion","","177"
"Potion","","139"
"Potion","","61"
"Potion","","8"
"Potion","","9"
"Potion","","10"
"Potion","","37"
"Potion","","83"
"Potion","","106"
"Potion Energy","","82"
"Potion Energy","","101"
"Pow! Hand Extension","","85"
"Power Charge","","147"
"Power Memory","","108"
"Power Plant","","139"
"Power Plant","","183"
"Power Plant","","269"
"Power Tablet","","236"
"Power Tablet","","281"
"Power Tree","","76"
"Powerful Colorless Energy","","176"
"Powerglass","","63"
"Powerglass","","97"
"Practice Studio","","186"
"Precious Trolley","","185"
"Premier Ball","","101"
"Premier Ball","","91"
"Premium Power Pro","","124"
"Premium Power Pro","","174"
"Premium Power Pro","","199"
"Primal Groudon-EX","","86"
"Primal Groudon-EX","","151"
"Primal Groudon-EX","","97"
"Primal Kyogre-EX","","55"
"Primal Kyogre-EX","","149"
"Primal Kyogre-EX","","96"
"Primarina","","41"
"Primarina","","67"
"Primarina-GX","","42"
"Primarina-GX","","149"
"Primarina-GX","","SM39"
"Prime Catcher","","157"
"Prime Catcher","","119"
"Primeape","","43"
"Primeape","","59"
"Primeape","","60"
"Primeape","","27"
"Primeape","","29"
"Primeape","","28"
"Primeape","","22"
"Primeape","","39"
"Primeape","","18"
"Primeape","","51"
"Primeape","","72"
"Primeape","","108"
"Primeape","","91"
"Primeape","","107"
"Primeape","","57"
"Primeape","","46"
"Primeape","","170"
"Primeape","","99"
"Primeape","","67"
"Primeape","","134"
"Primeape","","53"
"Primeape δ","","50"
"Primordial Altar","","161"
"Prinplup","","34"
"Prinplup","","28"
"Prinplup","","58"
"Prinplup","","44"
"Prinplup","","59"
"Prinplup","","55"
"Prinplup","","33"
"Prinplup","","36"
"Prinplup","","37"
"Prism Energy","","93"
"Prism Energy","","216"
"Prism Energy","","86"
"Probopass","","82"
"Probopass","","13"
"Probopass","","60"
"Probopass","","7"
"Probopass","","4"
"Probopass","","141"
"Probopass","","86"
"Probopass","","98"
"Probopass","","146"
"Probopass","","102"
"Probopass","","182"
"Probopass","","131"
"Probopass","","99"
"Probopass","","55"
"Probopass","","95"
"Probopass G","","DP43"
"Prof. Oak's Research","","98"
"Professor Birch","","89"
"Professor Birch","","80"
"Professor Birch","","82"
"Professor Birch's Observations","","134"
"Professor Birch's Observations","","159"
"Professor Burnet","","TG26"
"Professor Burnet","","SWSH167"
"Professor Cozmo's Discovery","","89"
"Professor Cozmo's Discovery","","90"
"Professor Cozmo's Discovery","","10"
"Professor Elm","","3"
"Professor Elm","","96"
"Professor Elm's Lecture","","188"
"Professor Elm's Lecture","","188a"
"Professor Elm's Lecture","","213"
"Professor Elm's Training Method","","82"
"Professor Elm's Training Method","","148"
"Professor Elm's Training Method","","89"
"Professor Elm's Training Method","","79"
"Professor Elm's Training Method","","100"
"Professor Juniper","","101"
"Professor Juniper","","84"
"Professor Juniper","","98"
"Professor Juniper","","116"
"Professor Kukui","","128"
"Professor Kukui","","148"
"Professor Laventon","","162"
"Professor Oak","","88"
"Professor Oak","","116"
"Professor Oak's Hint","","84"
"Professor Oak's New Theory","","83"
"Professor Oak's New Theory","","101"
"Professor Oak's Research","","149"
"Professor Oak's Research","","80"
"Professor Oak's Setup","","201"
"Professor Oak's Setup","","233"
"Professor Oak's Visit","","122"
"Professor Oak's Visit","","90"
"Professor Rowan","","112"
"Professor Rowan","","123"
"Professor Sada's Vitality","","170"
"Professor Sada's Vitality","","239"
"Professor Sada's Vitality","","256"
"Professor Sada's Vitality","","120"
"Professor Sycamore","","122"
"Professor Sycamore","","114"
"Professor Sycamore","","101"
"Professor Sycamore","","107"
"Professor Sycamore","","107a"
"Professor Turo's Scenario","","171"
"Professor Turo's Scenario","","240"
"Professor Turo's Scenario","","257"
"Professor Turo's Scenario","","121"
"Professor's Letter","","123"
"Professor's Letter","","146"
"Professor's Letter","","146a"
"Professor's Research","","78"
"Professor's Research","","84"
"Professor's Research","","87"
"Professor's Research","","88"
"Professor's Research","","122"
"Professor's Research","","123"
"Professor's Research","","124"
"Professor's Research","","125"
"Professor's Research","","155"
"Professor's Research","","150"
"Professor's Research","","60"
"Professor's Research","","147"
"Professor's Research","","SWSH152"
"Professor's Research","","SWSH178"
"Professor's Research","","85"
"Professor's Research (Professor Magnolia)","","178"
"Professor's Research (Professor Magnolia)","","201"
"Professor's Research (Professor Magnolia)","","209"
"Professor's Research (Professor Magnolia)","","62"
"Professor's Research (Professor Oak)","","23"
"Professor's Research (Professor Oak)","","24"
"Professor's Research (Professor Sada)","","189"
"Professor's Research (Professor Sada)","","240"
"Professor's Research (Professor Turo)","","190"
"Professor's Research (Professor Turo)","","241"
"Protection Cube","","95"
"Protective Goggles","","164"
"Protective Orb","","90"
"Psychic Cube 01","","132"
"Psychic Energy","","101"
"Psychic Energy","","129"
"Psychic Energy","","109"
"Psychic Energy","","92"
"Psychic Energy","","127"
"Psychic Energy","","164"
"Psychic Energy","","107"
"Psychic Energy","","105"
"Psychic Energy","","79"
"Psychic Energy","","131"
"Psychic Energy","","119"
"Psychic Energy","","110"
"Psychic Energy","","162"
"Psychic Energy","","168"
"Psychic Energy","","156"
"Psychic Energy","","232"
"Psychic Energy","","12"
"Psychic Energy","","136"
"Psychic Energy","","95"
"Psychic Memory","","98"
"Psychic's Third Eye","","108"
"Psyduck","","53"
"Psyduck","","65"
"Psyduck","","88"
"Psyduck","","20"
"Psyduck","","32"
"Psyduck","","33"
"Psyduck","","7"
"Psyduck","","100"
"Psyduck","","104"
"Psyduck","","73"
"Psyduck","","44"
"Psyduck","","70"
"Psyduck","","74"
"Psyduck","","2"
"Psyduck","","39"
"Psyduck","","226"
"Psyduck","","79"
"Psyduck","","87"
"Psyduck","","28"
"Psyduck","","11"
"Psyduck","","40"
"Psyduck","","26"
"Psyduck","","SM199"
"Psyduck","","54"
"Psyduck","","175"
"Psyduck","","24"
"Psyduck","","16"
"Psyduck δ","","81"
"Pumpkaboo","","44"
"Pumpkaboo","","77"
"Pumpkaboo","","76"
"Pumpkaboo","","56"
"Punk Helmet","","92"
"Punk Helmet","","121"
"Pupitar","","59"
"Pupitar","","47"
"Pupitar","","90"
"Pupitar","","56"
"Pupitar","","70"
"Pupitar","","58"
"Pupitar","","38"
"Pupitar","","39"
"Pupitar","","45"
"Pupitar","","9"
"Pupitar","","75"
"Pupitar","","116"
"Pupitar","","80"
"Pupitar","","111"
"Pupitar","","106"
"Pupitar","","48"
"Pupitar","","81"
"Pupitar","","120"
"Pupitar","","87"
"Pupitar","","42"
"Pupitar δ","","51"
"Pupitar δ","","59"
"Purrloin","","66"
"Purrloin","","RC13"
"Purrloin","","64"
"Purrloin","","90"
"Purrloin","","82"
"Purrloin","","83"
"Purrloin","","9"
"Purrloin","","55"
"Purrloin","","136"
"Purrloin","","135"
"Purrloin","","48"
"Purrloin","","114"
"Purrloin","","77"
"Purrloin","","106"
"Purrloin","","39"
"Purrloin","","56"
"Purugly","","36"
"Purugly","","50"
"Purugly","","160"
"Purugly","","109"
"Purugly","","117"
"Purugly","","128"
"Purugly","","116"
"Purugly","","94"
"Purugly G","","88"
"Puzzle of Time","","109"
"Pyroar","","24"
"Pyroar","","37"
"Pyroar","","19"
"Pyroar","","51"
"Pyroar","","32"
"Pyroar","","200"
"Pyroar","","16"
"Pyroar","","29"
"Pyroar","","23"
"Pyroar","","20"
"Pyroar","","12"
"Pyroar","","XY26"
"Pyroar BREAK","","24"
"Pyukumuku","","47"
"Pyukumuku","","53"
"Pyukumuku","","52"
"Pyukumuku","","77"
"Pyukumuku","","SWSH169"
"Quad Stone","","163"
"Quagsire","","22"
"Quagsire","","60"
"Quagsire","","30"
"Quagsire","","44"
"Quagsire","","26"
"Quagsire","","9"
"Quagsire","","45"
"Quagsire","","48"
"Quagsire","","97"
"Quagsire","","SV10"
"Quagsire","","156"
"Quagsire","","84"
"Quagsire","","39"
"Quagsire GL","","76"
"Quagsire δ","","21"
"Quaquaval","","54"
"Quaquaval","","52"
"Quaquaval","","5"
"Quaquaval ex","","52"
"Quaquaval ex","","235"
"Quaquaval ex","","260"
"Quaquaval ex","","273"
"Quaquaval ex","","35"
"Quaquaval ex","","84"
"Quaxly","","52"
"Quaxly","","49"
"Quaxly","","50"
"Quaxly","","206"
"Quaxly","","3"
"Quaxly","","82"
"Quaxwell","","53"
"Quaxwell","","51"
"Quaxwell","","207"
"Quaxwell","","83"
"Quick Ball","","114"
"Quick Ball","","86"
"Quick Ball","","179"
"Quick Ball","","216"
"Quick Ball","","237"
"Quilava","","49"
"Quilava","","60"
"Quilava","","91"
"Quilava","","45"
"Quilava","","51"
"Quilava","","46"
"Quilava","","47"
"Quilava","","41"
"Quilava","","24"
"Quilava","","19"
"Quilava δ","","36"
"Quilladin","","4"
"Quilladin","","13"
"Quilladin","","10"
"Qwilfish","","101"
"Qwilfish","","127"
"Qwilfish","","27"
"Qwilfish","","50"
"Qwilfish","","49"
"Qwilfish","","21"
"Qwilfish","","51"
"Qwilfish","","60"
"R Energy","","95"
"Raboot","","27"
"Raboot","","37"
"Raboot","","147"
"Raboot","","32"
"Raboot","","33"
"Raboot","","SV016"
"Rabsca","","99"
"Rabsca","","215"
"Rabsca","","163"
"Rabsca","","24"
"Rabsca","","14"
"Rabsca ex","","25"
"Radiant Alakazam","","59"
"Radiant Blastoise","","18"
"Radiant Charizard","","11"
"Radiant Charizard","","20"
"Radiant Charjabug","","51"
"Radiant Eevee","","SWSH230"
"Radiant Eternatus","","105"
"Radiant Gardevoir","","69"
"Radiant Greninja","","46"
"Radiant Hawlucha","","81"
"Radiant Heatran","","27"
"Radiant Hisuian Sneasler","","123"
"Radiant Jirachi","","120"
"Radiant Steelix","","124"
"Radiant Tsareena","","16"
"Radiant Venusaur","","4"
"Radio Tower","","95"
"Raging Bolt","","111"
"Raging Bolt ex","","123"
"Raging Bolt ex","","196"
"Raging Bolt ex","","208"
"Raging Bolt ex","","218"
"Raging Bolt ex","","166"
"Raging Bolt ex","","145"
"Raichu","","14"
"Raichu","","29"
"Raichu","","16"
"Raichu","","40"
"Raichu","","BW78"
"Raichu","","15"
"Raichu","","45"
"Raichu","","8"
"Raichu","","DP21"
"Raichu","","25"
"Raichu","","61"
"Raichu","","27"
"Raichu","","H25"
"Raichu","","51"
"Raichu","","12"
"Raichu","","13"
"Raichu","","RC9"
"Raichu","","10"
"Raichu","","33"
"Raichu","","83"
"Raichu","","56"
"Raichu","","21"
"Raichu","","77"
"Raichu","","3"
"Raichu","","55"
"Raichu","","67"
"Raichu","","41"
"Raichu","","64"
"Raichu","","211"
"Raichu","","26"
"Raichu","","19"
"Raichu","","132"
"Raichu","","52"
"Raichu","","66"
"Raichu","","53"
"Raichu","","50"
"Raichu","","43"
"Raichu","","36"
"Raichu","","28"
"Raichu","","49"
"Raichu & Alolan Raichu-GX","","54"
"Raichu & Alolan Raichu-GX","","220"
"Raichu & Alolan Raichu-GX","","221"
"Raichu & Alolan Raichu-GX","","241"
"Raichu BREAK","","50"
"Raichu ex","","98"
"Raichu ex","","97"
"Raichu GL","","31"
"Raichu LV.X","","99"
"Raichu V","","45"
"Raichu V","","158"
"Raichu δ","","15"
"Raichu-GX","","20"
"Raichu-GX","","29"
"Raichu-GX","","75"
"Raichu-GX","","SM90"
"Raichu-GX","","SM213"
"Raifort","","161"
"Raifort","","142"
"Raihan","","140"
"Raihan","","GG65"
"Raihan","","TG27"
"Raihan","","152"
"Raihan","","202"
"Raihan","","224"
"Raikou","","SL9"
"Raikou","","16"
"Raikou","","28"
"Raikou","","H26"
"Raikou","","HGSS19"
"Raikou","","48"
"Raikou","","13"
"Raikou","","22"
"Raikou","","3"
"Raikou","","32"
"Raikou","","79"
"Raikou","","SM150"
"Raikou","","50"
"Raikou","","55"
"Raikou & Suicune LEGEND","","92"
"Raikou & Suicune LEGEND","","93"
"Raikou ★","","114"
"Raikou ex","","92"
"Raikou V","","GG41"
"Raikou V","","48"
"Raikou-EX","","38"
"Raikou-EX","","105"
"Raikou-GX","","SM121"
"Rain Castform","","26"
"Rain Castform","","23"
"Rainbow Brush","","141"
"Rainbow Brush","","182"
"Rainbow Energy","","17"
"Rainbow Energy","","80"
"Rainbow Energy","","144"
"Rainbow Energy","","95"
"Rainbow Energy","","81"
"Rainbow Energy","","104"
"Rainbow Energy","","121"
"Rainbow Energy","","137"
"Rainbow Energy","","151"
"Rainbow Energy","","183"
"Rainbow Energy","","131"
"Rainbow Energy","","152"
"Ralts","","59"
"Ralts","","RC8"
"Ralts","","55"
"Ralts","","102"
"Ralts","","66"
"Ralts","","67"
"Ralts","","68"
"Ralts","","81"
"Ralts","","60"
"Ralts","","74"
"Ralts","","61"
"Ralts","","58"
"Ralts","","87"
"Ralts","","89"
"Ralts","","15"
"Ralts","","80"
"Ralts","","91"
"Ralts","","139"
"Ralts","","SV34"
"Ralts","","84"
"Ralts","","211"
"Ralts","","27"
"Ralts","","153"
"Ralts","","52"
"Ralts","","100"
"Ralts δ","","61"
"Rampardos","","33"
"Rampardos","","13"
"Rampardos","","5"
"Rampardos","","65"
"Rampardos","","77"
"Rampardos GL","","11"
"Random Receiver","","99"
"Random Receiver","","138"
"Random Receiver","","109"
"Rapid Strike Energy","","140"
"Rapid Strike Energy","","182"
"Rapid Strike Scroll of Swirls","","131"
"Rapid Strike Scroll of the Flying Dragon","","153"
"Rapid Strike Scroll of the Skies","","151"
"Rapid Strike Style Mustard","","132"
"Rapid Strike Style Mustard","","162"
"Rapid Strike Style Mustard","","176"
"Rapid Strike Style Mustard","","TG27"
"Rapid Strike Urshifu","","44"
"Rapid Strike Urshifu V","","87"
"Rapid Strike Urshifu V","","152"
"Rapid Strike Urshifu V","","153"
"Rapid Strike Urshifu V","","TG20"
"Rapid Strike Urshifu V","","SWSH107"
"Rapid Strike Urshifu VMAX","","88"
"Rapid Strike Urshifu VMAX","","169"
"Rapid Strike Urshifu VMAX","","170"
"Rapid Strike Urshifu VMAX","","TG21"
"Rapid Strike Urshifu VMAX","","TG30"
"Rapidash","","44"
"Rapidash","","60"
"Rapidash","","51"
"Rapidash","","59"
"Rapidash","","22"
"Rapidash","","26"
"Rapidash","","62"
"Rapidash","","31"
"Rapidash","","52"
"Rapidash","","13"
"Rapidash","","15"
"Rapidash","","8"
"Rapidash","","28"
"Rapidash","","47"
"Rapidash","","24"
"Rapidash","","18"
"Rapidash","","30"
"Rapidash","","189"
"Rapidash","","78"
"Rapidash","","27"
"Rapidash","","20"
"Rapidash","","SWSH270"
"Rapidash","","17"
"Rapidash E4","","47"
"Rare Candy","","85"
"Rare Candy","","105"
"Rare Candy","","100"
"Rare Candy","","102"
"Rare Candy","","90"
"Rare Candy","","88"
"Rare Candy","","83"
"Rare Candy","","82"
"Rare Candy","","125"
"Rare Candy","","175"
"Rare Candy","","69"
"Rare Candy","","7"
"Rare Candy","","10"
"Rare Candy","","129"
"Rare Candy","","165"
"Rare Candy","","142"
"Rare Candy","","191"
"Rare Candy","","256"
"Rare Candy","","89"
"Rare Candy","","180"
"Rare Candy","","141"
"Rare Candy","","135"
"Rare Fossil","","167"
"Raticate","","40"
"Raticate","","58"
"Raticate","","61"
"Raticate","","105"
"Raticate","","88"
"Raticate","","89"
"Raticate","","48"
"Raticate","","34"
"Raticate","","29"
"Raticate","","6"
"Raticate","","144"
"Raticate","","20"
"Raticate","","67"
"Raticate BREAK","","89"
"Raticate G","","78"
"Rattata","","61"
"Rattata","","89"
"Rattata","","66"
"Rattata","","104"
"Rattata","","87"
"Rattata","","103"
"Rattata","","128"
"Rattata","","90"
"Rattata","","77"
"Rattata","","71"
"Rattata","","72"
"Rattata","","64"
"Rattata","","73"
"Rattata","","15"
"Rattata","","143"
"Rattata","","19"
"Rayquaza","","93"
"Rayquaza","","128"
"Rayquaza","","20"
"Rayquaza","","SL10"
"Rayquaza","","14"
"Rayquaza","","11"
"Rayquaza","","22"
"Rayquaza","","9"
"Rayquaza","","153"
"Rayquaza","","3"
"Rayquaza","","106"
"Rayquaza","","138"
"Rayquaza","","SWSH029"
"Rayquaza","","XY64"
"Rayquaza","","XY141"
"Rayquaza & Deoxys LEGEND","","89"
"Rayquaza & Deoxys LEGEND","","90"
"Rayquaza ★","","107"
"Rayquaza C","","8"
"Rayquaza C LV.X","","DP47"
"Rayquaza C LV.X","","146"
"Rayquaza ex","","97"
"Rayquaza ex","","102"
"Rayquaza ex","","39"
"Rayquaza ex δ","","97"
"Rayquaza Spirit Link","","87"
"Rayquaza V","","100"
"Rayquaza V","","110"
"Rayquaza V","","193"
"Rayquaza V","","194"
"Rayquaza V","","SWSH147"
"Rayquaza VMAX","","101"
"Rayquaza VMAX","","102"
"Rayquaza VMAX","","TG20"
"Rayquaza VMAX","","TG29"
"Rayquaza VMAX","","111"
"Rayquaza VMAX","","217"
"Rayquaza VMAX","","218"
"Rayquaza δ","","13"
"Rayquaza δ","","16"
"Rayquaza δ","","26"
"Rayquaza-EX","","85"
"Rayquaza-EX","","123"
"Rayquaza-EX","","BW47"
"Rayquaza-EX","","60"
"Rayquaza-EX","","75"
"Rayquaza-EX","","104"
"Rayquaza-EX","","XY66"
"Rayquaza-EX","","XY69"
"Rayquaza-EX","","XY73"
"Rayquaza-GX","","109"
"Rayquaza-GX","","160"
"Rayquaza-GX","","177"
"Rayquaza-GX","","177a"
"React Energy","","82"
"Reboot Pod","","158"
"Recall","","116"
"Recover Energy","","96"
"Recycle","","61"
"Recycle","","96"
"Recycle Energy","","105"
"Recycle Energy","","212"
"Recycle Energy","","257"
"Red & Blue","","202"
"Red & Blue","","234"
"Red Card","","71"
"Red Card","","124"
"Red's Challenge","","184"
"Red's Challenge","","213"
"Redeemable Ticket","","156"
"Regenerative Energy","","168"
"Regice","","36"
"Regice","","27"
"Regice","","28"
"Regice","","45"
"Regice","","42"
"Regice","","37"
"Regice","","24"
"Regice ★","","90"
"Regice ex","","97"
"Regice ex","","98"
"Regice ex","","48"
"Regidrago","","118"
"Regidrago","","124"
"Regidrago V","","135"
"Regidrago V","","183"
"Regidrago V","","184"
"Regidrago V","","SWSH281"
"Regidrago VSTAR","","136"
"Regidrago VSTAR","","201"
"Regieleki","","51"
"Regieleki","","60"
"Regieleki V","","57"
"Regieleki V","","175"
"Regieleki V","","SWSH280"
"Regieleki VMAX","","58"
"Regieleki VMAX","","198"
"Regigigas","","15"
"Regigigas","","37"
"Regigigas","","9"
"Regigigas","","DP40"
"Regigigas","","4"
"Regigigas","","84"
"Regigigas","","84a"
"Regigigas","","SM243"
"Regigigas","","86"
"Regigigas","","130"
"Regigigas","","SWSH247"
"Regigigas","","XY82"
"Regigigas FB","","9"
"Regigigas LV.X","","100"
"Regigigas LV.X","","DP30"
"Regigigas V","","113"
"Regigigas VSTAR","","114"
"Regigigas VSTAR","","GG55"
"Regigigas-EX","","82"
"Regigigas-EX","","99"
"Regirock","","38"
"Regirock","","28"
"Regirock","","53"
"Regirock","","80"
"Regirock","","SM74"
"Regirock","","82"
"Regirock","","75"
"Regirock","","89"
"Regirock","","40"
"Regirock","","XY49"
"Regirock ★","","91"
"Regirock ex","","98"
"Regirock ex","","99"
"Regirock ex","","107"
"Regirock ex","","101"
"Regirock ex","","214"
"Regirock V","","104"
"Regirock-EX","","43"
"Regirock-EX","","43a"
"Registeel","","39"
"Registeel","","29"
"Registeel","","68"
"Registeel","","96"
"Registeel","","SM75"
"Registeel","","125"
"Registeel","","108"
"Registeel","","51"
"Registeel ★","","92"
"Registeel ex","","99"
"Registeel ex","","100"
"Registeel ex","","145"
"Registeel-EX","","81"
"Registeel-EX","","122"
"Relic Hunter","","120"
"Relicanth","","24"
"Relicanth","","69"
"Relicanth","","51"
"Relicanth","","30"
"Relicanth","","18"
"Relicanth","","79"
"Relicanth","","SH8"
"Relicanth","","111"
"Relicanth","","84"
"Relicanth","","173"
"Relicanth","","101"
"Relicanth","","44"
"Relicanth","","40"
"Relicanth","","23"
"Rellor","","24"
"Rellor","","25"
"Rellor","","26"
"Rellor","","108"
"Rellor","","23"
"Rellor","","13"
"Remoraid","","18"
"Remoraid","","95"
"Remoraid","","105"
"Remoraid","","71"
"Remoraid","","73"
"Remoraid","","59"
"Remoraid","","50"
"Remoraid","","80"
"Remoraid","","90"
"Remoraid","","22"
"Remoraid","","33"
"Remoraid","","36"
"Remoraid","","31"
"Remoraid","","32"
"Repeat Ball","","136"
"Repel","","126"
"Repel","","130"
"Rescue Board","","159"
"Rescue Board","","225"
"Rescue Board","","126"
"Rescue Carrier","","142"
"Rescue Carrier","","154"
"Rescue Energy","","90"
"Rescue Scarf","","115"
"Rescue Stretcher","","130"
"Rescue Stretcher","","130a"
"Rescue Stretcher","","165"
"Research Record","","84"
"Reserved Ticket","","147"
"Reset Stamp","","206"
"Reset Stamp","","206a"
"Reset Stamp","","253"
"Reshiram","","26"
"Reshiram","","113"
"Reshiram","","28"
"Reshiram","","114"
"Reshiram","","RC22"
"Reshiram","","21"
"Reshiram","","17"
"Reshiram","","BW004"
"Reshiram","","BW23"
"Reshiram","","2"
"Reshiram","","14"
"Reshiram","","22"
"Reshiram","","63"
"Reshiram","","XY74"
"Reshiram & Charizard-GX","","20"
"Reshiram & Charizard-GX","","194"
"Reshiram & Charizard-GX","","217"
"Reshiram & Charizard-GX","","SM201"
"Reshiram & Charizard-GX","","SM247"
"Reshiram & Zekrom-GX","","157"
"Reshiram & Zekrom-GX","","222"
"Reshiram & Zekrom-GX","","259"
"Reshiram ex","","20"
"Reshiram ex","","158"
"Reshiram ex","","166"
"Reshiram ex","","173"
"Reshiram ex","","30"
"Reshiram V","","24"
"Reshiram V","","172"
"Reshiram-EX","","29"
"Reshiram-EX","","22"
"Reshiram-EX","","95"
"Reshiram-EX","","BW36"
"Reshiram-GX","","11"
"Reshiram-GX","","65"
"Reshiram-GX","","71"
"Reshiram-GX","","SV51"
"Reshiram-GX","","SM137"
"Resistance Gym","","109"
"Retro Energy","","144"
"Return Label","","153"
"Reuniclus","","57"
"Reuniclus","","44"
"Reuniclus","","76"
"Reuniclus","","52"
"Reuniclus","","53"
"Reuniclus","","126"
"Reuniclus","","72"
"Reuniclus","","171"
"Reuniclus","","78"
"Reuniclus","","35"
"Reuniclus","","39"
"Revavroom","","142"
"Revavroom","","65"
"Revavroom","","193"
"Revavroom","","125"
"Revavroom","","109"
"Revavroom","","8"
"Revavroom","","121"
"Revavroom ex","","156"
"Revavroom ex","","216"
"Revavroom ex","","224"
"Revavroom ex","","15"
"Revavroom ex","","81"
"Reversal Energy","","192"
"Reversal Energy","","266"
"Reversal Trigger","","86"
"Reverse Valley","","110"
"Revitalizer","","70"
"Revive","","89"
"Revive","","102"
"Revive","","85"
"Revive","","88"
"Rhydon","","45"
"Rhydon","","59"
"Rhydon","","35"
"Rhydon","","60"
"Rhydon","","29"
"Rhydon","","H27"
"Rhydon","","46"
"Rhydon","","19"
"Rhydon","","80"
"Rhydon","","94"
"Rhydon","","66"
"Rhydon","","112"
"Rhydon","","75"
"Rhydon","","98"
"Rhydon","","90"
"Rhydon","","61"
"Rhyhorn","","61"
"Rhyhorn","","90"
"Rhyhorn","","95"
"Rhyhorn","","91"
"Rhyhorn","","70"
"Rhyhorn","","62"
"Rhyhorn","","49"
"Rhyhorn","","8"
"Rhyhorn","","122"
"Rhyhorn","","92"
"Rhyhorn","","93"
"Rhyhorn","","65"
"Rhyhorn","","111"
"Rhyhorn","","74"
"Rhyhorn","","96"
"Rhyhorn","","97"
"Rhyhorn","","89"
"Rhyhorn","","60"
"Rhyperior","","12"
"Rhyperior","","10"
"Rhyperior","","95"
"Rhyperior","","67"
"Rhyperior","","76"
"Rhyperior","","99"
"Rhyperior","","91"
"Rhyperior","","62"
"Rhyperior","","77"
"Rhyperior E4","","32"
"Rhyperior LV.X","","145"
"Rhyperior LV.X","","DP29"
"Rhyperior V","","95"
"Rhyperior V","","181"
"Ribbon Badge","","155"
"Ribombee","","93"
"Ribombee","","96"
"Ribombee","","146"
"Ribombee","","76"
"Ribombee","","79"
"Rigid Band","","165"
"Rika","","172"
"Rika","","241"
"Rika","","258"
"Riley","","166"
"Rillaboom","","16"
"Rillaboom","","14"
"Rillaboom","","15"
"Rillaboom","","197"
"Rillaboom","","13"
"Rillaboom","","SV006"
"Rillaboom","","18"
"Rillaboom","","SWSH006"
"Rillaboom","","SWSH277"
"Rillaboom V","","17"
"Rillaboom V","","175"
"Rillaboom V","","SV105"
"Rillaboom V","","22"
"Rillaboom V","","SWSH014"
"Rillaboom VMAX","","18"
"Rillaboom VMAX","","193"
"Rillaboom VMAX","","SV106"
"Rillaboom VMAX","","23"
"Riolu","","79"
"Riolu","","63"
"Riolu","","75"
"Riolu","","76"
"Riolu","","BW33"
"Riolu","","50"
"Riolu","","61"
"Riolu","","117"
"Riolu","","60"
"Riolu","","112"
"Riolu","","91"
"Riolu","","8"
"Riolu","","16"
"Riolu","","102"
"Riolu","","115"
"Riolu","","116"
"Riolu","","70"
"Riolu","","66"
"Riolu","","SV21"
"Riolu","","113"
"Riolu","","215"
"Riolu","","173"
"Riolu","","81"
"Riolu","","71"
"Riolu","","GG26"
"Riolu","","90"
"Riolu","","78"
"Riolu","","45"
"Riolu","","46"
"Risky Ruins","","127"
"Rival","","113"
"Rival","","124"
"Roaring Moon","","109"
"Roaring Moon","","65"
"Roaring Moon ex","","124"
"Roaring Moon ex","","229"
"Roaring Moon ex","","251"
"Roaring Moon ex","","262"
"Roaring Moon ex","","162"
"Roaring Moon ex","","67"
"Roark","","173"
"Roark","","242"
"Robo Substitute Team Flare Gear","","102"
"Rock Chestplate","","192"
"Rock Guard","","108"
"Rocket's Admin.","","86"
"Rocket's Articuno ex","","96"
"Rocket's Entei ex","","97"
"Rocket's Hideout","","87"
"Rocket's Hideout","","63"
"Rocket's Hitmonchan","","9"
"Rocket's Hitmonchan","","11"
"Rocket's Hitmonchan ex","","98"
"Rocket's Meowth","","46"
"Rocket's Mewtwo","","8"
"Rocket's Mewtwo","","14"
"Rocket's Mewtwo ex","","99"
"Rocket's Minefield Gym","","119"
"Rocket's Mission","","88"
"Rocket's Moltres","","12"
"Rocket's Moltres ex","","100"
"Rocket's Persian ex","","116"
"Rocket's Poké Ball","","89"
"Rocket's Raikou ex","","108"
"Rocket's Scizor","","4"
"Rocket's Scizor ex","","101"
"Rocket's Scyther","","13"
"Rocket's Scyther ex","","102"
"Rocket's Secret Experiment","","120"
"Rocket's Sneak Attack","","16"
"Rocket's Sneak Attack","","72"
"Rocket's Sneasel","","5"
"Rocket's Sneasel ex","","103"
"Rocket's Snorlax","","33"
"Rocket's Snorlax ex","","104"
"Rocket's Suicune ex","","105"
"Rocket's Tricky Gym","","90"
"Rocket's Wobbuffet","","47"
"Rocket's Zapdos","","15"
"Rocket's Zapdos ex","","106"
"Rockruff","","123"
"Rockruff","","73"
"Rockruff","","75"
"Rockruff","","SV23"
"Rockruff","","SM06"
"Rockruff","","SM120"
"Rockruff","","116"
"Rockruff","","89"
"Rockruff","","84"
"Rockruff","","109"
"Rockruff","","TG07"
"Rockruff","","29"
"Rockruff","","94"
"Rockruff","","86"
"Rocky Helmet","","94"
"Rocky Helmet","","133"
"Rocky Helmet","","153"
"Rocky Helmet","","193"
"Rocky Helmet","","159"
"Roggenrola","","49"
"Roggenrola","","50"
"Roggenrola","","65"
"Roggenrola","","46"
"Roggenrola","","127"
"Roggenrola","","69"
"Roggenrola","","86"
"Roggenrola","","48"
"Roller Skater","","203"
"Roller Skater","","235"
"Roller Skates","","125"
"Roller Skates","","103"
"Rolycoly","","118"
"Rolycoly","","93"
"Rolycoly","","105"
"Rolycoly","","31"
"Rolycoly","","SV067"
"Rolycoly","","78"
"Rookidee","","164"
"Rookidee","","225"
"Rookidee","","150"
"Rookidee","","154"
"Rookidee","","SV101"
"Rookidee","","219"
"Root Fossil","","139"
"Root Fossil","","80"
"Root Fossil","","93"
"Root Fossil","","86"
"Root Fossil","","92"
"Root Fossil Lileep","","87"
"Rosa","","204"
"Rosa","","236"
"Rose","","168"
"Rose","","189"
"Rose","","196"
"Rose","","71"
"Rose Tower","","169"
"Roseanne's Backup","","148"
"Roseanne's Backup","","172"
"Roseanne's Backup","","180"
"Roseanne's Research","","125"
"Roseanne's Research","","11"
"Roselia","","12"
"Roselia","","13"
"Roselia","","96"
"Roselia","","62"
"Roselia","","72"
"Roselia","","42"
"Roselia","","9"
"Roselia","","61"
"Roselia","","123"
"Roselia","","4"
"Roselia","","8"
"Roselia","","2"
"Roselia","","3"
"Roselia","","14"
"Roserade","","14"
"Roserade","","15"
"Roserade","","13"
"Roserade","","17"
"Roserade","","23"
"Roserade","","81"
"Roserade","","5"
"Roserade","","9"
"Roserade","","4"
"Roserade","","TG02"
"Roserade C","","40"
"Roserade GL","","12"
"Roto-Stick","","127"
"Rotom","","49"
"Rotom","","7"
"Rotom","","13"
"Rotom","","20"
"Rotom","","92"
"Rotom","","82"
"Rotom","","5"
"Rotom","","86"
"Rotom","","50"
"Rotom","","40"
"Rotom","","69"
"Rotom","","70"
"Rotom","","77"
"Rotom","","197"
"Rotom","","61"
"Rotom","","53"
"Rotom","","34"
"Rotom","","SV038"
"Rotom","","94"
"Rotom","","24"
"Rotom","","29"
"Rotom Bike","","181"
"Rotom Bike","","63"
"Rotom Dex","","131"
"Rotom Dex","","159"
"Rotom Dex Poké Finder Mode","","122"
"Rotom ex","","29"
"Rotom ex","","111"
"Rotom ex","","126"
"Rotom Phone","","64"
"Rotom V","","58"
"Rotom V","","176"
"Rotom V","","177"
"Rotom V","","45"
"Rotom V","","SWSH257"
"Rotom VSTAR","","46"
"Rough Seas","","137"
"Rowlet","","1"
"Rowlet","","7"
"Rowlet","","2"
"Rowlet","","9"
"Rowlet","","17"
"Rowlet","","18"
"Rowlet","","SV2"
"Rowlet","","SM01"
"Rowlet","","SM22"
"Rowlet","","SM153"
"Rowlet","","13"
"Rowlet","","3"
"Rowlet","","19"
"Rowlet","","11"
"Rowlet","","6"
"Rowlet","","SV001"
"Rowlet","","SWSH220"
"Rowlet & Alolan Exeggutor-GX","","1"
"Rowlet & Alolan Exeggutor-GX","","214"
"Rowlet & Alolan Exeggutor-GX","","215"
"Rowlet & Alolan Exeggutor-GX","","237"
"Roxanne","","150"
"Roxanne","","188"
"Roxanne","","206"
"Roxanne","","GG66"
"Roxie","","205"
"Rubber Gloves","","156"
"Ruffian","","157"
"Ruffian","","181"
"Rufflet","","86"
"Rufflet","","87"
"Rufflet","","111"
"Rufflet","","115"
"Rufflet","","177"
"Rufflet","","152"
"Rufflet","","131"
"Rufflet","","148"
"Rufflet","","136"
"Rufflet","","92"
"Rufflet","","129"
"Rufflet","","77"
"Rufflet","","154"
"Rugged Helmet","","152"
"Rugged Helmet","","228"
"Ruin Wall","","74"
"Ruins of Alph","","76"
"Rusted Shield","","61"
"Rusted Sword","","62"
"Ryme","","194"
"Ryme","","221"
"Sableye","","61"
"Sableye","","62"
"Sableye","","49"
"Sableye","","63"
"Sableye","","48"
"Sableye","","31"
"Sableye","","10"
"Sableye","","22"
"Sableye","","23"
"Sableye","","35"
"Sableye","","59"
"Sableye","","133"
"Sableye","","80"
"Sableye","","88"
"Sableye","","96"
"Sableye","","136"
"Sableye","","184"
"Sableye","","107"
"Sableye","","70"
"Sableye","","105"
"Sableye","","67"
"Sableye","","68"
"Sableye","","44"
"Sableye","","XY92"
"Sableye G","","41"
"Sableye V","","120"
"Sableye V","","194"
"Sabrina","","20"
"Sabrina","","110"
"Sabrina & Brycen","","SM246"
"Sabrina's Abra","","19"
"Sabrina's Abra","","91"
"Sabrina's Abra","","93"
"Sabrina's Abra","","94"
"Sabrina's Alakazam","","16"
"Sabrina's Drowzee","","92"
"Sabrina's Drowzee","","95"
"Sabrina's ESP","","117"
"Sabrina's Gastly","","93"
"Sabrina's Gastly","","96"
"Sabrina's Gastly","","97"
"Sabrina's Gaze","","125"
"Sabrina's Gengar","","14"
"Sabrina's Gengar","","29"
"Sabrina's Golduck","","30"
"Sabrina's Haunter","","58"
"Sabrina's Haunter","","55"
"Sabrina's Hypno","","56"
"Sabrina's Jynx","","59"
"Sabrina's Jynx","","57"
"Sabrina's Kadabra","","58"
"Sabrina's Mr. Mime","","94"
"Sabrina's Mr. Mime","","59"
"Sabrina's Porygon","","98"
"Sabrina's Psychic Control","","121"
"Sabrina's Psyduck","","99"
"Sabrina's Slowbro","","60"
"Sabrina's Slowpoke","","95"
"Sabrina's Suggestion","","65"
"Sabrina's Suggestion","","154"
"Sabrina's Suggestion","","181"
"Sabrina's Venomoth","","34"
"Sabrina's Venonat","","96"
"Sacred Ash","","168"
"Sacred Ash","","96"
"Sacred Charm","","93"
"Sacred Charm","","122"
"Saffron City Gym","","122"
"Sage's Training","","85"
"Sage's Training","","77"
"Saguaro","","187"
"Saguaro","","255"
"Saguaro","","270"
"Sail Fossil","","98"
"Salamence","","64"
"Salamence","","18"
"Salamence","","24"
"Salamence","","8"
"Salamence","","10"
"Salamence","","19"
"Salamence","","106"
"Salamence","","SM140"
"Salamence","","109"
"Salamence","","57"
"Salamence","","XY59"
"Salamence ex","","96"
"Salamence ex","","103"
"Salamence ex","","114"
"Salamence ex","","177"
"Salamence ex","","187"
"Salamence ex δ","","98"
"Salamence LV.X","","98"
"Salamence Spirit Link","","XY172"
"Salamence V","","143"
"Salamence V","","185"
"Salamence VMAX","","144"
"Salamence VMAX","","194"
"Salamence δ","","14"
"Salamence-EX","","XY170"
"Salamence-GX","","44"
"Salamence-GX","","73"
"Salamence-GX","","SM139"
"Salandit","","34"
"Salandit","","30"
"Salandit","","33"
"Salandit","","98"
"Salandit","","15"
"Salandit","","46"
"Salandit","","25"
"Salandit","","13"
"Salandit","","SM154"
"Salandit","","139"
"Salandit","","23"
"Salandit","","27"
"Salazzle","","35"
"Salazzle","","224"
"Salazzle","","31"
"Salazzle","","34"
"Salazzle","","99"
"Salazzle","","16"
"Salazzle","","47"
"Salazzle","","26"
"Salazzle","","14"
"Salazzle","","SM73"
"Salazzle","","140"
"Salazzle","","24"
"Salazzle","","28"
"Salazzle-GX","","25"
"Salazzle-GX","","132"
"Salazzle-GX","","151"
"Salazzle-GX","","SM63"
"Salvatore","","160"
"Salvatore","","202"
"Salvatore","","212"
"Samson Oak","","185"
"Samurott","","31"
"Samurott","","32"
"Samurott","","39"
"Samurott","","41"
"Samurott","","BW22"
"Samurott","","23"
"Samurott","","107"
"Samurott","","35"
"Sandaconda","","120"
"Sandaconda","","109"
"Sandaconda","","110"
"Sandaconda","","SV071"
"Sandaconda","","82"
"Sandaconda V","","108"
"Sandaconda V","","184"
"Sandaconda V","","89"
"Sandaconda V","","175"
"Sandaconda V","","252"
"Sandaconda VMAX","","90"
"Sandaconda VMAX","","206"
"Sandile","","63"
"Sandile","","60"
"Sandile","","64"
"Sandile","","68"
"Sandile","","8"
"Sandile","","83"
"Sandile","","113"
"Sandile","","114"
"Sandile","","115"
"Sandile","","216"
"Sandile","","111"
"Sandile","","107"
"Sandile","","69"
"Sandile","","56"
"Sandile","","57"
"Sandile","","135"
"Sandshrew","","62"
"Sandshrew","","91"
"Sandshrew","","78"
"Sandshrew","","96"
"Sandshrew","","92"
"Sandshrew","","82"
"Sandshrew","","75"
"Sandshrew","","74"
"Sandshrew","","79"
"Sandshrew","","68"
"Sandshrew","","124"
"Sandshrew","","83"
"Sandshrew","","27"
"Sandshrew","","97"
"Sandshrew","","131"
"Sandshrew","","54"
"Sandslash","","41"
"Sandslash","","62"
"Sandslash","","79"
"Sandslash","","61"
"Sandslash","","93"
"Sandslash","","21"
"Sandslash","","29"
"Sandslash","","69"
"Sandslash","","42"
"Sandslash","","84"
"Sandslash","","28"
"Sandslash","","98"
"Sandslash","","132"
"Sandslash","","76"
"Sandslash δ","","27"
"Sandy Shocks","","98"
"Sandy Shocks ex","","108"
"Sandy Shocks ex","","228"
"Sandy Shocks ex","","250"
"Sandy Shocks ex","","56"
"Sandy Shocks ex","","159"
"Sandygast","","74"
"Sandygast","","126"
"Sandygast","","61"
"Sandygast","","95"
"Sandygast","","214"
"Sandygast","","91"
"Sandygast","","90"
"Sandygast","","99"
"Sandygast","","81"
"Sandygast","","125"
"Sawk","","62"
"Sawk","","52"
"Sawk","","59"
"Sawk","","69"
"Sawk","","49"
"Sawk","","130"
"Sawk","","72"
"Sawk","","81"
"Sawsbuck","","14"
"Sawsbuck","","16"
"Sawsbuck","","7"
"Sawsbuck","","92"
"Sawsbuck","","17"
"Sawsbuck","","166"
"Sawsbuck","","12"
"Scatterbug","","5"
"Scatterbug","","6"
"Scatterbug","","8"
"Scatterbug","","11"
"Scatterbug","","15"
"Scatterbug","","13"
"Sceptile","","8"
"Sceptile","","10"
"Sceptile","","11"
"Sceptile","","20"
"Sceptile","","30"
"Sceptile","","31"
"Sceptile","","4"
"Sceptile","","5"
"Sceptile","","10a"
"Sceptile","","9"
"Sceptile ex","","93"
"Sceptile ex δ","","96"
"Sceptile Spirit Link","","80"
"Sceptile-EX","","7"
"Sceptile-EX","","84"
"Sceptile-EX","","XY53"
"Sceptile-GX","","22"
"Sceptile-GX","","196"
"Sceptile-GX","","216"
"Schoolboy","","238"
"Schoolboy","","261"
"Schoolboy","","276"
"Schoolgirl","","239"
"Schoolgirl","","262"
"Schoolgirl","","277"
"Scizor","","33"
"Scizor","","94"
"Scizor","","29"
"Scizor","","25"
"Scizor","","32"
"Scizor","","H21"
"Scizor","","7"
"Scizor","","84"
"Scizor","","10"
"Scizor","","126"
"Scizor","","141"
"Scizor","","205"
"Scizor","","191"
"Scizor","","86"
"Scizor","","128"
"Scizor E4","","48"
"Scizor ex","","108"
"Scizor ex","","111"
"Scizor ex","","195"
"Scizor Spirit Link","","111"
"Scizor V","","118"
"Scizor V","","183"
"Scizor VMAX","","119"
"Scizor VMAX","","193"
"Scizor-EX","","76"
"Scizor-EX","","119"
"Scizor-GX","","90"
"Scizor-GX","","158"
"Scizor-GX","","175"
"Scizor-GX","","SV72"
"Scolipede","","54"
"Scolipede","","40"
"Scolipede","","74"
"Scolipede","","58"
"Scolipede","","117"
"Scolipede","","107"
"Scolipede","","53"
"Scolipede","","56"
"Scolipede","","134"
"Scoop Up","","78"
"Scoop Up","","107"
"Scoop Up","","104"
"Scoop Up Cyclone","","95"
"Scoop Up Cyclone","","162"
"Scoop Up Cyclone","","128"
"Scoop Up Net","","165"
"Scoop Up Net","","207"
"Scorbunny","","16"
"Scorbunny","","26"
"Scorbunny","","36"
"Scorbunny","","225"
"Scorbunny","","30"
"Scorbunny","","31"
"Scorbunny","","SV015"
"Scorbunny","","SWSH002"
"Scorbunny","","SWSH071"
"Scorbunny","","SWSH244"
"Scorbunny on the Ball","","4"
"Scorched Earth","","110"
"Scorched Earth","","138"
"Scott","","81"
"Scott","","84"
"Scovillain","","29"
"Scovillain","","202"
"Scovillain","","25"
"Scovillain","","107"
"Scovillain ex","","22"
"Scovillain ex","","37"
"Scovillain ex","","216"
"Scrafty","","69"
"Scrafty","","74"
"Scrafty","","68"
"Scrafty","","86"
"Scrafty","","58"
"Scrafty","","139"
"Scrafty","","138"
"Scrafty","","51"
"Scrafty","","61"
"Scrafty","","42"
"Scrafty","","99"
"Scrafty","","59"
"Scrafty","","67"
"Scraggy","","68"
"Scraggy","","73"
"Scraggy","","67"
"Scraggy","","85"
"Scraggy","","BW25"
"Scraggy","","10"
"Scraggy","","7"
"Scraggy","","134"
"Scraggy","","57"
"Scraggy","","138"
"Scraggy","","137"
"Scraggy","","50"
"Scraggy","","60"
"Scraggy","","41"
"Scraggy","","98"
"Scraggy","","58"
"Scraggy","","66"
"Scramble Energy","","89"
"Scramble Energy","","95"
"Scramble Energy","","10"
"Scramble Switch","","129"
"Scramble Switch","","186"
"Scream Tail","","86"
"Scream Tail","","77"
"Scream Tail","","42"
"Scream Tail","","65"
"Scream Tail ex","","94"
"Scream Tail ex","","197"
"Scyther","","10"
"Scyther","","26"
"Scyther","","17"
"Scyther","","45"
"Scyther","","4"
"Scyther","","7"
"Scyther","","46"
"Scyther","","49"
"Scyther","","57"
"Scyther","","106"
"Scyther","","29"
"Scyther","","36"
"Scyther","","65"
"Scyther","","55"
"Scyther","","130"
"Scyther","","5"
"Scyther","","3"
"Scyther","","SV1"
"Scyther","","123"
"Scyther","","95"
"Scyther","","1"
"Scyther","","6"
"Scyther ex","","102"
"Sea of Nothingness","","99"
"Seadra","","42"
"Seadra","","63"
"Seadra","","19"
"Seadra","","70"
"Seadra","","58"
"Seadra","","39"
"Seadra","","40"
"Seadra","","48"
"Seadra","","30"
"Seadra","","17"
"Seadra","","117"
"Seadra","","31"
"Seadra","","11"
"Seadra","","36"
"Seadra","","32"
"Seadra δ","","52"
"Seadra δ","","22"
"Seadra δ","","37"
"Seaking","","46"
"Seaking","","60"
"Seaking","","62"
"Seaking","","59"
"Seaking","","21"
"Seaking","","24"
"Seaking","","37"
"Seaking","","43"
"Seaking","","49"
"Seaking","","119"
"Seaking","","45"
"Seaking","","47"
"Seaking","","28"
"Sealeo","","30"
"Sealeo","","62"
"Sealeo","","43"
"Sealeo","","37"
"Sealeo","","47"
"Sealeo","","77"
"Sealeo","","51"
"Sealeo","","44"
"Sealeo","","38"
"Sealeo","","25"
"Secret Box","","163"
"Secret Mission","","118"
"Seedot","","2"
"Seedot","","97"
"Seedot","","61"
"Seedot","","60"
"Seedot","","76"
"Seedot","","77"
"Seedot","","71"
"Seedot","","13"
"Seedot","","78"
"Seedot","","11"
"Seedot","","12"
"Seedot","","3"
"Seedot","","10"
"Seedot","","5"
"Seedot","","9"
"Seedot","","4"
"Seeker","","88"
"Seel","","41"
"Seel","","61"
"Seel","","92"
"Seel","","97"
"Seel","","94"
"Seel","","95"
"Seel","","78"
"Seel","","21"
"Seel","","81"
"Seel","","125"
"Seel","","44"
"Seel","","86"
"Seel","","33"
"Seel","","29"
"Seel","","15"
"Seel","","28"
"Seel δ","","62"
"Seer","","133"
"Seismitoad","","42"
"Seismitoad","","24"
"Seismitoad","","36"
"Seismitoad","","26"
"Seismitoad","","117"
"Seismitoad","","52"
"Seismitoad","","46"
"Seismitoad","","90"
"Seismitoad","","35"
"Seismitoad","","21"
"Seismitoad","","105"
"Seismitoad-EX","","20"
"Seismitoad-EX","","106"
"Sentret","","104"
"Sentret","","107"
"Sentret","","62"
"Sentret","","75"
"Sentret","","80"
"Sentret","","71"
"Sentret","","63"
"Sentret","","16"
"Sentret","","118"
"Sentret","","135"
"Sentret","","81"
"Serena","","164"
"Serena","","193"
"Serena","","207"
"Serperior","","5"
"Serperior","","6"
"Serperior","","8"
"Serperior","","RC3"
"Serperior","","125"
"Serperior","","13"
"Serperior","","BW20"
"Serperior","","7"
"Serperior ex","","3"
"Serperior ex","","156"
"Serperior ex","","164"
"Serperior V","","7"
"Serperior V","","170"
"Serperior V","","TG13"
"Serperior VSTAR","","8"
"Serperior VSTAR","","196"
"Serperior VSTAR","","210"
"Servine","","3"
"Servine","","4"
"Servine","","7"
"Servine","","RC2"
"Servine","","12"
"Servine","","1"
"Servine","","6"
"Servine","","2"
"Servine","","88"
"Seviper","","51"
"Seviper","","52"
"Seviper","","32"
"Seviper","","23"
"Seviper","","11"
"Seviper","","20"
"Seviper","","62"
"Seviper","","61"
"Seviper","","50"
"Seviper","","SV15"
"Seviper","","SM46"
"Seviper","","128"
"Seviper","","137"
"Seviper","","116"
"Seviper","","102"
"Sewaddle","","9"
"Sewaddle","","10"
"Sewaddle","","3"
"Sewaddle","","4"
"Sewaddle","","1"
"Sewaddle","","8"
"Sewaddle","","87"
"Sewaddle","","6"
"Sewaddle","","7"
"Sewaddle","","5"
"Shadow Circle","","126"
"Shadow Rider Calyrex V","","TG17"
"Shadow Rider Calyrex V","","74"
"Shadow Rider Calyrex V","","171"
"Shadow Rider Calyrex V","","172"
"Shadow Rider Calyrex V","","SWSH131"
"Shadow Rider Calyrex VMAX","","TG18"
"Shadow Rider Calyrex VMAX","","TG30"
"Shadow Rider Calyrex VMAX","","75"
"Shadow Rider Calyrex VMAX","","204"
"Shadow Rider Calyrex VMAX","","205"
"Shadow Triad","","102"
"Sharpedo","","33"
"Sharpedo","","37"
"Sharpedo","","22"
"Sharpedo","","38"
"Sharpedo","","30"
"Sharpedo","","49"
"Sharpedo","","82"
"Sharpedo","","111"
"Sharpedo","","28"
"Sharpedo","","47"
"Sharpedo","","43"
"Sharpedo","","12"
"Sharpedo","","36"
"Sharpedo","","163"
"Sharpedo ex","","104"
"Sharpedo Spirit Link","","XY201"
"Sharpedo δ","","53"
"Sharpedo-EX","","91"
"Sharpedo-EX","","152"
"Shauna","","72"
"Shauna","","240"
"Shauna","","263"
"Shauna","","278"
"Shauna","","127"
"Shauna","","111"
"Shauna","","111a"
"Shauna","","104"
"Shauntal","","174"
"Shauntal","","243"
"Shaymin","","10"
"Shaymin","","8"
"Shaymin","","14"
"Shaymin","","15"
"Shaymin","","38"
"Shaymin","","7"
"Shaymin","","111"
"Shaymin","","33"
"Shaymin","","185"
"Shaymin","","13"
"Shaymin","","87"
"Shaymin","","115"
"Shaymin","","123"
"Shaymin","","XY115"
"Shaymin","","XY188"
"Shaymin ◇","","10"
"Shaymin LV.X","","DP39"
"Shaymin LV.X","","126"
"Shaymin LV.X","","127"
"Shaymin V","","13"
"Shaymin V","","152"
"Shaymin VSTAR","","14"
"Shaymin VSTAR","","173"
"Shaymin-EX","","RC21"
"Shaymin-EX","","5"
"Shaymin-EX","","94"
"Shaymin-EX","","77"
"Shaymin-EX","","77a"
"Shaymin-EX","","106"
"Shaymin-EX","","XY148"
"Shedinja","","48"
"Shedinja","","40"
"Shedinja","","11"
"Shedinja","","14"
"Shedinja","","61"
"Shedinja","","144"
"Shedinja","","44"
"Shedinja","","95"
"Shedinja","","66"
"Shelgon","","63"
"Shelgon","","64"
"Shelgon","","50"
"Shelgon","","7"
"Shelgon","","39"
"Shelgon","","20"
"Shelgon","","41"
"Shelgon","","42"
"Shelgon","","45"
"Shelgon","","48"
"Shelgon","","105"
"Shelgon","","43"
"Shelgon","","113"
"Shelgon","","108"
"Shelgon","","56"
"Shelgon δ","","53"
"Shelgon δ","","54"
"Shelgon δ","","38"
"Shellder","","54"
"Shellder","","105"
"Shellder","","129"
"Shellder","","79"
"Shellder","","19"
"Shellder","","33"
"Shellder","","90"
"Shellder","","40"
"Shellder","","50"
"Shellder","","31"
"Shellder","","22"
"Shellder","","23"
"Shellder δ","","63"
"Shellos","","29"
"Shellos","","46"
"Shellos","","39"
"Shellos","","28"
"Shellos East Sea","","106"
"Shellos East Sea","","73"
"Shellos East Sea","","79"
"Shellos West Sea","","107"
"Shellos West Sea","","80"
"Shelmet","","7"
"Shelmet","","11"
"Shelmet","","10"
"Shelmet","","8"
"Shelmet","","93"
"Shelmet","","12"
"Shelmet","","9"
"Shelmet","","13"
"Shield Energy","","143"
"Shieldon","","63"
"Shieldon","","DP08"
"Shieldon","","62"
"Shieldon","","84"
"Shieldon","","109"
"Shieldon","","69"
"Shiftry","","72"
"Shiftry","","14"
"Shiftry","","12"
"Shiftry","","22"
"Shiftry","","25"
"Shiftry","","15"
"Shiftry","","13"
"Shiftry","","5"
"Shiftry","","163"
"Shiftry","","97"
"Shiftry","","11"
"Shiftry","","7"
"Shiftry","","73"
"Shiftry","","XY23"
"Shiftry ex","","97"
"Shiftry-GX","","14"
"Shiftry-GX","","152"
"Shiftry-GX","","169"
"Shiinotic","","17"
"Shiinotic","","98"
"Shiinotic","","93"
"Shiinotic","","148"
"Shiinotic","","SM10"
"Shiinotic","","9"
"Shiinotic","","194"
"Shiinotic","","80"
"Shining Arceus","","57"
"Shining Celebi","","106"
"Shining Celebi","","SM79"
"Shining Charizard","","107"
"Shining Genesect","","9"
"Shining Gyarados","","65"
"Shining Ho-Oh","","SM70"
"Shining Jirachi","","42"
"Shining Kabutops","","108"
"Shining Lugia","","SM82"
"Shining Magikarp","","66"
"Shining Mew","","40"
"Shining Mewtwo","","109"
"Shining Noctowl","","110"
"Shining Raichu","","111"
"Shining Rayquaza","","56"
"Shining Steelix","","112"
"Shining Tyranitar","","113"
"Shining Volcanion","","27"
"Shinx","","42"
"Shinx","","43"
"Shinx","","98"
"Shinx","","118"
"Shinx","","DP15"
"Shinx","","126"
"Shinx","","74"
"Shinx","","SH12"
"Shinx","","45"
"Shinx","","46"
"Shinx","","68"
"Shinx","","69"
"Shinx","","135"
"Shinx","","66"
"Shinx","","39"
"Shinx","","40"
"Shinx","","60"
"Shinx","","31"
"Shinx","","91"
"Shinx","","49"
"Shinx","","32"
"Shinx","","44"
"Shopping Center","","157"
"Shrine of Memories","","139"
"Shrine of Punishment","","143"
"Shrine of Punishment","","SV90"
"Shroodle","","91"
"Shroodle","","149"
"Shroodle","","144"
"Shroodle","","145"
"Shroodle","","189"
"Shroodle","","120"
"Shroodle","","99"
"Shroomish","","108"
"Shroomish","","69"
"Shroomish","","78"
"Shroomish","","72"
"Shroomish","","63"
"Shroomish","","RC2"
"Shroomish","","127"
"Shroomish","","5"
"Shroomish","","4"
"Shroomish","","3"
"Shroomish","","6"
"Shroomish","","15"
"Shuckle","","3"
"Shuckle","","109"
"Shuckle","","96"
"Shuckle","","47"
"Shuckle","","11"
"Shuckle","","HGSS15"
"Shuckle","","136"
"Shuckle","","72"
"Shuckle","","51"
"Shuckle","","16"
"Shuckle","","5"
"Shuckle","","85"
"Shuckle","","1"
"Shuckle-GX","","17"
"Shuckle-GX","","195"
"Shuckle-GX","","215"
"Shuppet","","110"
"Shuppet","","63"
"Shuppet","","40"
"Shuppet","","61"
"Shuppet","","43"
"Shuppet","","72"
"Shuppet","","75"
"Shuppet","","90"
"Shuppet","","92"
"Shuppet","","64"
"Shuppet","","SV16"
"Shuppet","","87"
"Shuppet","","59"
"Shuppet","","67"
"Shuppet","","62"
"Shuppet","","30"
"Sidney","","241"
"Sidney","","264"
"Sidney","","279"
"Sidney's Stadium","","82"
"Siebold","","153"
"Siebold","","198"
"Siebold","","221"
"Sightseer","","189"
"Sightseer","","189a"
"Sigilyph","","41"
"Sigilyph","","66"
"Sigilyph","","42"
"Sigilyph","","52"
"Sigilyph","","118"
"Sigilyph","","38"
"Sigilyph","","121"
"Sigilyph","","81"
"Sigilyph","","75"
"Sigilyph","","80"
"Sigilyph","","123"
"Sigilyph","","55"
"Sigilyph-GX","","98"
"Sigilyph-GX","","202"
"Sigilyph-GX","","222"
"Silcoon","","7"
"Silcoon","","63"
"Silcoon","","43"
"Silcoon","","46"
"Silcoon","","12"
"Silcoon","","25"
"Silcoon","","4"
"Silent Lab","","140"
"Silicobra","","119"
"Silicobra","","107"
"Silicobra","","108"
"Silicobra","","SV070"
"Silicobra","","81"
"Silvally","","184"
"Silvally","","SM64"
"Silvally-GX","","184"
"Silvally-GX","","227"
"Silvally-GX","","262"
"Silvally-GX","","90"
"Silvally-GX","","108"
"Silvally-GX","","119"
"Silvally-GX","","116"
"Silvally-GX","","SV79"
"Silvally-GX","","SM91"
"Silver Bangle","","88"
"Silver Mirror","","89"
"Simipour","","34"
"Simipour","","23"
"Simipour","","29"
"Simipour","","37"
"Simipour","","42"
"Simipour","","69"
"Simipour","","38"
"Simipour","","18"
"Simipour","","102"
"Simisage","","8"
"Simisage","","2"
"Simisage","","7"
"Simisage","","13"
"Simisage","","5"
"Simisage","","11"
"Simisage","","6"
"Simisage","","90"
"Simisear","","22"
"Simisear","","19"
"Simisear","","17"
"Simisear","","16"
"Simisear","","20"
"Simisear","","15"
"Simisear","","100"
"Simisear","","23"
"Simisear","","21"
"Simisear","","27"
"Simisear","","38"
"Simisear","","24"
"Simisear V","","22"
"Simisear V","","27"
"Simisear VSTAR","","23"
"Simisear VSTAR","","GG37"
"Single Strike Energy","","141"
"Single Strike Energy","","183"
"Single Strike Scroll of Piercing","","154"
"Single Strike Scroll of Scorn","","133"
"Single Strike Scroll of the Fanged Dragon","","158"
"Single Strike Style Mustard","","134"
"Single Strike Style Mustard","","163"
"Single Strike Style Mustard","","177"
"Single Strike Style Mustard","","TG28"
"Single Strike Urshifu","","108"
"Single Strike Urshifu V","","85"
"Single Strike Urshifu V","","150"
"Single Strike Urshifu V","","151"
"Single Strike Urshifu V","","TG18"
"Single Strike Urshifu V","","SWSH106"
"Single Strike Urshifu VMAX","","86"
"Single Strike Urshifu VMAX","","167"
"Single Strike Urshifu VMAX","","168"
"Single Strike Urshifu VMAX","","TG19"
"Single Strike Urshifu VMAX","","TG29"
"Sinistcha","","22"
"Sinistcha ex","","23"
"Sinistcha ex","","189"
"Sinistcha ex","","210"
"Sinistea","","97"
"Sinistea","","62"
"Sinistea","","89"
"Sinistea","","82"
"Sinistea","","SV052"
"Sitrus Berry","","91"
"Sitrus Berry","","182"
"Sizzlipede","","29"
"Sizzlipede","","36"
"Sizzlipede","","27"
"Sizzlipede","","37"
"Sizzlipede","","38"
"Sizzlipede","","9"
"Sizzlipede","","SV018"
"Sizzlipede","","46"
"Sizzlipede","","47"
"Skarmory","","95"
"Skarmory","","96"
"Skarmory","","87"
"Skarmory","","31"
"Skarmory","","53"
"Skarmory","","51"
"Skarmory","","27"
"Skarmory","","63"
"Skarmory","","97"
"Skarmory","","55"
"Skarmory","","21"
"Skarmory","","26"
"Skarmory","","13"
"Skarmory","","23"
"Skarmory","","88"
"Skarmory","","98"
"Skarmory","","141"
"Skarmory","","142"
"Skarmory","","119"
"Skarmory","","124"
"Skarmory","","209"
"Skarmory","","120"
"Skarmory","","182"
"Skarmory","","59"
"Skarmory","","69"
"Skarmory ex","","98"
"Skarmory FB","","83"
"Skarmory-EX","","80"
"Skarmory-EX","","145"
"Skaters' Park","","242"
"Skeledirge","","38"
"Skeledirge","","31"
"Skeledirge ex","","37"
"Skeledirge ex","","233"
"Skeledirge ex","","258"
"Skeledirge ex","","272"
"Skeledirge ex","","137"
"Skeledirge ex","","34"
"Skeledirge ex","","81"
"Skiddo","","10"
"Skiddo","","9"
"Skiddo","","35"
"Skiddo","","11"
"Skiddo","","17"
"Skiddo","","18"
"Skiddo","","16"
"Skiddo","","XY11"
"Skiploom","","2"
"Skiploom","","65"
"Skiploom","","60"
"Skiploom","","49"
"Skiploom","","51"
"Skiploom","","52"
"Skiploom","","13"
"Skiploom","","97"
"Skiploom","","3"
"Skiploom","","4"
"Skitty","","113"
"Skitty","","109"
"Skitty","","119"
"Skitty","","44"
"Skitty","","70"
"Skitty","","71"
"Skitty","","64"
"Skitty","","41"
"Skitty","","62"
"Skitty","","79"
"Skitty","","12"
"Skitty","","165"
"Skitty","","93"
"Skitty","","120"
"Skitty","","130"
"Skitty","","141"
"Skitty","","210"
"Skitty","","6"
"Skitty","","28"
"Skitty","","104"
"Skorupi","","99"
"Skorupi","","73"
"Skorupi","","76"
"Skorupi","","128"
"Skorupi","","82"
"Skorupi","","54"
"Skorupi","","121"
"Skorupi","","38"
"Skorupi","","53"
"Skrelp","","91"
"Skrelp","","52"
"Skrelp","","81"
"Skrelp","","44"
"Skrelp","","63"
"Skull Fossil","","117"
"Skull Fossil","","120"
"Skuntank","","77"
"Skuntank","","15"
"Skuntank","","26"
"Skuntank","","37"
"Skuntank","","13"
"Skuntank","","76"
"Skuntank","","115"
"Skuntank","","55"
"Skuntank G","","94"
"Skuntank V","","108"
"Skuntank V","","180"
"Skuntank V","","181"
"Skwovet","","151"
"Skwovet","","222"
"Skwovet","","178"
"Skwovet","","205"
"Skwovet","","131"
"Skwovet","","150"
"Skwovet","","152"
"Skwovet","","SV099"
"Skwovet","","127"
"Sky Field","","89"
"Sky Pillar","","144"
"Sky Seal Stone","","143"
"Skyarrow Bridge","","91"
"Skyla","","134"
"Skyla","","149"
"Skyla","","166"
"Skyla","","72"
"Skyla","","148"
"Skyla","","122"
"Slaking","","103"
"Slaking","","18"
"Slaking","","34"
"Slaking","","12"
"Slaking","","13"
"Slaking","","15"
"Slaking","","16"
"Slaking","","170"
"Slaking","","115"
"Slaking","","162"
"Slaking","","131"
"Slaking","","83"
"Slaking ex","","147"
"Slaking ex","","227"
"Slaking V","","58"
"Slaking V","","77"
"Slakoth","","101"
"Slakoth","","99"
"Slakoth","","45"
"Slakoth","","63"
"Slakoth","","80"
"Slakoth","","73"
"Slakoth","","95"
"Slakoth","","167"
"Slakoth","","168"
"Slakoth","","113"
"Slakoth","","160"
"Slakoth","","145"
"Slakoth","","212"
"Slakoth","","129"
"Slakoth","","81"
"Sleep!","","79"
"Sliggoo","","95"
"Sliggoo","","93"
"Sliggoo","","196"
"Sliggoo","","73"
"Sliggoo","","76"
"Sliggoo","","59"
"Slither Wing","","107"
"Slither Wing","","203"
"Slither Wing","","26"
"Slowbro","","43"
"Slowbro","","24"
"Slowbro","","54"
"Slowbro","","33"
"Slowbro","","13"
"Slowbro","","14"
"Slowbro","","52"
"Slowbro","","38"
"Slowbro","","20"
"Slowbro","","49"
"Slowbro","","80"
"Slowbro","","117"
"Slowbro Spirit Link","","86"
"Slowbro-EX","","26"
"Slowking","","49"
"Slowking","","32"
"Slowking","","28"
"Slowking","","34"
"Slowking","","H22"
"Slowking","","14"
"Slowking","","12"
"Slowking","","85"
"Slowking","","48"
"Slowking","","55"
"Slowking","","58"
"Slowking","","19"
"Slowking","","21"
"Slowking ex","","86"
"Slowking ex","","238"
"Slowpoke","","55"
"Slowpoke","","67"
"Slowpoke","","93"
"Slowpoke","","23"
"Slowpoke","","70"
"Slowpoke","","82"
"Slowpoke","","108"
"Slowpoke","","72"
"Slowpoke","","83"
"Slowpoke","","45"
"Slowpoke","","80"
"Slowpoke","","76"
"Slowpoke","","32"
"Slowpoke","","81"
"Slowpoke","","66"
"Slowpoke","","5"
"Slowpoke","","73"
"Slowpoke","","19"
"Slowpoke","","42"
"Slowpoke","","12"
"Slowpoke","","48"
"Slowpoke","","54"
"Slowpoke","","204"
"Slowpoke","","85"
"Slowpoke","","79"
"Slowpoke","","116"
"Slowpoke","","57"
"Slowpoke","","18"
"Slowpoke & Psyduck-GX","","35"
"Slowpoke & Psyduck-GX","","217"
"Slowpoke & Psyduck-GX","","218"
"Slowpoke & Psyduck-GX","","239"
"Slugma","","83"
"Slugma","","98"
"Slugma","","99"
"Slugma","","73"
"Slugma","","72"
"Slugma","","77"
"Slugma","","74"
"Slugma","","75"
"Slugma","","67"
"Slugma","","53"
"Slugma","","82"
"Slugma","","26"
"Slugma","","23"
"Slugma","","43"
"Slugma","","28"
"Slugma","","21"
"Slugma","","27"
"Slugma","","34"
"Slugma","","6"
"Slugma","","20"
"Slugma","","22"
"Slumbering Forest","","207"
"Slurpuff","","RC20"
"Slurpuff","","94"
"Slurpuff","","236"
"Slurpuff","","154"
"Slurpuff","","90"
"Slurpuff","","84"
"Slurpuff","","68"
"Slurpuff","","95"
"Slurpuff","","69"
"Slurpuff","","XY15"
"Smeargle","","32"
"Smeargle","","21"
"Smeargle","","66"
"Smeargle","","109"
"Smeargle","","48"
"Smeargle","","8"
"Smeargle","","15"
"Smeargle","","80"
"Smeargle","","11"
"Smeargle","","30"
"Smeargle","","157"
"Smeargle","","137"
"Smeargle","","TG10"
"Smeargle","","128"
"Smeargle","","209"
"Smeargle","","123"
"Smeargle δ","","39"
"Smoliv","","20"
"Smoliv","","21"
"Smoliv","","19"
"Smoliv","","102"
"Smoliv","","23"
"Smoochum","","67"
"Smoochum","","61"
"Smoochum","","31"
"Smoochum","","30"
"Smoochum","","HGSS13"
"Smoochum","","54"
"Smoochum","","75"
"Smoochum δ","","64"
"Sneasel","","69"
"Sneasel","","65"
"Sneasel","","100"
"Sneasel","","120"
"Sneasel","","110"
"Sneasel","","68"
"Sneasel","","44"
"Sneasel","","25"
"Sneasel","","24"
"Sneasel","","131"
"Sneasel","","43"
"Sneasel","","85"
"Sneasel","","73"
"Sneasel","","86"
"Sneasel","","133"
"Sneasel","","182"
"Sneasel","","13"
"Sneasel","","61"
"Sneasel","","30"
"Sneasel","","60"
"Sneasel","","50"
"Sneasel","","51"
"Sneasel ex","","103"
"Snivy","","1"
"Snivy","","2"
"Snivy","","6"
"Snivy","","RC1"
"Snivy","","11"
"Snivy","","BW01"
"Snivy","","BW06"
"Snivy","","5"
"Snivy","","87"
"Snom","","42"
"Snom","","52"
"Snom","","45"
"Snom","","168"
"Snom","","63"
"Snom","","29"
"Snom","","SV033"
"Snom","","84"
"Snorlax","","11"
"Snorlax","","27"
"Snorlax","","30"
"Snorlax","","64"
"Snorlax","","49"
"Snorlax","","109"
"Snorlax","","101"
"Snorlax","","33"
"Snorlax","","37"
"Snorlax","","100"
"Snorlax","","15"
"Snorlax","","58"
"Snorlax","","55"
"Snorlax","","81"
"Snorlax","","158"
"Snorlax","","50"
"Snorlax","","143"
"Snorlax","","202"
"Snorlax","","136"
"Snorlax","","144"
"Snorlax","","51"
"Snorlax","","122"
"Snorlax","","140"
"Snorlax","","TG10"
"Snorlax","","141"
"Snorlax","","131"
"Snorlax","","224"
"Snorlax","","206"
"Snorlax","","SWSH032"
"Snorlax","","SWSH068"
"Snorlax","","SWSH119"
"Snorlax","","26"
"Snorlax","","77"
"Snorlax","","80"
"Snorlax","","118"
"Snorlax","","XY179"
"Snorlax Doll","","175"
"Snorlax ex","","76"
"Snorlax LV.X","","111"
"Snorlax V","","141"
"Snorlax V","","197"
"Snorlax VMAX","","142"
"Snorlax VMAX","","206"
"Snorlax δ","","10"
"Snorlax-GX","","SM05"
"Snorunt","","21"
"Snorunt","","100"
"Snorunt","","64"
"Snorunt","","44"
"Snorunt","","73"
"Snorunt","","RC7"
"Snorunt","","46"
"Snorunt","","227"
"Snorunt","","75"
"Snorunt","","37"
"Snorunt","","47"
"Snorunt","","31"
"Snorunt","","188"
"Snorunt","","51"
"Snorunt","","41"
"Snorunt","","34"
"Snorunt","","35"
"Snover","","25"
"Snover","","101"
"Snover","","74"
"Snover","","35"
"Snover","","140"
"Snover","","41"
"Snover","","37"
"Snover","","3"
"Snover","","59"
"Snover","","10"
"Snover","","100"
"Snover","","42"
"Snover","","12"
"Snover","","9"
"Snover","","39"
"Snow Leaf Badge","","159"
"Snow-cloud Castform","","29"
"Snow-cloud Castform","","25"
"Snowpoint Temple","","134"
"Snubbull","","71"
"Snubbull","","15"
"Snubbull","","84"
"Snubbull","","101"
"Snubbull","","74"
"Snubbull","","82"
"Snubbull","","8"
"Snubbull","","37"
"Snubbull","","55"
"Snubbull","","90"
"Snubbull","","137"
"Snubbull","","SM200"
"Snubbull","","87"
"Snubbull","","70"
"Snubbull","","115"
"Snubbull","","22"
"Snubbull","","68"
"Snubbull","","98"
"Sobble","","24"
"Sobble","","39"
"Sobble","","54"
"Sobble","","55"
"Sobble","","SV025"
"Sobble","","41"
"Sobble","","SWSH003"
"Sobble","","SWSH073"
"Sobble on the Ball","","5"
"Solgaleo","","21"
"Solgaleo","","142"
"Solgaleo","","87"
"Solgaleo","","99"
"Solgaleo & Lunala-GX","","75"
"Solgaleo & Lunala-GX","","216"
"Solgaleo & Lunala-GX","","254"
"Solgaleo ◇","","89"
"Solgaleo-GX","","89"
"Solgaleo-GX","","143"
"Solgaleo-GX","","155"
"Solgaleo-GX","","173"
"Solgaleo-GX","","SM16"
"Solgaleo-GX","","SM104"
"Solgaleo-GX","","SM104a"
"Solid Rage","","92"
"Solosis","","55"
"Solosis","","42"
"Solosis","","73"
"Solosis","","74"
"Solosis","","50"
"Solosis","","70"
"Solosis","","76"
"Solosis","","33"
"Solosis","","37"
"Solosis","","118"
"Solrock","","74"
"Solrock","","85"
"Solrock","","25"
"Solrock","","13"
"Solrock","","47"
"Solrock","","9"
"Solrock","","75"
"Solrock","","106"
"Solrock","","39"
"Solrock","","45"
"Solrock","","69"
"Solrock","","62"
"Solrock","","93"
"Solrock","","GG15"
"Solrock","","92"
"Solrock","","64"
"Solrock","","83"
"Sonia","","167"
"Sonia","","192"
"Sonia","","203"
"Sonia","","65"
"Sophocles","","123"
"Sophocles","","146"
"Sophocles","","65"
"Sordward & Shielbert","","TG28"
"Sordward & Shielbert","","135"
"SP Energy","","101"
"Space Center","","91"
"Spark","","70"
"Spark","","85"
"Spark","","SWSH226"
"Sparkling Crystal","","142"
"Sparkling Crystal","","129"
"Sparkling Robe","","99"
"Spearow","","62"
"Spearow","","92"
"Spearow","","94"
"Spearow","","74"
"Spearow","","130"
"Spearow","","61"
"Spearow","","81"
"Spearow","","102"
"Spearow","","151"
"Spearow","","97"
"Spearow","","145"
"Spearow","","21"
"Spearow","","111"
"Spearow","","78"
"Spearow","","65"
"Special Charge","","105"
"Special Delivery Bidoof","","SWSH177"
"Special Delivery Charizard","","SWSH075"
"Special Delivery Pikachu","","SWSH074"
"Spectrier","","98"
"Spectrier","","81"
"Speed Lightning Energy","","173"
"Speed Stadium","","114"
"Spell Tag","","190"
"Spell Tag","","235"
"Spewpa","","7"
"Spewpa","","9"
"Spewpa","","6"
"Spewpa","","12"
"Spewpa","","16"
"Spewpa","","14"
"Spheal","","29"
"Spheal","","102"
"Spheal","","65"
"Spheal","","74"
"Spheal","","82"
"Spheal","","49"
"Spheal","","50"
"Spheal","","43"
"Spheal","","199"
"Spheal","","37"
"Spheal","","24"
"Spheal","","45"
"Spheal","","46"
"Spicy Seasoned Curry","","151"
"Spidops","","18"
"Spidops","","9"
"Spidops ex","","19"
"Spidops ex","","223"
"Spidops ex","","243"
"Spikemuth","","170"
"Spikemuth Gym","","169"
"Spiky Energy","","159"
"Spiky Energy","","190"
"Spinarak","","103"
"Spinarak","","62"
"Spinarak","","111"
"Spinarak","","75"
"Spinarak","","78"
"Spinarak","","83"
"Spinarak","","64"
"Spinarak","","6"
"Spinarak","","5"
"Spinarak","","9"
"Spinarak","","4"
"Spinarak","","112"
"Spinarak","","3"
"Spinarak","","102"
"Spinarak","","43"
"Spinda","","115"
"Spinda","","111"
"Spinda","","26"
"Spinda","","48"
"Spinda","","46"
"Spinda","","17"
"Spinda","","102"
"Spinda","","151"
"Spinda","","141"
"Spiral Energy","","159"
"Spirit Mask","","160"
"Spiritomb","","87"
"Spiritomb","","16"
"Spiritomb","","10"
"Spiritomb","","148"
"Spiritomb","","32"
"Spiritomb","","112"
"Spiritomb","","47"
"Spiritomb","","53"
"Spiritomb","","89"
"Spiritomb","","129"
"Spiritomb","","158"
"Spiritomb","","117"
"Spiritomb","","TG09"
"Spiritomb","","116"
"Spiritomb","","103"
"Spiritomb","","62"
"Spiritomb","","55"
"Spiritomb C","","84"
"Splash Energy","","113"
"Spoink","","59"
"Spoink","","121"
"Spoink","","62"
"Spoink","","73"
"Spoink","","74"
"Spoink","","76"
"Spoink","","65"
"Spoink","","66"
"Spoink","","77"
"Spoink","","41"
"Spoink","","90"
"Spoink","","55"
"Spoink","","7"
"Spoink","","49"
"Spoink","","30"
"Spongy Gloves","","243"
"Sprigatito","","13"
"Sprigatito","","12"
"Sprigatito","","196"
"Sprigatito","","16"
"Sprigatito","","1"
"Sprigatito","","76"
"Sprigatito ex","","251"
"Sprigatito ex","","87"
"Spritzee","","141"
"Spritzee","","38"
"Spritzee","","92"
"Spritzee","","67"
"Spritzee","","105"
"Spritzee","","84"
"Sprout Tower","","97"
"Squawkabilly","","162"
"Squawkabilly","","160"
"Squawkabilly","","141"
"Squawkabilly ex","","169"
"Squawkabilly ex","","247"
"Squawkabilly ex","","264"
"Squawkabilly ex","","75"
"Squawkabilly ex","","223"
"Squawkabilly ex","","160"
"Squirtle","","63"
"Squirtle","","93"
"Squirtle","","68"
"Squirtle","","95"
"Squirtle","","14"
"Squirtle","","29"
"Squirtle","","24"
"Squirtle","","112"
"Squirtle","","131"
"Squirtle","","132"
"Squirtle","","64"
"Squirtle","","46"
"Squirtle","","82"
"Squirtle","","83"
"Squirtle","","17"
"Squirtle","","15"
"Squirtle","","96"
"Squirtle","","33"
"Squirtle","","22"
"Squirtle","","23"
"Squirtle","","7"
"Squirtle","","170"
"Squirtle","","148"
"Squirtle","","48"
"Squirtle","","SWSH233"
"Stadium Nav","","208"
"Stakataka","","106"
"Stakataka","","SM180"
"Stakataka","","SM209"
"Stakataka-GX","","102"
"Stakataka-GX","","159"
"Stakataka-GX","","176"
"Stakataka-GX","","SV74"
"Stantler","","113"
"Stantler","","102"
"Stantler","","32"
"Stantler","","64"
"Stantler","","76"
"Stantler","","38"
"Stantler","","9"
"Stantler","","156"
"Stantler","","125"
"Stantler","","208"
"Stantler","","91"
"Star Piece","","139"
"Staraptor","","97"
"Staraptor","","16"
"Staraptor","","27"
"Staraptor","","83"
"Staraptor","","150"
"Staraptor","","147"
"Staraptor","","119"
"Staraptor","","127"
"Staraptor FB","","11"
"Staraptor FB LV.X","","147"
"Staravia","","96"
"Staravia","","64"
"Staravia","","47"
"Staravia","","52"
"Staravia","","85"
"Staravia","","10"
"Staravia","","82"
"Staravia","","149"
"Staravia","","146"
"Staravia","","118"
"Staravia","","126"
"Stark Mountain","","135"
"Starly","","95"
"Starly","","101"
"Starly","","75"
"Starly","","129"
"Starly","","16"
"Starly","","81"
"Starly","","148"
"Starly","","221"
"Starly","","110"
"Starly","","145"
"Starly","","117"
"Starly","","125"
"Starmie","","64"
"Starmie","","94"
"Starmie","","24"
"Starmie","","71"
"Starmie","","30"
"Starmie","","44"
"Starmie","","H28"
"Starmie","","49"
"Starmie","","48"
"Starmie","","53"
"Starmie","","25"
"Starmie","","50"
"Starmie","","5"
"Starmie","","16"
"Starmie","","65"
"Starmie","","121"
"Starmie","","119"
"Starmie","","55"
"Starmie","","34"
"Starmie","","31"
"Starmie","","73"
"Starmie BREAK","","32"
"Starmie V","","30"
"Starmie V","","166"
"Starmie V","","TG13"
"Starmie δ","","15"
"Starmie δ","","30"
"Starmie-GX","","14"
"Startling Megaphone","","97"
"Staryu","","65"
"Staryu","","95"
"Staryu","","23"
"Staryu","","122"
"Staryu","","103"
"Staryu","","104"
"Staryu","","84"
"Staryu","","85"
"Staryu","","75"
"Staryu","","77"
"Staryu","","4"
"Staryu","","56"
"Staryu","","83"
"Staryu","","13"
"Staryu","","15"
"Staryu","","28"
"Staryu","","120"
"Staryu","","118"
"Staryu","","52"
"Staryu","","30"
"Staryu","","33"
"Staryu","","32"
"Staryu","","29"
"Staryu","","25"
"Stealthy Hood","","186"
"Steel Shelter","","105"
"Steelix","","79"
"Steelix","","38"
"Steelix","","28"
"Steelix","","35"
"Steelix","","H23"
"Steelix","","31"
"Steelix","","H29"
"Steelix","","23"
"Steelix","","24"
"Steelix","","87"
"Steelix","","93"
"Steelix","","150"
"Steelix","","15"
"Steelix","","44"
"Steelix","","104"
"Steelix","","139"
"Steelix","","247"
"Steelix","","89"
"Steelix","","125"
"Steelix","","208"
"Steelix","","99"
"Steelix ex","","109"
"Steelix GL","","51"
"Steelix Spirit Link","","106"
"Steelix V","","115"
"Steelix V","","176"
"Steelix-EX","","67"
"Steelix-EX","","108"
"Steenee","","19"
"Steenee","","18"
"Steenee","","17"
"Steenee","","9"
"Steenee","","15"
"Steenee","","14"
"Steven","","90"
"Steven","","95"
"Steven's Advice","","83"
"Steven's Advice","","92"
"Steven's Baltoy","","83"
"Steven's Beldum","","143"
"Steven's Carbink","","86"
"Steven's Claydol","","84"
"Steven's Metagross ex","","289"
"Steven's Metagross ex","","145"
"Steven's Metang","","144"
"Steven's Resolve","","145"
"Steven's Resolve","","165"
"Steven's Skarmory","","142"
"Stone Fighting Energy","","164"
"Stonjourner","","81"
"Stonjourner","","121"
"Stonjourner","","114"
"Stonjourner","","111"
"Stonjourner","","101"
"Stonjourner","","SV075"
"Stonjourner","","84"
"Stonjourner V","","115"
"Stonjourner V","","193"
"Stonjourner VMAX","","116"
"Stonjourner VMAX","","205"
"Stormy Mountains","","161"
"Stormy Mountains","","232"
"Stoutland","","83"
"Stoutland","","88"
"Stoutland","","122"
"Stoutland","","76"
"Stoutland","","156"
"Stoutland","","105"
"Stoutland","","176"
"Stoutland","","248"
"Stoutland","","172"
"Stoutland","","135"
"Stoutland","","110"
"Stoutland V","","116"
"Stoutland V","","117"
"Stoutland V","","157"
"Strange Cave","","77"
"Strange Timepiece","","128"
"Strength Charm","","150"
"Strength Charm","","81"
"Strength Charm","","74"
"Strength Charm","","92"
"Strong Energy","","115"
"Strong Energy","","104"
"Struggle Gloves","","171"
"Stufful","","111"
"Stufful","","154"
"Stufful","","181"
"Stufful","","112"
"Stufful","","110"
"Stufful","","55"
"Stufful","","52"
"Stufful","","149"
"Stufful","","150"
"Stunfisk","","83"
"Stunfisk","","RC12"
"Stunfisk","","42"
"Stunfisk","","68"
"Stunfisk","","70"
"Stunfisk","","62"
"Stunfisk","","35"
"Stunfisk","","118"
"Stunfisk","","56"
"Stunfisk","","67"
"Stunfisk","","46"
"Stunfisk","","112"
"Stunfisk","","64"
"Stunfisk","","202"
"Stunfisk","","55"
"Stunfisk ex","","114"
"Stunfisk ex","","252"
"Stunky","","76"
"Stunky","","102"
"Stunky","","69"
"Stunky","","75"
"Stunky","","114"
"Stunky","","53"
"Stunky","","54"
"Sudowoodo","","35"
"Sudowoodo","","48"
"Sudowoodo","","36"
"Sudowoodo","","H24"
"Sudowoodo","","15"
"Sudowoodo","","9"
"Sudowoodo","","77"
"Sudowoodo","","26"
"Sudowoodo","","66"
"Sudowoodo","","110"
"Sudowoodo","","SV20"
"Sudowoodo","","SM207"
"Sudowoodo","","109"
"Sudowoodo","","219"
"Sudowoodo","","100"
"Sudowoodo","","74"
"Sudowoodo","","94"
"Sudowoodo","","67"
"Suicune","","53"
"Suicune","","20"
"Suicune","","SL11"
"Suicune","","19"
"Suicune","","37"
"Suicune","","H25"
"Suicune","","HGSS21"
"Suicune","","26"
"Suicune","","14"
"Suicune","","27"
"Suicune","","30"
"Suicune","","4"
"Suicune","","59"
"Suicune","","SM149"
"Suicune","","24"
"Suicune","","SV022"
"Suicune & Entei LEGEND","","94"
"Suicune & Entei LEGEND","","95"
"Suicune ★","","115"
"Suicune ex","","94"
"Suicune V","","GG38"
"Suicune V","","31"
"Suicune V","","173"
"Suicune-GX","","60"
"Suicune-GX","","200"
"Suicune-GX","","220"
"Sunflora","","38"
"Sunflora","","105"
"Sunflora","","16"
"Sunflora","","31"
"Sunflora","","50"
"Sunflora","","8"
"Sunflora","","7"
"Sunflora","","169"
"Sunflora","","6"
"Sunflora","","SWSH269"
"Sunkern","","114"
"Sunkern","","106"
"Sunkern","","76"
"Sunkern","","85"
"Sunkern","","78"
"Sunkern","","83"
"Sunkern","","7"
"Sunkern","","6"
"Sunkern","","5"
"Sunny Castform","","31"
"Sunny Castform","","26"
"Sunyshore City Gym","","94"
"Super Boost Energy ◇","","136"
"Super Energy Removal","","79"
"Super Energy Removal","","108"
"Super Energy Removal 2","","134"
"Super Energy Retrieval","","89"
"Super Potion","","90"
"Super Potion","","117"
"Super Potion","","158"
"Super Potion","","128"
"Super Potion","","87"
"Super Rod","","95"
"Super Rod","","20"
"Super Rod","","103"
"Super Rod","","188"
"Super Rod","","276"
"Super Rod","","149"
"Super Scoop Up","","103"
"Super Scoop Up","","115"
"Super Scoop Up","","87"
"Super Scoop Up","","151"
"Super Scoop Up","","100"
"Super Scoop Up","","99"
"Super Scoop Up","","83"
"Super Scoop Up","","98"
"Super Scoop Up","","124"
"Super Scoop Up","","166"
"Super Scoop Up","","66"
"Super Scoop Up","","146"
"Supereffective Glasses","","152"
"Superior Energy Retrieval","","103"
"Superior Energy Retrieval","","189"
"Superior Energy Retrieval","","277"
"Surfer","","200"
"Surfer","","293"
"Surfer","","187"
"Surfer","","235"
"Surfing Beach","","129"
"Surfing Pikachu","","28"
"Surfing Pikachu","","114"
"Surfing Pikachu","","111"
"Surfing Pikachu V","","8"
"Surfing Pikachu VMAX","","9"
"Surprise Box","","187"
"Surprise! Time Machine","","91"
"Surskit","","1"
"Surskit","","104"
"Surskit","","82"
"Surskit","","76"
"Surskit","","78"
"Surskit","","130"
"Surskit","","14"
"Surskit","","7"
"Surskit","","15"
"Surskit","","6"
"Surskit","","10"
"Surskit","","13"
"Survival Brace","","164"
"Suspicious Food Tin","","66"
"Suspicious Food Tin","","80"
"Swablu","","103"
"Swablu","","104"
"Swablu","","105"
"Swablu","","86"
"Swablu","","66"
"Swablu","","75"
"Swablu","","79"
"Swablu","","67"
"Swablu","","RC23"
"Swablu","","78"
"Swablu","","97"
"Swablu","","SH5"
"Swablu","","56"
"Swablu","","57"
"Swablu","","SV42"
"Swablu","","169"
"Swablu","","152"
"Swablu","","213"
"Swablu","","148"
"Swablu","","142"
"Swablu","","GG27"
"Swablu","","48"
"Swablu","","132"
"Swablu","","73"
"Swablu","","124"
"Swablu δ","","65"
"Swadloon","","11"
"Swadloon","","5"
"Swadloon","","6"
"Swadloon","","2"
"Swadloon","","9"
"Swadloon","","88"
"Swadloon","","8"
"Swadloon","","10"
"Swalot","","72"
"Swalot","","11"
"Swalot","","50"
"Swalot","","40"
"Swalot","","9"
"Swalot","","58"
"Swalot","","92"
"Swalot","","38"
"Swampert","","9"
"Swampert","","13"
"Swampert","","23"
"Swampert","","27"
"Swampert","","11"
"Swampert","","12"
"Swampert","","5"
"Swampert","","35"
"Swampert","","64"
"Swampert","","36"
"Swampert ex","","98"
"Swampert ex","","95"
"Swampert-EX","","XY55"
"Swanna","","37"
"Swanna","","27"
"Swanna","","36"
"Swanna","","43"
"Swanna","","26"
"Swanna","","110"
"Swanna","","60"
"Swanna","","140"
"Swanna","","47"
"Swanna","","149"
"Swanna","","SV096"
"Sweet Honey","","153"
"Swellow","","73"
"Swellow","","46"
"Swellow","","32"
"Swellow","","45"
"Swellow","","49"
"Swellow","","41"
"Swellow","","15"
"Swellow","","104"
"Swellow","","157"
"Swellow","","134"
"Swellow","","103"
"Swellow","","71"
"Swellow","","72"
"Swellow δ","","40"
"Swinub","","26"
"Swinub","","123"
"Swinub","","77"
"Swinub","","107"
"Swinub","","108"
"Swinub","","79"
"Swinub","","23"
"Swinub","","57"
"Swinub","","84"
"Swinub","","19"
"Swinub","","165"
"Swinub","","31"
"Swinub","","80"
"Swirlix","","RC19"
"Swirlix","","9"
"Swirlix","","93"
"Swirlix","","153"
"Swirlix","","89"
"Swirlix","","83"
"Swirlix","","67"
"Swirlix","","24"
"Swirlix","","94"
"Swirlix","","68"
"Switch","","95"
"Switch","","123"
"Switch","","104"
"Switch","","135"
"Switch","","119"
"Switch","","128"
"Switch","","93"
"Switch","","157"
"Switch","","92"
"Switch","","102"
"Switch","","83"
"Switch","","130"
"Switch","","132"
"Switch","","160"
"Switch","","67"
"Switch","","147"
"Switch","","194"
"Switch","","206"
"Switch","","183"
"Switch","","144"
"Switch","","38"
"Switch","","88"
"Switch","","163"
"Switch","","91"
"Switch Cart","","154"
"Switch Raft","","62"
"Switch Raft","","77"
"Switching Cups","","162"
"Swoobat","","51"
"Swoobat","","65"
"Swoobat","","37"
"Swoobat","","71"
"Swoobat","","120"
"Swoobat","","88"
"Swoobat","","33"
"Swoobat","","74"
"Swoobat","","69"
"Swoobat","","72"
"Swoop! Teleporter","","92"
"Sylveon","","35"
"Sylveon","","155"
"Sylveon","","87"
"Sylveon","","22"
"Sylveon","","40"
"Sylveon","","SWSH211"
"Sylveon","","72"
"Sylveon","","XY04"
"Sylveon ex","","86"
"Sylveon ex","","41"
"Sylveon ex","","156"
"Sylveon V","","74"
"Sylveon V","","183"
"Sylveon V","","184"
"Sylveon V","","TG14"
"Sylveon V","","SWSH202"
"Sylveon VMAX","","75"
"Sylveon VMAX","","211"
"Sylveon VMAX","","212"
"Sylveon VMAX","","TG15"
"Sylveon-EX","","RC21"
"Sylveon-EX","","RC32"
"Sylveon-GX","","92"
"Sylveon-GX","","92a"
"Sylveon-GX","","140"
"Sylveon-GX","","158"
"Sylveon-GX","","SV76"
"Tadbulb","","77"
"Tadbulb","","78"
"Tadbulb","","74"
"Tadbulb","","75"
"Tadbulb","","76"
"Tadbulb","","73"
"Tag Call","","206"
"Tag Call","","270"
"Tag Switch","","209"
"Tag Switch","","254"
"Taillow","","112"
"Taillow","","124"
"Taillow","","72"
"Taillow","","86"
"Taillow","","76"
"Taillow","","80"
"Taillow","","68"
"Taillow","","103"
"Taillow","","156"
"Taillow","","133"
"Taillow","","102"
"Taillow","","70"
"Taillow δ","","66"
"Talonflame","","32"
"Talonflame","","111"
"Talonflame","","30"
"Talonflame","","123"
"Talonflame","","29"
"Talonflame","","140"
"Talonflame","","28"
"Talonflame","","96"
"Talonflame","","10"
"Talonflame","","15"
"Talonflame BREAK","","21"
"Talonflame V","","29"
"Talonflame V","","168"
"Tandemaus","","159"
"Tandemaus","","160"
"Tandemaus","","166"
"Tandemaus","","167"
"Tandemaus","","153"
"Tandemaus","","154"
"Tandemaus","","73"
"Tandemaus","","209"
"Tandemaus","","157"
"Tangela","","66"
"Tangela","","96"
"Tangela","","1"
"Tangela","","5"
"Tangela","","72"
"Tangela","","87"
"Tangela","","78"
"Tangela","","112"
"Tangela","","44"
"Tangela","","30"
"Tangela","","8"
"Tangela","","6"
"Tangela","","76"
"Tangela","","77"
"Tangela","","16"
"Tangela","","7"
"Tangela","","114"
"Tangela","","178"
"Tangela","","4"
"Tangrowth","","2"
"Tangrowth","","6"
"Tangrowth","","34"
"Tangrowth","","10"
"Tangrowth","","29"
"Tangrowth","","7"
"Tangrowth","","17"
"Tangrowth","","8"
"Tangrowth","","5"
"Tangrowth LV.X","","99"
"Tapu Bulu","","37"
"Tapu Bulu","","SM61"
"Tapu Bulu","","6"
"Tapu Bulu","","65"
"Tapu Bulu","","16"
"Tapu Bulu-GX","","130"
"Tapu Bulu-GX","","149"
"Tapu Bulu-GX","","SV91"
"Tapu Bulu-GX","","SM32"
"Tapu Fini","","53"
"Tapu Fini","","151"
"Tapu Fini","","SM92"
"Tapu Fini","","SM203"
"Tapu Fini","","40"
"Tapu Fini-GX","","39"
"Tapu Fini-GX","","39a"
"Tapu Fini-GX","","133"
"Tapu Fini-GX","","152"
"Tapu Fini-GX","","SV92"
"Tapu Koko","","67"
"Tapu Koko","","69"
"Tapu Koko","","85"
"Tapu Koko","","SM30"
"Tapu Koko","","SM30a"
"Tapu Koko","","SM31"
"Tapu Koko","","65"
"Tapu Koko","","61"
"Tapu Koko ◇","","51"
"Tapu Koko ex","","68"
"Tapu Koko ex","","222"
"Tapu Koko ex","","247"
"Tapu Koko ex","","51"
"Tapu Koko V","","72"
"Tapu Koko V","","50"
"Tapu Koko V","","147"
"Tapu Koko VMAX","","51"
"Tapu Koko VMAX","","166"
"Tapu Koko-GX","","47"
"Tapu Koko-GX","","135"
"Tapu Koko-GX","","153"
"Tapu Koko-GX","","SV93"
"Tapu Koko-GX","","SM33"
"Tapu Koko-GX","","SM50"
"Tapu Lele","","94"
"Tapu Lele","","150"
"Tapu Lele","","SM45"
"Tapu Lele","","SM152"
"Tapu Lele","","92"
"Tapu Lele","","64"
"Tapu Lele-GX","","60"
"Tapu Lele-GX","","60a"
"Tapu Lele-GX","","137"
"Tapu Lele-GX","","155"
"Tapu Lele-GX","","SV94"
"Target Whistle Team Flare Gear","","106"
"Tarountula","","16"
"Tarountula","","17"
"Tarountula","","18"
"Tarountula","","199"
"Tate & Liza","","148"
"Tate & Liza","","148a"
"Tate & Liza","","166"
"Tatsugiri","","62"
"Tatsugiri","","141"
"Tatsugiri","","127"
"Tatsugiri","","131"
"Tatsugiri","","186"
"Tatsugiri","","118"
"Tatsugiri ex","","142"
"Tatsugiri ex","","226"
"Tauros","","47"
"Tauros","","62"
"Tauros","","65"
"Tauros","","74"
"Tauros","","133"
"Tauros","","12"
"Tauros","","16"
"Tauros","","57"
"Tauros","","41"
"Tauros","","98"
"Tauros","","5"
"Tauros","","164"
"Tauros","","129"
"Tauros","","152"
"Tauros","","128"
"Tauros","","112"
"Tauros","","106"
"Tauros","","134"
"Tauros","","115"
"Tauros","","100"
"Tauros-GX","","100"
"Tauros-GX","","144"
"Tauros-GX","","156"
"Teal Mask Ogerpon","","26"
"Teal Mask Ogerpon","","24"
"Teal Mask Ogerpon","","123"
"Teal Mask Ogerpon ex","","25"
"Teal Mask Ogerpon ex","","190"
"Teal Mask Ogerpon ex","","211"
"Teal Mask Ogerpon ex","","221"
"Teal Mask Ogerpon ex","","12"
"Teal Mask Ogerpon ex","","145"
"Teal Mask Ogerpon ex","","177"
"Team Aqua Admin","","25"
"Team Aqua Ball","","75"
"Team Aqua Belt","","76"
"Team Aqua Conspirator","","77"
"Team Aqua Grunt","","26"
"Team Aqua Hideout","","78"
"Team Aqua Schemer","","69"
"Team Aqua Technical Machine 01","","79"
"Team Aqua's Cacnea","","24"
"Team Aqua's Cacturne","","1"
"Team Aqua's Carvanha","","20"
"Team Aqua's Carvanha","","25"
"Team Aqua's Carvanha","","47"
"Team Aqua's Carvanha","","48"
"Team Aqua's Chinchou","","49"
"Team Aqua's Corphish","","26"
"Team Aqua's Corphish","","50"
"Team Aqua's Corphish","","51"
"Team Aqua's Crawdaunt","","2"
"Team Aqua's Crawdaunt","","14"
"Team Aqua's Electrike","","27"
"Team Aqua's Electrike","","52"
"Team Aqua's Electrike","","53"
"Team Aqua's Great Ball","","27"
"Team Aqua's Grimer","","7"
"Team Aqua's Kyogre","","3"
"Team Aqua's Kyogre-EX","","6"
"Team Aqua's Lanturn","","28"
"Team Aqua's Manectric","","4"
"Team Aqua's Manectric","","29"
"Team Aqua's Mightyena","","18"
"Team Aqua's Mightyena","","15"
"Team Aqua's Mightyena","","30"
"Team Aqua's Muk","","8"
"Team Aqua's Poochyena","","16"
"Team Aqua's Poochyena","","54"
"Team Aqua's Poochyena","","55"
"Team Aqua's Sealeo","","4"
"Team Aqua's Sealeo","","16"
"Team Aqua's Sealeo","","31"
"Team Aqua's Secret Base","","28"
"Team Aqua's Seviper","","9"
"Team Aqua's Seviper","","17"
"Team Aqua's Sharpedo","","21"
"Team Aqua's Sharpedo","","5"
"Team Aqua's Sharpedo","","18"
"Team Aqua's Spheal","","3"
"Team Aqua's Spheal","","56"
"Team Aqua's Spheal","","57"
"Team Aqua's Walrein","","5"
"Team Aqua's Walrein","","6"
"Team Flare Grunt","","73"
"Team Flare Grunt","","73a"
"Team Flare Grunt","","129"
"Team Galactic's Invention G-101 Energy Gain","","116"
"Team Galactic's Invention G-103 Power Spray","","117"
"Team Galactic's Invention G-105 Poké Turn","","118"
"Team Galactic's Invention G-107 Technical Machine G","","95"
"Team Galactic's Invention G-109 SP Radar","","96"
"Team Galactic's Mars","","126"
"Team Galactic's Wager","","115"
"Team Magma Admin","","29"
"Team Magma Ball","","80"
"Team Magma Belt","","81"
"Team Magma Conspirator","","82"
"Team Magma Grunt","","30"
"Team Magma Hideout","","83"
"Team Magma Schemer","","70"
"Team Magma Technical Machine 01","","84"
"Team Magma's Aggron","","14"
"Team Magma's Aggron","","7"
"Team Magma's Aron","","12"
"Team Magma's Aron","","58"
"Team Magma's Aron","","59"
"Team Magma's Baltoy","","10"
"Team Magma's Baltoy","","32"
"Team Magma's Baltoy","","60"
"Team Magma's Baltoy","","61"
"Team Magma's Camerupt","","2"
"Team Magma's Camerupt","","19"
"Team Magma's Claydol","","11"
"Team Magma's Claydol","","8"
"Team Magma's Claydol","","33"
"Team Magma's Great Ball","","31"
"Team Magma's Groudon","","9"
"Team Magma's Groudon-EX","","15"
"Team Magma's Houndoom","","10"
"Team Magma's Houndoom","","34"
"Team Magma's Houndour","","35"
"Team Magma's Houndour","","62"
"Team Magma's Houndour","","63"
"Team Magma's Lairon","","13"
"Team Magma's Lairon","","20"
"Team Magma's Lairon","","36"
"Team Magma's Mightyena","","19"
"Team Magma's Mightyena","","21"
"Team Magma's Mightyena","","37"
"Team Magma's Numel","","1"
"Team Magma's Numel","","64"
"Team Magma's Poochyena","","17"
"Team Magma's Poochyena","","65"
"Team Magma's Poochyena","","66"
"Team Magma's Rhydon","","11"
"Team Magma's Rhydon","","22"
"Team Magma's Rhyhorn","","38"
"Team Magma's Rhyhorn","","67"
"Team Magma's Rhyhorn","","68"
"Team Magma's Secret Base","","32"
"Team Magma's Torkoal","","12"
"Team Magma's Zangoose","","22"
"Team Magma's Zangoose","","23"
"Team Plasma Badge","","104"
"Team Plasma Ball","","105"
"Team Plasma Grunt","","125"
"Team Rocket's Ampharos","","74"
"Team Rocket's Arbok","","113"
"Team Rocket's Archer","","201"
"Team Rocket's Archer","","170"
"Team Rocket's Archer","","223"
"Team Rocket's Ariana","","202"
"Team Rocket's Ariana","","171"
"Team Rocket's Ariana","","224"
"Team Rocket's Ariana","","237"
"Team Rocket's Articuno","","51"
"Team Rocket's Blipbug","","15"
"Team Rocket's Bother-Bot","","172"
"Team Rocket's Chingling","","85"
"Team Rocket's Crobat ex","","122"
"Team Rocket's Crobat ex","","217"
"Team Rocket's Crobat ex","","234"
"Team Rocket's Crobat ex","","242"
"Team Rocket's Diglett","","100"
"Team Rocket's Dottler","","88"
"Team Rocket's Drowzee","","79"
"Team Rocket's Dugtrio","","101"
"Team Rocket's Dugtrio","","239"
"Team Rocket's Ekans","","112"
"Team Rocket's Energy","","217"
"Team Rocket's Energy","","182"
"Team Rocket's Evil Deeds","","103"
"Team Rocket's Exeggcute","","77"
"Team Rocket's Exeggutor","","78"
"Team Rocket's Factory","","203"
"Team Rocket's Factory","","173"
"Team Rocket's Flaaffy","","73"
"Team Rocket's Giovanni","","204"
"Team Rocket's Giovanni","","174"
"Team Rocket's Giovanni","","225"
"Team Rocket's Giovanni","","238"
"Team Rocket's Golbat","","121"
"Team Rocket's Great Ball","","205"
"Team Rocket's Great Ball","","175"
"Team Rocket's Grimer","","123"
"Team Rocket's Handiwork","","112"
"Team Rocket's Handiwork","","124"
"Team Rocket's Honchkrow","","127"
"Team Rocket's Houndoom","","38"
"Team Rocket's Houndoom","","191"
"Team Rocket's Houndour","","37"
"Team Rocket's Hypno","","80"
"Team Rocket's Hypnotizer","","206"
"Team Rocket's Kangaskhan ex","","162"
"Team Rocket's Koffing","","125"
"Team Rocket's Larvitar","","94"
"Team Rocket's Mareep","","72"
"Team Rocket's Meowth","","18"
"Team Rocket's Meowth","","161"
"Team Rocket's Meowth","","149"
"Team Rocket's Meowth","","203"
"Team Rocket's Mewtwo ex","","79"
"Team Rocket's Mewtwo ex","","281"
"Team Rocket's Mewtwo ex","","81"
"Team Rocket's Mewtwo ex","","213"
"Team Rocket's Mewtwo ex","","231"
"Team Rocket's Mewtwo ex","","240"
"Team Rocket's Mimikyu","","97"
"Team Rocket's Mimikyu","","238"
"Team Rocket's Mimikyu","","87"
"Team Rocket's Moltres ex","","31"
"Team Rocket's Moltres ex","","208"
"Team Rocket's Moltres ex","","229"
"Team Rocket's Muk","","124"
"Team Rocket's Murkrow","","126"
"Team Rocket's Murkrow","","127"
"Team Rocket's Murkrow","","200"
"Team Rocket's Nidoking ex","","119"
"Team Rocket's Nidoking ex","","216"
"Team Rocket's Nidoking ex","","233"
"Team Rocket's Nidoqueen","","116"
"Team Rocket's Nidoran♀","","114"
"Team Rocket's Nidoran♂","","117"
"Team Rocket's Nidorina","","115"
"Team Rocket's Nidorino","","118"
"Team Rocket's Orbeetle","","89"
"Team Rocket's Orbeetle","","198"
"Team Rocket's Persian ex","","150"
"Team Rocket's Persian ex","","219"
"Team Rocket's Petrel","","207"
"Team Rocket's Petrel","","176"
"Team Rocket's Petrel","","226"
"Team Rocket's Porygon","","153"
"Team Rocket's Porygon-Z","","155"
"Team Rocket's Porygon2","","154"
"Team Rocket's Proton","","208"
"Team Rocket's Proton","","177"
"Team Rocket's Proton","","227"
"Team Rocket's Pupitar","","95"
"Team Rocket's Raticate","","148"
"Team Rocket's Raticate","","202"
"Team Rocket's Rattata","","147"
"Team Rocket's Sneasel","","128"
"Team Rocket's Spidops","","19"
"Team Rocket's Spidops","","20"
"Team Rocket's Spidops","","187"
"Team Rocket's Tarountula","","18"
"Team Rocket's Tarountula","","19"
"Team Rocket's Transceiver","","209"
"Team Rocket's Transceiver","","263"
"Team Rocket's Transceiver","","178"
"Team Rocket's Trickery","","78"
"Team Rocket's Tyranitar","","96"
"Team Rocket's Venture Bomb","","179"
"Team Rocket's Watchtower","","210"
"Team Rocket's Watchtower","","180"
"Team Rocket's Weezing","","126"
"Team Rocket's Weezing","","199"
"Team Rocket's Wobbuffet","","82"
"Team Rocket's Zapdos","","70"
"Team Rocket's Zubat","","120"
"Team Skull Grunt","","133"
"Team Skull Grunt","","149"
"Team Star Grunt","","195"
"Team Star Grunt","","242"
"Team Yell Grunt","","184"
"Team Yell Grunt","","202"
"Team Yell Grunt","","210"
"Team Yell Grunt","","67"
"Team Yell Towel","","63"
"Team Yell's Cheer","","149"
"Teammates","","141"
"Teammates","","160"
"Technical Machine TS-1","","136"
"Technical Machine TS-2","","137"
"Technical Machine: Blindside","","176"
"Technical Machine: Crisis Punch","","90"
"Technical Machine: Devolution","","177"
"Technical Machine: Evolution","","178"
"Technical Machine: Fluorite","","188"
"Technical Machine: Turbo Energize","","179"
"Techno Radar","","180"
"Techno Radar","","130"
"Teddiursa","","75"
"Teddiursa","","RC15"
"Teddiursa","","73"
"Teddiursa","","105"
"Teddiursa","","109"
"Teddiursa","","77"
"Teddiursa","","65"
"Teddiursa","","171"
"Teddiursa","","122"
"Teddiursa","","138"
"Teddiursa","","126"
"Teddiursa","","121"
"Telescopic Sight","","160"
"Telescopic Sight","","203"
"Temple of Sinnoh","","155"
"Temple of Sinnoh","","214"
"Tentacool","","56"
"Tentacool","","96"
"Tentacool","","125"
"Tentacool","","113"
"Tentacool","","66"
"Tentacool","","77"
"Tentacool","","80"
"Tentacool","","40"
"Tentacool","","23"
"Tentacool","","60"
"Tentacool","","72"
"Tentacool","","26"
"Tentacool","","70"
"Tentacool","","71"
"Tentacruel","","44"
"Tentacruel","","66"
"Tentacruel","","75"
"Tentacruel","","38"
"Tentacruel","","H26"
"Tentacruel","","45"
"Tentacruel","","51"
"Tentacruel","","50"
"Tentacruel","","10"
"Tentacruel","","41"
"Tentacruel","","24"
"Tentacruel","","61"
"Tentacruel","","73"
"Tentacruel","","27"
"Tentacruel","","72"
"Tepig","","15"
"Tepig","","16"
"Tepig","","25"
"Tepig","","24"
"Tepig","","BW02"
"Tepig","","BW07"
"Tepig","","3"
"Tepig","","13"
"Tepig","","29"
"Tepig","","11"
"Tepig","","96"
"Tepig","","31"
"Tepig","","23"
"Tepig","","SWSH172"
"Tera Orb","","189"
"Terapagos","","178"
"Terapagos","","161"
"Terapagos ex","","179"
"Terapagos ex","","128"
"Terapagos ex","","170"
"Terapagos ex","","173"
"Terapagos ex","","92"
"Terapagos ex","","169"
"Terapagos ex","","180"
"Terapagos ex","","165"
"Terrakion","","84"
"Terrakion","","63"
"Terrakion","","73"
"Terrakion","","99"
"Terrakion","","151"
"Terrakion","","BW71"
"Terrakion","","54"
"Terrakion","","135"
"Terrakion","","122"
"Terrakion","","SM205"
"Terrakion","","SM223"
"Terrakion","","97"
"Terrakion","","92"
"Terrakion-EX","","71"
"Terrakion-EX","","121"
"The Boss's Way","","73"
"The Boss's Way","","105"
"The Masked Royal","","139"
"The Rocket's Training Gym","","104"
"The Rocket's Trap","","19"
"Therapeutic Energy","","193"
"Thick Scale","","211"
"Thievul","","90"
"Thievul","","120"
"Thievul","","126"
"Thievul","","104"
"Thievul","","GG17"
"Thievul","","113"
"Thievul","","48"
"Thievul","","SV082"
"Thievul","","105"
"Thorton","","167"
"Thorton","","195"
"Thorton","","210"
"Thought Wave Machine","","96"
"Throh","","61"
"Throh","","51"
"Throh","","58"
"Throh","","68"
"Throh","","118"
"Throh","","80"
"Throh","","50"
"Throh","","128"
"Thunder Mountain ◇","","191"
"Thundurus","","50"
"Thundurus","","35"
"Thundurus","","97"
"Thundurus","","BW41"
"Thundurus","","68"
"Thundurus","","70"
"Thundurus","","139"
"Thundurus","","52"
"Thundurus","","33"
"Thundurus-EX","","38"
"Thundurus-EX","","110"
"Thundurus-EX","","BW81"
"Thundurus-EX","","26"
"Thundurus-EX","","98"
"Thundurus-GX","","SM133"
"Thwackey","","15"
"Thwackey","","115"
"Thwackey","","12"
"Thwackey","","13"
"Thwackey","","SV005"
"Thwackey","","17"
"Tickling Machine","","119"
"Tierno","","39"
"Tierno","","107"
"Tierno","","112"
"Timburr","","58"
"Timburr","","59"
"Timburr","","62"
"Timburr","","79"
"Timburr","","103"
"Timburr","","183"
"Timburr","","73"
"Timburr","","65"
"Timburr","","47"
"Timburr","","125"
"Time Capsule","","90"
"Time Shard","","135"
"Time-Space Distortion","","124"
"Timer Ball","","134"
"Ting-Lu","","109"
"Ting-Lu","","110"
"Ting-Lu ex","","127"
"Ting-Lu ex","","243"
"Ting-Lu ex","","263"
"Ting-Lu ex","","275"
"Ting-Lu ex","","244"
"Tinkatink","","96"
"Tinkatink","","100"
"Tinkatink","","101"
"Tinkatink","","102"
"Tinkatink","","216"
"Tinkatink","","82"
"Tinkatink","","83"
"Tinkatink","","165"
"Tinkatink","","25"
"Tinkaton","","98"
"Tinkaton","","105"
"Tinkaton","","85"
"Tinkaton","","167"
"Tinkaton","","20"
"Tinkaton","","140"
"Tinkaton ex","","240"
"Tinkaton ex","","262"
"Tinkaton ex","","31"
"Tinkatuff","","97"
"Tinkatuff","","103"
"Tinkatuff","","104"
"Tinkatuff","","217"
"Tinkatuff","","84"
"Tinkatuff","","166"
"Tirtouga","","27"
"Tirtouga","","25"
"Tirtouga","","44"
"Tirtouga","","37"
"Tirtouga","","22"
"Tirtouga","","106"
"TM Machine","","181"
"Toedscool","","24"
"Toedscool","","25"
"Toedscool","","201"
"Toedscool","","118"
"Toedscool","","15"
"Toedscool","","16"
"Toedscool","","4"
"Toedscool","","105"
"Toedscool","","17"
"Toedscool","","88"
"Toedscruel","","26"
"Toedscruel","","119"
"Toedscruel","","17"
"Toedscruel","","185"
"Toedscruel","","18"
"Toedscruel","","89"
"Toedscruel ex","","22"
"Toedscruel ex","","5"
"Toedscruel ex","","213"
"Togedemaru","","73"
"Togedemaru","","104"
"Togedemaru","","53"
"Togedemaru","","74"
"Togedemaru","","47"
"Togedemaru","","SM09"
"Togedemaru","","SM44"
"Togedemaru","","151"
"Togedemaru","","54"
"Togedemaru","","50"
"Togedemaru","","127"
"Togedemaru","","187"
"Togedemaru ex","","149"
"Togekiss","","104"
"Togekiss","","11"
"Togekiss","","9"
"Togekiss","","82"
"Togekiss","","235"
"Togekiss","","138"
"Togekiss","","85"
"Togekiss","","72"
"Togekiss","","38"
"Togekiss","","57"
"Togekiss","","45"
"Togekiss","","46"
"Togekiss C","","86"
"Togekiss V","","140"
"Togekiss V","","178"
"Togekiss VMAX","","141"
"Togekiss VMAX","","191"
"Togekiss-EX","","83"
"Togepi","","30"
"Togepi","","110"
"Togepi","","102"
"Togepi","","88"
"Togepi","","114"
"Togepi","","78"
"Togepi","","50"
"Togepi","","70"
"Togepi","","9"
"Togepi","","80"
"Togepi","","51"
"Togepi","","56"
"Togepi","","4"
"Togepi","","136"
"Togepi","","83"
"Togepi","","55"
"Togepi","","43"
"Togepi & Cleffa & Igglybuff-GX","","143"
"Togepi & Cleffa & Igglybuff-GX","","143a"
"Togepi δ","","41"
"Togetic","","103"
"Togetic","","55"
"Togetic","","39"
"Togetic","","H27"
"Togetic","","14"
"Togetic","","81"
"Togetic","","16"
"Togetic","","137"
"Togetic","","84"
"Togetic","","71"
"Togetic","","56"
"Togetic","","SWSH276"
"Togetic","","44"
"Togetic δ","","11"
"Tool Box","","168"
"Tool Jammer","","136"
"Tool Retriever","","101"
"Tool Scrapper","","116"
"Tool Scrapper","","212"
"Tool Scrapper","","85"
"Tool Scrapper","","168"
"Tool Scrapper","","208"
"Torchic","","RC5"
"Torchic","","14"
"Torchic","","15"
"Torchic","","89"
"Torchic","","73"
"Torchic","","74"
"Torchic","","83"
"Torchic","","65"
"Torchic","","66"
"Torchic","","67"
"Torchic","","77"
"Torchic","","69"
"Torchic","","3"
"Torchic","","2"
"Torchic","","11"
"Torchic","","6"
"Torchic","","8"
"Torchic","","17"
"Torchic","","99"
"Torchic","","25"
"Torchic","","26"
"Torchic","","4"
"Torchic","","40"
"Torchic","","22"
"Torchic","","7"
"Torchic","","12"
"Torchic","","XY37"
"Torchic ★","","108"
"Torkoal","","18"
"Torkoal","","41"
"Torkoal","","27"
"Torkoal","","33"
"Torkoal","","12"
"Torkoal","","25"
"Torkoal","","100"
"Torkoal","","10"
"Torkoal","","23"
"Torkoal","","29"
"Torkoal","","237"
"Torkoal","","11"
"Torkoal","","35"
"Torkoal","","30"
"Torkoal","","172"
"Torkoal","","16"
"Torkoal V","","24"
"Torkoal V","","188"
"Tormenting Spray","","125"
"Tornadus","","108"
"Tornadus","","89"
"Tornadus","","98"
"Tornadus","","BW42"
"Tornadus","","78"
"Tornadus","","178"
"Tornadus","","120"
"Tornadus","","142"
"Tornadus","","126"
"Tornadus","","86"
"Tornadus V","","124"
"Tornadus V","","184"
"Tornadus V","","185"
"Tornadus VMAX","","125"
"Tornadus VMAX","","209"
"Tornadus-EX","","90"
"Tornadus-EX","","108"
"Tornadus-EX","","98"
"Tornadus-EX","","114"
"Tornadus-EX","","BW96"
"Tornadus-GX","","SM134"
"Torracat","","25"
"Torracat","","28"
"Torracat","","16"
"Torracat","","21"
"Torracat","","33"
"Torracat","","31"
"Torterra","","3"
"Torterra","","17"
"Torterra","","30"
"Torterra","","11"
"Torterra","","10"
"Torterra","","39"
"Torterra","","9"
"Torterra","","58"
"Torterra","","8"
"Torterra ex","","12"
"Torterra ex","","185"
"Torterra LV.X","","122"
"Torterra LV.X","","DP09"
"Totodile","","74"
"Totodile","","106"
"Totodile","","134"
"Totodile","","135"
"Totodile","","78"
"Totodile","","79"
"Totodile","","86"
"Totodile","","5"
"Totodile","","18"
"Totodile","","41"
"Totodile","","80"
"Totodile","","81"
"Totodile","","85"
"Totodile","","22"
"Totodile","","39"
"Totodile","","55"
"Totodile","","15"
"Totodile δ","","67"
"Toucannon","","108"
"Toucannon","","166"
"Toucannon","","145"
"Tower of Darkness","","137"
"Tower of Waters","","138"
"Town Map","","136"
"Town Map","","150"
"Town Store","","196"
"Town Volunteers","","136"
"Toxapex","","63"
"Toxapex","","97"
"Toxapex","","69"
"Toxapex","","115"
"Toxapex","","52"
"Toxapex-GX","","57"
"Toxapex-GX","","136"
"Toxapex-GX","","154"
"Toxel","","67"
"Toxel","","71"
"Toxel","","69"
"Toxel","","140"
"Toxel","","119"
"Toxel","","68"
"Toxel","","62"
"Toxel","","SV041"
"Toxel","","105"
"Toxel","","106"
"Toxel","","SWSH209"
"Toxicroak","","63"
"Toxicroak","","66"
"Toxicroak","","36"
"Toxicroak","","31"
"Toxicroak","","79"
"Toxicroak","","11"
"Toxicroak","","55"
"Toxicroak","","57"
"Toxicroak","","64"
"Toxicroak","","115"
"Toxicroak","","24"
"Toxicroak","","124"
"Toxicroak","","110"
"Toxicroak","","166"
"Toxicroak","","59"
"Toxicroak ex","","131"
"Toxicroak ex","","232"
"Toxicroak G","","DP41"
"Toxicroak G","","40"
"Toxicroak-EX","","41"
"Toxicroak-EX","","102"
"Toxtricity","","68"
"Toxtricity","","103"
"Toxtricity","","72"
"Toxtricity","","141"
"Toxtricity","","GG09"
"Toxtricity","","69"
"Toxtricity","","63"
"Toxtricity","","SV042"
"Toxtricity","","107"
"Toxtricity","","108"
"Toxtricity ex","","100"
"Toxtricity ex","","227"
"Toxtricity V","","70"
"Toxtricity V","","182"
"Toxtricity V","","SV112"
"Toxtricity V","","SWSH017"
"Toxtricity VMAX","","71"
"Toxtricity VMAX","","196"
"Toxtricity VMAX","","SV113"
"Toy Catcher","","163"
"Toy Catcher","","233"
"Trainers' Mail","","92"
"Trainers' Mail","","92a"
"Trainers' Mail","","100"
"Training Center","","102"
"Training Court","","169"
"Training Court","","282"
"Tranquill","","85"
"Tranquill","","81"
"Tranquill","","124"
"Tranquill","","62"
"Tranquill","","175"
"Tranquill","","134"
"Tranquill","","144"
"Tranquill","","79"
"Tranquill","","72"
"Tranquill","","149"
"Transparent Walls","","125"
"Trapinch","","83"
"Trapinch","","115"
"Trapinch","","67"
"Trapinch","","68"
"Trapinch","","82"
"Trapinch","","78"
"Trapinch","","79"
"Trapinch","","51"
"Trapinch","","84"
"Trapinch","","107"
"Trapinch","","108"
"Trapinch","","32"
"Trapinch","","104"
"Trapinch","","89"
"Trapinch","","40"
"Trapinch","","74"
"Trapinch","","53"
"Trapinch δ","","84"
"Trapinch δ","","68"
"Trapinch δ","","69"
"Trash Exchange","","126"
"Traveling Salesman","","137"
"Treasure Energy","","165"
"Treasure Tracker","","131"
"Treecko","","6"
"Treecko","","90"
"Treecko","","79"
"Treecko","","75"
"Treecko","","76"
"Treecko","","67"
"Treecko","","80"
"Treecko","","70"
"Treecko","","1"
"Treecko","","3"
"Treecko","","7"
"Treecko","","16"
"Treecko","","78"
"Treecko","","8"
"Treecko","","20"
"Treecko","","XY36"
"Treecko ★","","109"
"Treecko δ","","68"
"Treecko δ","","15"
"Trekking Shoes","","156"
"Trekking Shoes","","215"
"Trekking Shoes","","145"
"Trevenant","","94"
"Trevenant","","7"
"Trevenant","","12"
"Trevenant","","13"
"Trevenant","","17"
"Trevenant","","15"
"Trevenant","","55"
"Trevenant","","65"
"Trevenant","","XY14"
"Trevenant","","XY94"
"Trevenant & Dusknoir-GX","","SM217"
"Trevenant BREAK","","66"
"Trevenant V","","13"
"Trevenant V","","168"
"Trevenant VMAX","","14"
"Trevenant VMAX","","206"
"Trevenant-EX","","19"
"Trevenant-EX","","145"
"Trevor","","XY33"
"Trick Coin","","108"
"Trick Shovel","","98"
"Triple Acceleration Energy","","190"
"Triple Acceleration Energy","","234"
"Tropical Beach","","BW28"
"Tropical Beach","","BW50"
"Tropical Tidal Wave","","HGSS18"
"Tropical Tidal Wave","","27"
"Tropical Tidal Wave","","36"
"Tropical Wind","","DP05"
"Tropical Wind","","DP25"
"Tropical Wind","","DP48"
"Tropical Wind","","26"
"Tropius","","5"
"Tropius","","64"
"Tropius","","27"
"Tropius","","66"
"Tropius","","22"
"Tropius","","52"
"Tropius","","12"
"Tropius","","21"
"Tropius","","7"
"Tropius","","195"
"Tropius","","123"
"Tropius","","6"
"Tropius δ","","23"
"Trubbish","","67"
"Trubbish","","48"
"Trubbish","","53"
"Trubbish","","63"
"Trubbish","","64"
"Trubbish","","65"
"Trubbish","","59"
"Trubbish","","140"
"Trubbish","","50"
"Trubbish","","116"
"Trubbish","","117"
"Trubbish","","43"
"Trubbish","","110"
"Trubbish","","168"
"Trubbish","","56"
"Trumbeak","","107"
"Trumbeak","","165"
"Trumbeak","","144"
"Tsareena","","20"
"Tsareena","","19"
"Tsareena","","SM26"
"Tsareena","","18"
"Tsareena","","16"
"Tsareena","","15"
"Tsareena ex","","46"
"Tsareena ex","","220"
"Tsareena V","","21"
"Tsareena V","","246"
"Tsareena-GX","","SM56"
"Tulip","","181"
"Tulip","","244"
"Tulip","","259"
"Turbo Patch","","172"
"Turbo Patch","","200"
"Turffield Stadium","","170"
"Turffield Stadium","","68"
"Turffield Stadium","","234"
"Turtonator","","17"
"Turtonator","","26"
"Turtonator","","27"
"Turtonator","","50"
"Turtonator","","SM27"
"Turtonator","","35"
"Turtonator","","25"
"Turtonator","","146"
"Turtonator","","137"
"Turtonator","","29"
"Turtonator","","198"
"Turtonator-GX","","18"
"Turtonator-GX","","131"
"Turtonator-GX","","148"
"Turtonator-GX","","SV52"
"Turtwig","","1"
"Turtwig","","103"
"Turtwig","","77"
"Turtwig","","78"
"Turtwig","","DP01"
"Turtwig","","67"
"Turtwig","","4"
"Turtwig","","101"
"Turtwig","","131"
"Turtwig","","17"
"Turtwig","","6"
"Turtwig","","7"
"Turtwig","","10"
"Turtwig","","GG31"
"Turtwig GL","","85"
"TV Reporter","","82"
"TV Reporter","","88"
"TV Reporter","","11"
"TV Reporter","","149"
"TV Reporter","","167"
"Twin Energy","","174"
"Twin Energy","","209"
"Twins","","89"
"Twist Mountain","","101"
"Tyme","","190"
"Tyme","","143"
"Tympole","","40"
"Tympole","","22"
"Tympole","","31"
"Tympole","","34"
"Tympole","","24"
"Tympole","","58"
"Tympole","","50"
"Tympole","","44"
"Tympole","","42"
"Tympole","","33"
"Tympole","","19"
"Tympole","","103"
"Tynamo","","31"
"Tynamo","","38"
"Tynamo","","39"
"Tynamo","","44"
"Tynamo","","45"
"Tynamo","","10"
"Tynamo","","59"
"Tynamo","","63"
"Tynamo","","64"
"Tynamo","","67"
"Tynamo","","57"
"Tynamo","","95"
"Tynamo","","62"
"Tynamo","","30"
"Tynamo","","113"
"Type: Null","","183"
"Type: Null","","89"
"Type: Null","","115"
"Type: Null","","SV45"
"Typhlosion","","35"
"Typhlosion","","16"
"Typhlosion","","28"
"Typhlosion","","64"
"Typhlosion","","65"
"Typhlosion","","17"
"Typhlosion","","32"
"Typhlosion","","110"
"Typhlosion","","HGSS09"
"Typhlosion","","18"
"Typhlosion","","34"
"Typhlosion","","42"
"Typhlosion","","SM185"
"Typhlosion","","20"
"Typhlosion ex","","110"
"Typhlosion ex","","99"
"Typhlosion δ","","12"
"Tyranitar","","17"
"Tyranitar","","30"
"Tyranitar","","29"
"Tyranitar","","66"
"Tyranitar","","40"
"Tyranitar","","H28"
"Tyranitar","","26"
"Tyranitar","","88"
"Tyranitar","","12"
"Tyranitar","","31"
"Tyranitar","","43"
"Tyranitar","","87"
"Tyranitar","","85"
"Tyranitar","","135"
"Tyranitar","","222"
"Tyranitar","","95"
"Tyranitar","","56"
"Tyranitar","","XY130"
"Tyranitar ex","","111"
"Tyranitar ex","","17"
"Tyranitar ex","","66"
"Tyranitar ex","","211"
"Tyranitar ex","","64"
"Tyranitar ex δ","","99"
"Tyranitar Spirit Link","","81"
"Tyranitar V","","97"
"Tyranitar V","","154"
"Tyranitar V","","155"
"Tyranitar V","","158"
"Tyranitar V","","SWSH109"
"Tyranitar δ","","16"
"Tyranitar-EX","","42"
"Tyranitar-EX","","91"
"Tyranitar-GX","","121"
"Tyranitar-GX","","203"
"Tyranitar-GX","","223"
"Tyrantrum","","69"
"Tyrantrum","","62"
"Tyrantrum-EX","","XY70"
"Tyrogue","","36"
"Tyrogue","","126"
"Tyrogue","","63"
"Tyrogue","","33"
"Tyrogue","","71"
"Tyrogue","","66"
"Tyrogue","","100"
"Tyrunt","","68"
"Tyrunt","","61"
"U-Turn Board","","211"
"U-Turn Board","","255"
"Ultimate Zone","","DP55"
"Ultimate Zone","","91"
"Ultra Ball","","90"
"Ultra Ball","","102"
"Ultra Ball","","122"
"Ultra Ball","","131"
"Ultra Ball","","213"
"Ultra Ball","","264"
"Ultra Ball","","135"
"Ultra Ball","","161"
"Ultra Ball","","68"
"Ultra Ball","","68a"
"Ultra Ball","","196"
"Ultra Ball","","91"
"Ultra Ball","","146"
"Ultra Ball","","150"
"Ultra Ball","","186"
"Ultra Ball","","113"
"Ultra Ball","","99"
"Ultra Ball","","93"
"Ultra Forest Kartenvoy","","188"
"Ultra Necrozma","","164"
"Ultra Necrozma","","SM165"
"Ultra Necrozma-GX","","95"
"Ultra Necrozma-GX","","127"
"Ultra Necrozma-GX","","140"
"Ultra Necrozma-GX","","78"
"Ultra Necrozma-GX","","SM126"
"Ultra Recon Squad","","114"
"Ultra Recon Squad","","131"
"Ultra Space","","115"
"Umbreon","","60"
"Umbreon","","61"
"Umbreon","","64"
"Umbreon","","BW93"
"Umbreon","","22"
"Umbreon","","32"
"Umbreon","","41"
"Umbreon","","H29"
"Umbreon","","H30"
"Umbreon","","24"
"Umbreon","","10"
"Umbreon","","86"
"Umbreon","","13"
"Umbreon","","120"
"Umbreon","","130"
"Umbreon","","59"
"Umbreon","","SWSH129"
"Umbreon","","XY96"
"Umbreon & Darkrai-GX","","125"
"Umbreon & Darkrai-GX","","SM241"
"Umbreon ★","","17"
"Umbreon ex","","112"
"Umbreon ex","","60"
"Umbreon ex","","161"
"Umbreon V","","94"
"Umbreon V","","188"
"Umbreon V","","189"
"Umbreon V","","TG22"
"Umbreon V","","SWSH203"
"Umbreon VMAX","","95"
"Umbreon VMAX","","214"
"Umbreon VMAX","","215"
"Umbreon VMAX","","TG23"
"Umbreon δ","","17"
"Umbreon-EX","","55"
"Umbreon-EX","","119"
"Umbreon-GX","","80"
"Umbreon-GX","","142"
"Umbreon-GX","","154"
"Umbreon-GX","","SV69"
"Umbreon-GX","","SM36"
"Underground Expedition","","140"
"Underground Expedition","","97"
"Underground Expedition","","150"
"Underground Expedition","","168"
"Underground Lake","","141"
"Undersea Ruins","","138"
"Unfair Stamp","","165"
"Unfezant","","86"
"Unfezant","","82"
"Unfezant","","125"
"Unfezant","","63"
"Unfezant","","176"
"Unfezant","","135"
"Unfezant","","145"
"Unfezant","","80"
"Unfezant","","81"
"Unfezant","","73"
"Unfezant","","150"
"Unidentified Fossil","","210"
"Unidentified Fossil","","207"
"Unidentified Fossil","","134"
"Unidentified Fossil","","116"
"Unidentified Fossil","","155"
"Unidentified Fossil","","157"
"Unidentified Fossil","","165"
"Unit Energy FightingDarknessFairy","","118"
"Unit Energy FightingDarknessFairy","","146"
"Unit Energy GrassFireWater","","137"
"Unit Energy GrassFireWater","","170"
"Unit Energy LightningPsychicMetal","","138"
"Unit Energy LightningPsychicMetal","","171"
"Unown","","A"
"Unown","","B"
"Unown","","C"
"Unown","","D"
"Unown","","E"
"Unown","","F"
"Unown","","G"
"Unown","","H"
"Unown","","I"
"Unown","","J"
"Unown","","K"
"Unown","","L"
"Unown","","M"
"Unown","","N"
"Unown","","O"
"Unown","","P"
"Unown","","Q"
"Unown","","R"
"Unown","","S"
"Unown","","T"
"Unown","","U"
"Unown","","V"
"Unown","","W"
"Unown","","X"
"Unown","","Y"
"Unown","","Z"
"Unown","","!"
"Unown","","?"
"Unown","","54"
"Unown","","55"
"Unown","","40"
"Unown","","51"
"Unown","","90"
"Unown","","91"
"Unown","","92"
"Unown","","30"
"Unown [!]","","42"
"Unown [?]","","82"
"Unown [A]","","65"
"Unown [A]","","14"
"Unown [A]","","33"
"Unown [B]","","66"
"Unown [B]","","39"
"Unown [C]","","67"
"Unown [C]","","57"
"Unown [D]","","68"
"Unown [D]","","47"
"Unown [E]","","65"
"Unown [E]","","67"
"Unown [F]","","56"
"Unown [F]","","48"
"Unown [G]","","57"
"Unown [G]","","27"
"Unown [H]","","29"
"Unown [H]","","28"
"Unown [I]","","37"
"Unown [I]","","68"
"Unown [J]","","38"
"Unown [J]","","76"
"Unown [K]","","68"
"Unown [K]","","58"
"Unown [L]","","91"
"Unown [L]","","86"
"Unown [M]","","66"
"Unown [M]","","49"
"Unown [N]","","69"
"Unown [N]","","50"
"Unown [O]","","70"
"Unown [O]","","69"
"Unown [P]","","33"
"Unown [P]","","58"
"Unown [Q]","","49"
"Unown [Q]","","59"
"Unown [R]","","77"
"Unown [S]","","39"
"Unown [S]","","87"
"Unown [T]","","67"
"Unown [T]","","88"
"Unown [U]","","78"
"Unown [U]","","51"
"Unown [V]","","79"
"Unown [V]","","89"
"Unown [W]","","80"
"Unown [W]","","29"
"Unown [X]","","71"
"Unown [X]","","30"
"Unown [Y]","","81"
"Unown [Y]","","40"
"Unown [Z]","","72"
"Unown [Z]","","60"
"Unown V","","65"
"Unown V","","176"
"Unown V","","177"
"Unown VSTAR","","66"
"Unown VSTAR","","199"
"Upper Energy","","102"
"Urbain","","214"
"Urn of Vitality","","139"
"Urn of Vitality","","229"
"Ursaluna","","124"
"Ursaluna V","","102"
"Ursaring","","76"
"Ursaring","","RC16"
"Ursaring","","37"
"Ursaring","","38"
"Ursaring","","110"
"Ursaring","","18"
"Ursaring","","27"
"Ursaring","","89"
"Ursaring","","15"
"Ursaring","","34"
"Ursaring","","172"
"Ursaring","","123"
"Ursaring","","139"
"Ursaring","","127"
"Ursaring","","122"
"Uxie","","36"
"Uxie","","18"
"Uxie","","43"
"Uxie","","83"
"Uxie","","41"
"Uxie","","78"
"Uxie","","65"
"Uxie LV.X","","146"
"V Guard Energy","","169"
"V Guard Energy","","215"
"Vanillish","","28"
"Vanillish","","32"
"Vanillish","","34"
"Vanillish","","36"
"Vanillish","","112"
"Vanillish","","44"
"Vanillish","","190"
"Vanillish","","46"
"Vanillite","","27"
"Vanillite","","31"
"Vanillite","","33"
"Vanillite","","35"
"Vanillite","","111"
"Vanillite","","43"
"Vanillite","","45"
"Vanilluxe","","29"
"Vanilluxe","","33"
"Vanilluxe","","37"
"Vanilluxe","","113"
"Vanilluxe","","35"
"Vanilluxe","","45"
"Vanilluxe","","47"
"Vaporeon","","12"
"Vaporeon","","28"
"Vaporeon","","25"
"Vaporeon","","20"
"Vaporeon","","BW89"
"Vaporeon","","52"
"Vaporeon","","34"
"Vaporeon","","33"
"Vaporeon","","H31"
"Vaporeon","","19"
"Vaporeon","","41"
"Vaporeon","","6"
"Vaporeon","","18"
"Vaporeon","","42"
"Vaporeon","","134"
"Vaporeon","","22"
"Vaporeon","","30"
"Vaporeon","","TG02"
"Vaporeon","","SWSH072"
"Vaporeon ★","","102"
"Vaporeon ex","","110"
"Vaporeon ex","","23"
"Vaporeon ex","","149"
"Vaporeon V","","172"
"Vaporeon V","","SWSH150"
"Vaporeon V","","SWSH181"
"Vaporeon VMAX","","30"
"Vaporeon VMAX","","SWSH182"
"Vaporeon δ","","18"
"Vaporeon-EX","","24"
"Vaporeon-GX","","SM172"
"Varoom","","140"
"Varoom","","141"
"Varoom","","154"
"Varoom","","155"
"Varoom","","206"
"Varoom","","64"
"Varoom","","192"
"Varoom","","124"
"Varoom","","43"
"Varoom","","108"
"Varoom","","26"
"Veluza","","56"
"Veluza","","54"
"Veluza","","192"
"Veluza","","125"
"Veluza","","45"
"Veluza ex","","43"
"Vengeful Punch","","197"
"Venipede","","52"
"Venipede","","38"
"Venipede","","72"
"Venipede","","56"
"Venipede","","115"
"Venipede","","105"
"Venipede","","51"
"Venipede","","54"
"Venipede","","132"
"Venomoth","","13"
"Venomoth","","29"
"Venomoth","","31"
"Venomoth","","73"
"Venomoth","","111"
"Venomoth","","49"
"Venomoth","","11"
"Venomoth","","2"
"Venomoth-GX","","12"
"Venomoth-GX","","193"
"Venomoth-GX","","216"
"Venonat","","63"
"Venonat","","97"
"Venonat","","116"
"Venonat","","112"
"Venonat","","84"
"Venonat","","81"
"Venonat","","90"
"Venonat","","9"
"Venonat","","10"
"Venonat","","48"
"Venonat","","1"
"Venture Bomb","","93"
"Venusaur","","15"
"Venusaur","","18"
"Venusaur","","13"
"Venusaur","","3"
"Venusaur","","20"
"Venusaur","","30"
"Venusaur","","67"
"Venusaur","","68"
"Venusaur","","28"
"Venusaur","","6"
"Venusaur","","1"
"Venusaur & Snivy-GX","","1"
"Venusaur & Snivy-GX","","210"
"Venusaur & Snivy-GX","","249"
"Venusaur & Snivy-GX","","SM229"
"Venusaur ex","","112"
"Venusaur ex","","3"
"Venusaur ex","","182"
"Venusaur ex","","198"
"Venusaur ex","","1"
"Venusaur Spirit Link","","89"
"Venusaur V","","1"
"Venusaur V","","SWSH100"
"Venusaur VMAX","","SWSH102"
"Venusaur-EX","","1"
"Venusaur-EX","","141"
"Venusaur-EX","","XY28"
"Venusaur-EX","","XY123"
"Vermilion City Gym","","120"
"Vespiquen","","5"
"Vespiquen","","39"
"Vespiquen","","31"
"Vespiquen","","23"
"Vespiquen","","32"
"Vespiquen","","9"
"Vespiquen","","12"
"Vespiquen","","10"
"Vespiquen","","11"
"Vespiquen E4","","35"
"Vespiquen ex","","96"
"Vespiquen ex","","212"
"Vibrava","","98"
"Vibrava","","74"
"Vibrava","","46"
"Vibrava","","40"
"Vibrava","","22"
"Vibrava","","47"
"Vibrava","","52"
"Vibrava","","53"
"Vibrava","","109"
"Vibrava","","38"
"Vibrava","","105"
"Vibrava","","206"
"Vibrava","","90"
"Vibrava","","75"
"Vibrava δ","","54"
"Vibrava δ","","24"
"Vibrava δ","","42"
"Victini","","23"
"Victini","","14"
"Victini","","15"
"Victini","","43"
"Victini","","98"
"Victini","","BW32"
"Victini","","5"
"Victini","","172"
"Victini","","26"
"Victini","","30"
"Victini","","10"
"Victini","","49"
"Victini","","SM225"
"Victini","","21"
"Victini","","7"
"Victini","","20"
"Victini","","36"
"Victini","","13"
"Victini","","XY117"
"Victini","","XY189"
"Victini","","12"
"Victini","","171"
"Victini ◇","","7"
"Victini ex","","33"
"Victini ex","","142"
"Victini V","","25"
"Victini V","","21"
"Victini V","","144"
"Victini V","","SWSH104"
"Victini VMAX","","22"
"Victini VMAX","","165"
"Victini-EX","","24"
"Victini-EX","","18"
"Victini-EX","","131"
"Victory Cup","","BW29"
"Victory Cup","","BW30"
"Victory Cup","","BW31"
"Victory Piece","","130"
"Victreebel","","14"
"Victreebel","","30"
"Victreebel","","32"
"Victreebel","","44"
"Victreebel","","42"
"Victreebel","","H30"
"Victreebel","","13"
"Victreebel","","17"
"Victreebel","","12"
"Victreebel","","15"
"Victreebel","","3"
"Victreebel","","71"
"Vigoroth","","102"
"Vigoroth","","68"
"Vigoroth","","47"
"Vigoroth","","41"
"Vigoroth","","52"
"Vigoroth","","50"
"Vigoroth","","64"
"Vigoroth","","169"
"Vigoroth","","114"
"Vigoroth","","161"
"Vigoroth","","146"
"Vigoroth","","130"
"Vigoroth","","82"
"Vikavolt","","66"
"Vikavolt","","230"
"Vikavolt","","52"
"Vikavolt","","59"
"Vikavolt","","SM28"
"Vikavolt","","SM208"
"Vikavolt","","56"
"Vikavolt","","53"
"Vikavolt","","101"
"Vikavolt V","","60"
"Vikavolt V","","180"
"Vikavolt-GX","","45"
"Vikavolt-GX","","134"
"Vikavolt-GX","","152"
"Vileplume","","15"
"Vileplume","","31"
"Vileplume","","3"
"Vileplume","","45"
"Vileplume","","69"
"Vileplume","","43"
"Vileplume","","H31"
"Vileplume","","24"
"Vileplume","","17"
"Vileplume","","8"
"Vileplume","","6"
"Vileplume","","94"
"Vileplume ex","","100"
"Vileplume δ","","17"
"Vileplume-GX","","4"
"Vileplume-GX","","211"
"Vileplume-GX","","250"
"Virbank City Gym","","126"
"Viridian City Gym","","123"
"Viridian Forest","","256"
"Viridian Forest","","156"
"Virizion","","103"
"Virizion","","15"
"Virizion","","17"
"Virizion","","13"
"Virizion","","97"
"Virizion","","BW70"
"Virizion","","10"
"Virizion","","95"
"Virizion","","8"
"Virizion","","14"
"Virizion","","12"
"Virizion V","","164"
"Virizion V","","SWSH295"
"Virizion-EX","","9"
"Virizion-EX","","96"
"Virizion-GX","","34"
"Virizion-GX","","197"
"Virizion-GX","","217"
"Vitality Band","","197"
"Vitality Band","","185"
"Vivillon","","8"
"Vivillon","","10"
"Vivillon","","7"
"Vivillon","","193"
"Vivillon","","13"
"Vivillon","","17"
"Vivillon","","15"
"Vivillon","","XY137"
"Volbeat","","92"
"Volbeat","","56"
"Volbeat","","53"
"Volbeat","","42"
"Volbeat","","82"
"Volbeat","","17"
"Volbeat","","9"
"Volbeat","","8"
"Volcanion","","25"
"Volcanion","","SM179"
"Volcanion","","22"
"Volcanion","","26"
"Volcanion","","XY145"
"Volcanion","","XY164"
"Volcanion","","XY185"
"Volcanion ◇","","31"
"Volcanion ex","","31"
"Volcanion ex","","171"
"Volcanion ex","","182"
"Volcanion V","","25"
"Volcanion V","","162"
"Volcanion-EX","","26"
"Volcanion-EX","","107"
"Volcanion-EX","","115"
"Volcanion-EX","","XY173"
"Volcarona","","13"
"Volcarona","","21"
"Volcarona","","22"
"Volcarona","","BW40"
"Volcarona","","41"
"Volcarona","","25"
"Volcarona","","29"
"Volcarona","","30"
"Volcarona","","24"
"Volcarona","","15"
"Volcarona","","17"
"Volcarona","","18"
"Volcarona","","16"
"Volcarona","","100"
"Volcarona V","","21"
"Volcarona V","","170"
"Volcarona-GX","","35"
"Volcarona-GX","","213"
"Volcarona-GX","","252"
"Volkner","","135"
"Volkner","","135a"
"Volkner","","156"
"Volkner's Philosophy","","98"
"Volo","","169"
"Volo","","196"
"Volo","","211"
"Volo","","151"
"Voltorb","","67"
"Voltorb","","98"
"Voltorb","","69"
"Voltorb","","97"
"Voltorb","","51"
"Voltorb","","32"
"Voltorb","","117"
"Voltorb","","80"
"Voltorb","","81"
"Voltorb","","SH3"
"Voltorb","","64"
"Voltorb","","115"
"Voltorb","","113"
"Voltorb","","68"
"Voltorb","","85"
"Voltorb","","71"
"Voltorb","","83"
"Voltorb","","21"
"Voltorb","","30"
"Voltorb","","47"
"Voltorb","","38"
"Voltorb","","SV13"
"Voltorb","","66"
"Voltorb","","100"
"Voltorb","","133"
"Voltorb","","56"
"Voltorb","","45"
"Voltorb","","87"
"Voltorb","","44"
"Voltorb","","39"
"Voltorb ex","","58"
"VS Seeker","","100"
"VS Seeker","","140"
"VS Seeker","","109"
"VS Seeker","","110"
"Vullaby","","72"
"Vullaby","","68"
"Vullaby","","73"
"Vullaby","","92"
"Vullaby","","138"
"Vullaby","","63"
"Vullaby","","144"
"Vullaby","","119"
"Vullaby","","172"
"Vullaby","","57"
"Vulpix","","68"
"Vulpix","","99"
"Vulpix","","98"
"Vulpix","","20"
"Vulpix","","18"
"Vulpix","","75"
"Vulpix","","107"
"Vulpix","","136"
"Vulpix","","116"
"Vulpix","","69"
"Vulpix","","81"
"Vulpix","","72"
"Vulpix","","87"
"Vulpix","","1"
"Vulpix","","19"
"Vulpix","","138"
"Vulpix","","91"
"Vulpix","","102"
"Vulpix","","SH6"
"Vulpix","","15"
"Vulpix","","28"
"Vulpix","","37"
"Vulpix","","26"
"Vulpix","","16"
"Vulpix","","22"
"Vulpix","","17"
"Vulpix","","24"
"Vulpix","","6"
"Vulpix","","29"
"Vulpix","","7"
"Vulpix","","14"
"Vulpix δ","","70"
"Wailmer","","25"
"Wailmer","","58"
"Wailmer","","48"
"Wailmer","","69"
"Wailmer","","83"
"Wailmer","","52"
"Wailmer","","87"
"Wailmer","","45"
"Wailmer","","29"
"Wailmer","","39"
"Wailmer","","40"
"Wailmer","","37"
"Wailmer","","31"
"Wailord","","26"
"Wailord","","30"
"Wailord","","14"
"Wailord","","31"
"Wailord","","47"
"Wailord","","46"
"Wailord","","40"
"Wailord","","41"
"Wailord","","162"
"Wailord","","38"
"Wailord","","32"
"Wailord ex","","100"
"Wailord V","","13"
"Wailord-EX","","38"
"Wailord-EX","","147"
"Wait and See Hammer","","192"
"Wait and See Hammer","","236"
"Wait and See Turbo","","158"
"Waitress","","215"
"Walking Wake","","63"
"Walking Wake ex","","50"
"Walking Wake ex","","189"
"Walking Wake ex","","205"
"Walking Wake ex","","215"
"Walking Wake ex","","178"
"Walking Wake ex","","127"
"Wallace","","166"
"Wallace","","194"
"Wallace","","208"
"Wally","","RC27"
"Wally","","94"
"Wally","","107"
"Wally's Compassion","","132"
"Wally's Compassion","","176"
"Wally's Compassion","","186"
"Wally's Training","","89"
"Wally's Training","","85"
"Walrein","","31"
"Walrein","","39"
"Walrein","","15"
"Walrein","","36"
"Walrein","","52"
"Walrein","","45"
"Walrein","","26"
"Walrein","","48"
"Walrein ex","","89"
"Walrein ex","","99"
"Warp Energy","","95"
"Warp Energy","","147"
"Warp Energy","","100"
"Warp Energy","","91"
"Warp Energy","","70"
"Warp Energy","","123"
"Warp Point","","116"
"Warp Point","","88"
"Warp Point","","152"
"Warp Point","","93"
"Warp Point","","84"
"Warp Point","","85"
"Warp Point","","126"
"Wartortle","","42"
"Wartortle","","63"
"Wartortle","","15"
"Wartortle","","30"
"Wartortle","","75"
"Wartortle","","92"
"Wartortle","","43"
"Wartortle","","50"
"Wartortle","","16"
"Wartortle","","65"
"Wartortle","","34"
"Wartortle","","24"
"Wartortle","","8"
"Wartortle","","171"
"Wash Rotom","","RT5"
"Wash Rotom","","40"
"Wash Rotom","","SM94"
"Wash Rotom","","61"
"Wash Water Energy","","165"
"Watchog","","79"
"Watchog","","119"
"Watchog","","112"
"Watchog","","113"
"Watchog","","73"
"Watchog","","153"
"Watchog","","108"
"Watchog","","85"
"Water Cube 01","","140"
"Water Energy","","102"
"Water Energy","","130"
"Water Energy","","107"
"Water Energy","","90"
"Water Energy","","125"
"Water Energy","","165"
"Water Energy","","106"
"Water Energy","","105"
"Water Energy","","103"
"Water Energy","","77"
"Water Energy","","132"
"Water Energy","","117"
"Water Energy","","111"
"Water Energy","","166"
"Water Energy","","124"
"Water Energy","","154"
"Water Energy","","231"
"Water Energy","","134"
"Water Energy","","93"
"Water Memory","","157"
"Wattrel","","77"
"Wattrel","","78"
"Wattrel","","80"
"Wattrel","","81"
"Wattrel","","145"
"Wattrel","","75"
"Wattrel","","178"
"Wattrel","","66"
"Weakness Guard","","141"
"Weakness Guard Energy","","213"
"Weakness Guard Energy","","258"
"Weakness Policy","","126"
"Weakness Policy","","142"
"Weakness Policy","","164"
"Weavile","","70"
"Weavile","","66"
"Weavile","","40"
"Weavile","","25"
"Weavile","","45"
"Weavile","","228"
"Weavile","","44"
"Weavile","","238"
"Weavile","","86"
"Weavile","","74"
"Weavile","","134"
"Weavile","","183"
"Weavile","","14"
"Weavile","","31"
"Weavile","","87"
"Weavile","","SWSH246"
"Weavile","","61"
"Weavile","","52"
"Weavile G","","17"
"Weavile-GX","","132"
"Weeding Gloves","","155"
"Weedle","","69"
"Weedle","","100"
"Weedle","","99"
"Weedle","","1"
"Weedle","","93"
"Weedle","","114"
"Weedle","","115"
"Weedle","","87"
"Weedle","","86"
"Weedle","","70"
"Weedle","","2"
"Weedle","","3"
"Weedle","","13"
"Weedle","","5"
"Weepinbell","","48"
"Weepinbell","","64"
"Weepinbell","","127"
"Weepinbell","","65"
"Weepinbell","","47"
"Weepinbell","","51"
"Weepinbell","","53"
"Weepinbell","","14"
"Weepinbell","","2"
"Weepinbell","","70"
"Weezing","","45"
"Weezing","","58"
"Weezing","","38"
"Weezing","","31"
"Weezing","","32"
"Weezing","","70"
"Weezing","","24"
"Weezing","","33"
"Weezing","","51"
"Weezing","","34"
"Weezing","","87"
"Weezing","","74"
"Weezing","","29"
"Weezing","","77"
"Weezing","","110"
"Weezing","","92"
"Weezing","","95"
"Weezing","","28"
"Weezing","","XY163"
"Wela Volcano Park","","63"
"Welcoming Lantern","","156"
"Welcoming Lantern","","230"
"Welder","","189"
"Welder","","189a"
"Welder","","214"
"Wellspring Mask Ogerpon","","67"
"Wellspring Mask Ogerpon ex","","64"
"Wellspring Mask Ogerpon ex","","194"
"Wellspring Mask Ogerpon ex","","213"
"Wellspring Mask Ogerpon ex","","27"
"Wellspring Mask Ogerpon ex","","152"
"Whimsicott","","11"
"Whimsicott","","12"
"Whimsicott","","15"
"Whimsicott","","144"
"Whimsicott","","148"
"Whimsicott","","91"
"Whimsicott","","35"
"Whimsicott","","8"
"Whimsicott","","6"
"Whimsicott","","76"
"Whimsicott","","71"
"Whimsicott","","56"
"Whimsicott ex","","5"
"Whimsicott ex","","157"
"Whimsicott ex","","165"
"Whimsicott V","","64"
"Whimsicott V","","160"
"Whimsicott VSTAR","","65"
"Whimsicott VSTAR","","175"
"Whimsicott-GX","","140"
"Whimsicott-GX","","206"
"Whimsicott-GX","","226"
"Whirlipede","","53"
"Whirlipede","","39"
"Whirlipede","","73"
"Whirlipede","","57"
"Whirlipede","","116"
"Whirlipede","","106"
"Whirlipede","","52"
"Whirlipede","","55"
"Whirlipede","","133"
"Whiscash","","40"
"Whiscash","","55"
"Whiscash","","48"
"Whiscash","","28"
"Whiscash","","71"
"Whiscash","","109"
"Whiscash","","36"
"Whiscash","","100"
"Whiscash","","41"
"Whiscash E4","","54"
"Whismur","","105"
"Whismur","","94"
"Whismur","","69"
"Whismur","","82"
"Whismur","","73"
"Whismur","","19"
"Whismur","","132"
"Whismur","","116"
"Whismur","","117"
"Whismur","","148"
"Whismur","","135"
"Whismur","","80"
"Whismur","","83"
"White Kyurem","","102"
"White Kyurem","","BW59"
"White Kyurem","","63"
"White Kyurem","","21"
"White Kyurem","","XY81"
"White Kyurem","","XY128"
"White Kyurem-EX","","101"
"White Kyurem-EX","","103"
"White Kyurem-EX","","146"
"White Kyurem-EX","","96"
"White Kyurem-EX","","BW63"
"White Kyurem-GX","","48"
"White Kyurem-GX","","74"
"White Kyurem-GX","","SM141"
"Whitney","","193"
"Whitney","","214"
"Wicke","","127"
"Wicke","","147"
"Wide Lens","","95"
"Wigglytuff","","16"
"Wigglytuff","","32"
"Wigglytuff","","19"
"Wigglytuff","","79"
"Wigglytuff","","34"
"Wigglytuff","","13"
"Wigglytuff","","52"
"Wigglytuff","","56"
"Wigglytuff","","77"
"Wigglytuff","","105"
"Wigglytuff","","135"
"Wigglytuff","","72"
"Wigglytuff","","134"
"Wigglytuff","","84"
"Wigglytuff","","147"
"Wigglytuff","","68"
"Wigglytuff","","111"
"Wigglytuff","","89"
"Wigglytuff","","90"
"Wigglytuff","","66"
"Wigglytuff ex","","101"
"Wigglytuff ex","","40"
"Wigglytuff ex","","187"
"Wigglytuff ex","","222"
"Wigglytuff-GX","","42"
"Wiglett","","55"
"Wiglett","","56"
"Wiglett","","206"
"Wiglett","","58"
"Wiglett","","51"
"Wiglett","","52"
"Wiglett","","121"
"Wiglett","","47"
"Will","","208"
"Wimpod","","25"
"Wimpod","","50"
"Wimpod","","8"
"Wimpod","","16"
"Wimpod","","SV4"
"Wimpod","","47"
"Wimpod","","48"
"Wimpod","","191"
"Wimpod","","17"
"Windstorm","","85"
"Windup Arm","","170"
"Wingull","","95"
"Wingull","","77"
"Wingull","","70"
"Wingull","","84"
"Wingull","","81"
"Wingull","","80"
"Wingull","","37"
"Wingull","","111"
"Wingull","","158"
"Wingull","","203"
"Wingull","","38"
"Wingull","","41"
"Wingull","","18"
"Winona","","96"
"Winona","","108"
"Wishful Baton","","128"
"Wishful Baton","","121"
"Wishiwashi","","44"
"Wishiwashi","","62"
"Wishiwashi","","240"
"Wishiwashi","","37"
"Wishiwashi","","31"
"Wishiwashi","","50"
"Wishiwashi","","46"
"Wishiwashi-GX","","63"
"Wishiwashi-GX","","38"
"Wishiwashi-GX","","133"
"Wishiwashi-GX","","151"
"Wo-Chien","","18"
"Wo-Chien","","15"
"Wo-Chien ex","","27"
"Wo-Chien ex","","232"
"Wo-Chien ex","","257"
"Wo-Chien ex","","240"
"Wobbuffet","","58"
"Wobbuffet","","41"
"Wobbuffet","","45"
"Wobbuffet","","28"
"Wobbuffet","","56"
"Wobbuffet","","24"
"Wobbuffet","","26"
"Wobbuffet","","RC11"
"Wobbuffet","","13"
"Wobbuffet","","HGSS04"
"Wobbuffet","","16"
"Wobbuffet","","35"
"Wobbuffet","","49"
"Wobbuffet","","93"
"Wobbuffet","","66"
"Wobbuffet","","36"
"Wobbuffet","","67"
"Wobbuffet BREAK","","XY155"
"Wobbuffet V","","86"
"Wobbuffet V","","191"
"Wonder Energy","","144"
"Wondrous Labyrinth ◇","","158"
"Wondrous Patch","","94"
"Woobat","","50"
"Woobat","","64"
"Woobat","","36"
"Woobat","","70"
"Woobat","","7"
"Woobat","","119"
"Woobat","","87"
"Woobat","","32"
"Woobat","","73"
"Woobat","","68"
"Woobat","","71"
"Wooloo","","124"
"Wooloo","","152"
"Wooloo","","153"
"Wooloo","","121"
"Wooloo","","SV103"
"Wooloo","","221"
"Wooloo","","222"
"Wooloo","","SWSH011"
"Wooper","","21"
"Wooper","","118"
"Wooper","","66"
"Wooper","","117"
"Wooper","","79"
"Wooper","","81"
"Wooper","","88"
"Wooper","","82"
"Wooper","","71"
"Wooper","","96"
"Wooper","","25"
"Wooper","","SV9"
"Wooper","","155"
"Wooper","","83"
"Wooper","","38"
"Wooper δ","","71"
"Worker","","167"
"Worker","","195"
"Worker","","209"
"Wormadam","","10"
"Wormadam","","77"
"Wormadam","","98"
"Wormadam","","3"
"Wormadam","","44"
"Wormadam","","59"
"Wormadam Plant Cloak","","41"
"Wormadam Plant Cloak","","49"
"Wormadam Sandy Cloak","","42"
"Wormadam Sandy Cloak","","50"
"Wormadam Sandy Cloak","","10"
"Wormadam Trash Cloak","","43"
"Wormadam Trash Cloak","","51"
"Wugtrio","","57"
"Wugtrio","","59"
"Wugtrio","","53"
"Wugtrio","","122"
"Wugtrio","","224"
"Wugtrio ex","","60"
"Wugtrio ex","","190"
"Wurmple","","6"
"Wurmple","","104"
"Wurmple","","78"
"Wurmple","","70"
"Wurmple","","81"
"Wurmple","","82"
"Wurmple","","11"
"Wurmple","","103"
"Wurmple","","23"
"Wurmple","","24"
"Wurmple","","3"
"Wynaut","","42"
"Wynaut","","71"
"Wynaut","","70"
"Wynaut","","54"
"Wynaut","","77"
"Wyndon Stadium","","161"
"Wyrdeer","","69"
"Wyrdeer","","TG06"
"Wyrdeer","","SWSH206"
"Wyrdeer V","","134"
"Wyrdeer V","","180"
"Xatu","","56"
"Xatu","","44"
"Xatu","","35"
"Xatu","","H32"
"Xatu","","49"
"Xatu","","55"
"Xatu","","29"
"Xatu","","11"
"Xatu","","52"
"Xatu","","33"
"Xatu","","79"
"Xatu","","88"
"Xatu","","72"
"Xatu","","26"
"Xatu","","152"
"Xatu","","59"
"Xatu","","77"
"Xatu δ","","25"
"Xerneas","","12"
"Xerneas","","64"
"Xerneas","","73"
"Xerneas","","88"
"Xerneas","","78"
"Xerneas","","96"
"Xerneas","","81"
"Xerneas","","107"
"Xerneas","","XY05"
"Xerneas","","XY31"
"Xerneas ◇","","144"
"Xerneas BREAK","","82"
"Xerneas-EX","","97"
"Xerneas-EX","","146"
"Xerneas-EX","","XY07"
"Xerneas-EX","","XY149"
"Xerneas-GX","","90"
"Xerneas-GX","","126"
"Xerneas-GX","","139"
"Xerosic","","110"
"Xerosic","","119"
"Xerosic's Machinations","","64"
"Xerosic's Machinations","","89"
"Xtransceiver","","96"
"Xurkitree","","70"
"Xurkitree","","39"
"Xurkitree","","SV14"
"Xurkitree","","SM116"
"Xurkitree-GX","","142"
"Xurkitree-GX","","160"
"Xurkitree-GX","","SV58"
"Xurkitree-GX","","SM68"
"Yamask","","44"
"Yamask","","45"
"Yamask","","51"
"Yamask","","54"
"Yamask","","55"
"Yamask","","39"
"Yamask","","122"
"Yamask","","99"
"Yamask","","75"
"Yamask","","62"
"Yamask","","82"
"Yamper","","30"
"Yamper","","99"
"Yamper","","58"
"Yamper","","73"
"Yamper","","74"
"Yamper","","SV039"
"Yamper","","52"
"Yanma","","4"
"Yanma","","128"
"Yanma","","116"
"Yanma","","50"
"Yanma","","28"
"Yanma","","84"
"Yanma","","17"
"Yanma","","36"
"Yanma","","88"
"Yanma","","SH9"
"Yanma","","2"
"Yanma","","183"
"Yanma","","6"
"Yanma","","8"
"Yanma","","1"
"Yanma","","3"
"Yanmega","","5"
"Yanmega","","17"
"Yanmega","","54"
"Yanmega","","98"
"Yanmega","","14"
"Yanmega","","3"
"Yanmega","","7"
"Yanmega","","9"
"Yanmega","","2"
"Yanmega","","4"
"Yanmega","","XY144"
"Yanmega BREAK","","8"
"Yanmega E4","","37"
"Yanmega ex","","3"
"Yanmega ex","","206"
"Yanmega ex","","228"
"Yell Horn","","173"
"Youngster","","198"
"Yungoos","","12"
"Yungoos","","109"
"Yungoos","","180"
"Yungoos","","112"
"Yungoos","","176"
"Yungoos","","117"
"Yveltal","","19"
"Yveltal","","RC16"
"Yveltal","","88"
"Yveltal","","139"
"Yveltal","","54"
"Yveltal","","95"
"Yveltal","","118"
"Yveltal","","205"
"Yveltal","","35"
"Yveltal","","46"
"Yveltal","","175"
"Yveltal","","78"
"Yveltal","","65"
"Yveltal","","94"
"Yveltal","","XY06"
"Yveltal","","XY32"
"Yveltal BREAK","","66"
"Yveltal-EX","","79"
"Yveltal-EX","","144"
"Yveltal-EX","","XY08"
"Yveltal-EX","","XY150"
"Yveltal-EX","","XY150a"
"Yveltal-GX","","79"
"Yveltal-GX","","124"
"Yveltal-GX","","137"
"Zacian","","45"
"Zacian","","100"
"Zacian","","136"
"Zacian","","94"
"Zacian","","139"
"Zacian","","82"
"Zacian","","SWSH033"
"Zacian LV.X","","SWSH135"
"Zacian V","","16"
"Zacian V","","138"
"Zacian V","","195"
"Zacian V","","211"
"Zacian V","","TG21"
"Zacian V","","95"
"Zacian V","","GG48"
"Zacian V","","SWSH018"
"Zacian V","","SWSH076"
"Zacian V","","SWSH292"
"Zacian V-UNION","","SWSH163"
"Zacian V-UNION","","SWSH164"
"Zacian V-UNION","","SWSH165"
"Zacian V-UNION","","SWSH166"
"Zacian VSTAR","","96"
"Zamazenta","","146"
"Zamazenta","","201"
"Zamazenta","","97"
"Zamazenta","","140"
"Zamazenta","","102"
"Zamazenta","","SWSH034"
"Zamazenta V","","18"
"Zamazenta V","","139"
"Zamazenta V","","196"
"Zamazenta V","","212"
"Zamazenta V","","TG22"
"Zamazenta V","","98"
"Zamazenta V","","GG54"
"Zamazenta V","","105"
"Zamazenta V","","163"
"Zamazenta V","","SWSH019"
"Zamazenta V","","SWSH077"
"Zamazenta V","","SWSH293"
"Zamazenta VSTAR","","99"
"Zangoose","","39"
"Zangoose","","59"
"Zangoose","","34"
"Zangoose","","25"
"Zangoose","","14"
"Zangoose","","21"
"Zangoose","","66"
"Zangoose","","173"
"Zangoose","","132"
"Zangoose","","146"
"Zangoose","","147"
"Zangoose","","149"
"Zangoose","","120"
"Zangoose ex","","167"
"Zangoose δ","","15"
"Zapdos","","16"
"Zapdos","","15"
"Zapdos","","30"
"Zapdos","","20"
"Zapdos","","19"
"Zapdos","","23"
"Zapdos","","46"
"Zapdos","","41"
"Zapdos","","14"
"Zapdos","","44"
"Zapdos","","H32"
"Zapdos","","29"
"Zapdos","","48"
"Zapdos","","150"
"Zapdos","","8"
"Zapdos","","24"
"Zapdos","","40"
"Zapdos","","SM145"
"Zapdos","","SM159"
"Zapdos","","65"
"Zapdos","","157"
"Zapdos","","42"
"Zapdos ex","","116"
"Zapdos ex","","33"
"Zapdos ex","","145"
"Zapdos ex","","192"
"Zapdos ex","","202"
"Zapdos ex","","49"
"Zapdos G","","12"
"Zapdos-EX","","48"
"Zarude","","11"
"Zarude","","16"
"Zarude","","19"
"Zarude","","27"
"Zarude V","","22"
"Zarude V","","167"
"Zarude V","","16"
"Zebstrika","","42"
"Zebstrika","","43"
"Zebstrika","","36"
"Zebstrika","","48"
"Zebstrika","","57"
"Zebstrika","","32"
"Zebstrika","","115"
"Zebstrika","","82"
"Zebstrika","","45"
"Zebstrika","","63"
"Zebstrika","","54"
"Zebstrika","","51"
"Zebstrika","","49"
"Zekrom","","47"
"Zekrom","","114"
"Zekrom","","51"
"Zekrom","","115"
"Zekrom","","50"
"Zekrom","","39"
"Zekrom","","BW005"
"Zekrom","","BW24"
"Zekrom","","10"
"Zekrom","","35"
"Zekrom","","46"
"Zekrom","","66"
"Zekrom","","60"
"Zekrom","","TG05"
"Zekrom","","64"
"Zekrom","","XY76"
"Zekrom ex","","34"
"Zekrom ex","","158"
"Zekrom ex","","166"
"Zekrom ex","","172"
"Zekrom-EX","","52"
"Zekrom-EX","","51"
"Zekrom-EX","","97"
"Zekrom-EX","","BW38"
"Zekrom-GX","","SM138"
"Zeraora","","60"
"Zeraora","","52"
"Zeraora","","78"
"Zeraora","","57"
"Zeraora","","55"
"Zeraora","","151"
"Zeraora","","56"
"Zeraora","","61"
"Zeraora","","102"
"Zeraora V","","53"
"Zeraora V","","TG16"
"Zeraora V","","165"
"Zeraora V","","166"
"Zeraora V","","SWSH263"
"Zeraora VMAX","","54"
"Zeraora VMAX","","GG42"
"Zeraora VMAX","","SWSH264"
"Zeraora VSTAR","","55"
"Zeraora VSTAR","","GG43"
"Zeraora VSTAR","","SWSH265"
"Zeraora-GX","","86"
"Zeraora-GX","","201"
"Zeraora-GX","","221"
"Zigzagoon","","96"
"Zigzagoon","","79"
"Zigzagoon","","85"
"Zigzagoon","","74"
"Zigzagoon","","11"
"Zigzagoon","","81"
"Zigzagoon","","167"
"Zigzagoon","","7"
"Zigzagoon","","111"
"Zinnia","","64"
"Zinnia","","70"
"Zinnia's Resolve","","164"
"Zinnia's Resolve","","203"
"Zinnia's Resolve","","225"
"Zisu","","159"
"Zisu","","189"
"Zisu","","207"
"Zoroark","","71"
"Zoroark","","90"
"Zoroark","","67"
"Zoroark","","102"
"Zoroark","","BW09"
"Zoroark","","BW19"
"Zoroark","","62"
"Zoroark","","143"
"Zoroark","","91"
"Zoroark","","SM89"
"Zoroark","","32"
"Zoroark","","103"
"Zoroark","","171"
"Zoroark","","73"
"Zoroark BREAK","","92"
"Zoroark-GX","","53"
"Zoroark-GX","","77"
"Zoroark-GX","","77a"
"Zoroark-GX","","SM84"
"Zorua","","70"
"Zorua","","89"
"Zorua","","66"
"Zorua","","69"
"Zorua","","BW12"
"Zorua","","9"
"Zorua","","61"
"Zorua","","142"
"Zorua","","52"
"Zorua","","90"
"Zorua","","SV25"
"Zorua","","SM83"
"Zorua","","31"
"Zorua","","75"
"Zorua","","102"
"Zorua","","170"
"Zorua","","72"
"Zubat","","57"
"Zubat","","70"
"Zubat","","52"
"Zubat","","53"
"Zubat","","108"
"Zubat","","117"
"Zubat","","118"
"Zubat","","88"
"Zubat","","83"
"Zubat","","82"
"Zubat","","30"
"Zubat","","59"
"Zubat","","133"
"Zubat","","54"
"Zubat","","64"
"Zubat","","41"
"Zubat","","110"
"Zubat","","27"
"Zubat","","103"
"Zubat","","89"
"Zubat","","31"
"Zweilous","","98"
"Zweilous","","78"
"Zweilous","","95"
"Zweilous","","96"
"Zweilous","","77"
"Zweilous","","66"
"Zweilous","","147"
"Zweilous","","61"
"Zweilous","","139"
"Zweilous","","118"
"Zweilous","","109"
"Zweilous","","114"
"Zweilous","","85"
"Zweilous","","73"
"Zygarde","","124"
"Zygarde","","100"
"Zygarde","","71"
"Zygarde","","72"
"Zygarde","","49"
"Zygarde","","SM15"
"Zygarde","","SM48"
"Zygarde","","134"
"Zygarde","","28"
"Zygarde","","93"
"Zygarde","","118"
"Zygarde","","52"
"Zygarde","","53"
"Zygarde","","XY129"
"Zygarde","","XY152"
"Zygarde-EX","","54"
"Zygarde-EX","","54a"
"Zygarde-EX","","XY151"
"Zygarde-GX","","73"
"Zygarde-GX","","123"
"Zygarde-GX","","136"
"Zygarde-GX","","SV65"
"Zygarde-GX","","SM122"
"δ Rainbow Energy","","98"
"δ Rainbow Energy","","88"
"δ Rainbow Energy","","9"
"ナッシー[Exeggutor]","","109"